ReportNumber,VehicleCrashKey,DriverAtFault,DriverInjurySeverity,DriverSubstanceAbuse,DriverDistractedBy,VehicleType,VehicleMovement,VehicleGoingDir,VehicleDamageExtent,SpeedLimit,ParkedVehicle,SubstanceAbuseContributed,VehiclesCrashedTotal,VehicleKey,LocalCaseNumber,AgencyName,ACRSReportType,HitRun,LaneDirection,LaneNumber,NumberOfLanes,RoadGrade,NonTraffic,OffRoadIncident,AccidentAtFault,CollisionType,SurfaceCondition,Light,TrafficControl,Junction,IntersectionType,RoadAlignment,RoadCondition,RoadDivision,Latitude,Longitude,RoadKey,CrossStreetKey,NonMotoristTotal,NonMotoristInjury,NonMotoristFatal,DateHourKey,LocationAreaKey
MCP271700YC,47C6F5C058ED4F308AAFC35DDA66E0DF,True,NO APPARENT INJURY,UNKNOWN,OTHER DISTRACTION,PASSENGER,UNKNOWN,West,DISABLING,35,False,False,2,1520489513761798,230069574,Montgomery County Police,Injury ,False,West,1,3,LEVEL,False,False,DRIVER,OTHER,WET,DARK LIGHTS ON,TRAFFIC SIGNAL,INTERSECTION,FOUR-WAY INTERSECTION,STRAIGHT,NO DEFECTS,"TWO-WAY, DIVIDED, POSITIVE MEDIAN BARRIER",39.10178833,-77.134855,5022807666112091,3794604873353206,0,0,0,2023120301,7718114539090864
MCP271700YC,1FBC3C39882D4393B5A28C142341A84D,True,NO APPARENT INJURY,UNKNOWN,OTHER DISTRACTION,PASSENGER,UNKNOWN,West,DISABLING,35,False,False,2,1557048880349457,230069574,Montgomery County Police,Injury ,False,West,1,3,LEVEL,False,False,DRIVER,OTHER,WET,DARK LIGHTS ON,TRAFFIC SIGNAL,INTERSECTION,FOUR-WAY INTERSECTION,STRAIGHT,NO DEFECTS,"TWO-WAY, DIVIDED, POSITIVE MEDIAN BARRIER",39.10178833,-77.134855,5022807666112091,3794604873353206,0,0,0,2023120301,7718114539090864
MCP3257006Q,34D68338F6D8492E8F636B8E0FB22D8E,False,NO APPARENT INJURY,NONE,NOT DISTRACTED,PASSENGER,STOPPED IN TRAFFIC LANE,North,FUNCTIONAL,25,False,False,2,3611014097235540,230069579,Montgomery County Police,Property Damage ,False,North,1,2,LEVEL,False,False,DRIVER,SAME DIR REAR END,WET,DARK LIGHTS ON,NO CONTROLS,NON INTERSECTION,UNKNOWN,STRAIGHT,NO DEFECTS,"TWO-WAY, DIVIDED, POSITIVE MEDIAN BARRIER",38.97836333,-77.09468833,8659486064429145,851010765449071,0,0,0,2023120302,7707842038983818
MCP3257006Q,A799BF637DBF4F78899F0F3DDFD7E054,True,NO APPARENT INJURY,NONE,LOOKED BUT DID NOT SEE,PASSENGER,MOVING CONSTANT SPEED,North,DISABLING,25,False,False,2,8243785626679992,230069579,Montgomery County Police,Property Damage ,False,North,1,2,LEVEL,False,False,DRIVER,SAME DIR REAR END,WET,DARK LIGHTS ON,NO CONTROLS,NON INTERSECTION,UNKNOWN,STRAIGHT,NO DEFECTS,"TWO-WAY, DIVIDED, POSITIVE MEDIAN BARRIER",38.97836333,-77.09468833,8659486064429145,851010765449071,0,0,0,2023120302,7707842038983818
MCP289100CS,4039C9A1CD264A9DA2049BE1BE18A2D6,False,SUSPECTED MINOR INJURY,NONE,NOT DISTRACTED,PASSENGER,MOVING CONSTANT SPEED,West,DISABLING,55,False,False,1,9324840500443100,230069583,Montgomery County Police,Injury ,False,West,2,4,LEVEL,False,False,UNKNOWN,SINGLE VEHICLE,WET,DARK -- UNKNOWN LIGHTING,UNKNOWN,UNKNOWN,UNKNOWN,STRAIGHT,UNKNOWN,"TWO-WAY, DIVIDED, POSITIVE MEDIAN BARRIER",39.01354,-77.04009833,2262757322158515,3227004170608335,0,0,0,2023120307,7703596439001907
MCP2203007Q,20B2410E1FCD4FED9C97267F9883672B,True,NO APPARENT INJURY,NONE,NOT DISTRACTED,PASSENGER,SLOWING OR STOPPING,North,DISABLING,35,False,False,1,4981241876755938,230069585,Montgomery County Police,Injury ,False,North,1,1,LEVEL,False,False,DRIVER,SINGLE VEHICLE,WET,DAYLIGHT,STOP SIGN,INTERSECTION RELATED,T-INTERSECTION,STRAIGHT,NO DEFECTS,"TWO-WAY, NOT DIVIDED",39.0414135,-77.08862967,1431569093396660,4927304157403467,0,0,0,2023120308,7705486039088590
DD56640016,0A984D9D60A0406DABB086268FC87A48,True,NO APPARENT INJURY,NONE,NOT DISTRACTED,PASSENGER,PARKING,UNKNOWN,DISABLING,15,False,False,1,4834438196530662,230069590,Rockville Police Departme,Property Damage ,False,UNKNOWN,0,0,DIP SAG,False,False,DRIVER,OTHER,WET,DAYLIGHT,UNKNOWN,UNKNOWN,UNKNOWN,STRAIGHT,UNKNOWN,OTHER,39.06254276,-77.13156614,5535566568868664,8095899208342463,0,0,0,2023120309,7712482939051552
MCP2756005G,1EB562418E2F44CFB84111EC10D52465,True,SUSPECTED SERIOUS INJURY,NONE,LOOKED BUT DID NOT SEE,PASSENGER,CHANGING LANES,North,DESTROYED,35,False,False,2,8865406089054714,230069593,Montgomery County Police,Injury ,False,North,3,3,LEVEL,False,False,DRIVER,SAME DIRECTION SIDESWIPE,WET,DAYLIGHT,NO CONTROLS,NON INTERSECTION,UNKNOWN,STRAIGHT,NO DEFECTS,"TWO-WAY, DIVIDED, POSITIVE MEDIAN BARRIER",39.11022667,-77.07568167,8554262040045692,418179445979580,0,0,0,2023120310,7709494939102237
MCP2756005G,60C9D6DC373B485E8194803A091FCE69,True,NO APPARENT INJURY,NONE,LOOKED BUT DID NOT SEE,PASSENGER,CHANGING LANES,North,FUNCTIONAL,35,False,False,2,1691124076843311,230069593,Montgomery County Police,Injury ,False,North,3,3,LEVEL,False,False,DRIVER,SAME DIRECTION SIDESWIPE,WET,DAYLIGHT,NO CONTROLS,NON INTERSECTION,UNKNOWN,STRAIGHT,NO DEFECTS,"TWO-WAY, DIVIDED, POSITIVE MEDIAN BARRIER",39.11022667,-77.07568167,8554262040045692,418179445979580,0,0,0,2023120310,7709494939102237
EJ7837007H,FA5FD511BA174D428F1ACED62D2BAD80,False,NO APPARENT INJURY,UNKNOWN,NOT DISTRACTED,PASSENGER,SLOWING OR STOPPING,North,SUPERFICIAL,25,False,False,2,3777471145525457,230069603,Gaithersburg Police Depar,Property Damage ,True,North,2,2,LEVEL,False,False,DRIVER,SAME DIR REAR END,DRY,DAYLIGHT,NO CONTROLS,NON INTERSECTION,UNKNOWN,STRAIGHT,NO DEFECTS,"TWO-WAY, DIVIDED, POSITIVE MEDIAN BARRIER",39.15006173,-77.17603742,586278302577614,990190117193961,0,0,0,2023120310,7718751639140820
EJ7837007H,6BC551622327467B9BCACF2C54685633,True,NO APPARENT INJURY,UNKNOWN,NOT DISTRACTED,PASSENGER,SLOWING OR STOPPING,North,FUNCTIONAL,25,False,False,2,9786043333442169,230069603,Gaithersburg Police Depar,Property Damage ,True,North,2,2,LEVEL,False,False,DRIVER,SAME DIR REAR END,DRY,DAYLIGHT,NO CONTROLS,NON INTERSECTION,UNKNOWN,STRAIGHT,NO DEFECTS,"TWO-WAY, DIVIDED, POSITIVE MEDIAN BARRIER",39.15006173,-77.17603742,586278302577614,990190117193961,0,0,0,2023120310,7718751639140820
MCP24560083,2AB2B5D5C359422A9E0F688674838ACA,False,NO APPARENT INJURY,NONE,NOT DISTRACTED,PASSENGER,MOVING CONSTANT SPEED,West,DISABLING,60,False,False,4,2128459714197245,230069601,Montgomery County Police,Property Damage ,False,West,3,4,LEVEL,False,False,DRIVER,STRAIGHT MOVEMENT ANGLE,WET,DAYLIGHT,NO CONTROLS,INTERCHANGE RELATED,OTHER,STRAIGHT,NO DEFECTS,"TWO-WAY, DIVIDED, POSITIVE MEDIAN BARRIER",39.01560748,-77.0014727,2262757322158515,7924957553229177,0,0,0,2023120311,7700923739021308
MCP24560083,4EE58D9E20FC40BCA112656354CB7307,True,NO APPARENT INJURY,NONE,UNKNOWN,PASSENGER,SKIDDING,West,DISABLING,60,False,False,4,5785042049362643,230069601,Montgomery County Police,Property Damage ,False,West,3,4,LEVEL,False,False,DRIVER,STRAIGHT MOVEMENT ANGLE,WET,DAYLIGHT,NO CONTROLS,INTERCHANGE RELATED,OTHER,STRAIGHT,NO DEFECTS,"TWO-WAY, DIVIDED, POSITIVE MEDIAN BARRIER",39.01560748,-77.0014727,2262757322158515,7924957553229177,0,0,0,2023120311,7700923739021308
MCP24560083,8EC704BC8C78493F985D7EC9748A23AE,False,NO APPARENT INJURY,NONE,NOT DISTRACTED,PASSENGER,MOVING CONSTANT SPEED,West,DISABLING,60,False,False,4,2171023479509111,230069601,Montgomery County Police,Property Damage ,False,West,3,4,LEVEL,False,False,DRIVER,STRAIGHT MOVEMENT ANGLE,WET,DAYLIGHT,NO CONTROLS,INTERCHANGE RELATED,OTHER,STRAIGHT,NO DEFECTS,"TWO-WAY, DIVIDED, POSITIVE MEDIAN BARRIER",39.01560748,-77.0014727,2262757322158515,7924957553229177,0,0,0,2023120311,7700923739021308
MCP24560083,94234CC91A8540C9AD935442FB03A69E,False,NO APPARENT INJURY,NONE,NOT DISTRACTED,PASSENGER,MOVING CONSTANT SPEED,West,DISABLING,60,False,False,4,7379790505713931,230069601,Montgomery County Police,Property Damage ,False,West,3,4,LEVEL,False,False,DRIVER,STRAIGHT MOVEMENT ANGLE,WET,DAYLIGHT,NO CONTROLS,INTERCHANGE RELATED,OTHER,STRAIGHT,NO DEFECTS,"TWO-WAY, DIVIDED, POSITIVE MEDIAN BARRIER",39.01560748,-77.0014727,2262757322158515,7924957553229177,0,0,0,2023120311,7700923739021308
DD5665001V,C42BEA9DFF8144D786ECD9B1A8584F41,True,NO APPARENT INJURY,UNKNOWN,LOOKED BUT DID NOT SEE,UNKNOWN,BACKING,South,FUNCTIONAL,15,False,False,1,8168321465439775,230071038,Rockville Police Departme,Property Damage ,True,South,1,1,LEVEL,False,False,DRIVER,SINGLE VEHICLE,UNKNOWN,DARK LIGHTS ON,NO CONTROLS,NON INTERSECTION,UNKNOWN,UNKNOWN,NO DEFECTS,ONE-WAY TRAFFICWAY,39.08653,-77.1155253,5733696033883309,77986396610937,0,0,0,2023120311,7712156139078053
MCP31290087,93210F87734041EEBA8E8438B8ED2994,True,SUSPECTED MINOR INJURY,NONE,LOOKED BUT DID NOT SEE,PASSENGER,MAKING LEFT TURN,South,FUNCTIONAL,35,False,False,2,3233063173565461,230069631,Montgomery County Police,Injury ,False,West,3,3,HILL UPHILL,False,False,DRIVER,STRAIGHT MOVEMENT ANGLE,WET,DAYLIGHT,NO CONTROLS,INTERSECTION,FOUR-WAY INTERSECTION,STRAIGHT,NO DEFECTS,"TWO-WAY, DIVIDED, POSITIVE MEDIAN BARRIER",39.05823083,-77.071293,8073720238398338,2692036439823960,0,0,0,2023120314,7704240439043964
MCP31290087,5B830BB1144443149D13CCD95F654B35,False,NO APPARENT INJURY,NONE,LOOKED BUT DID NOT SEE,PASSENGER,MOVING CONSTANT SPEED,West,FUNCTIONAL,35,False,False,2,2815627300895328,230069631,Montgomery County Police,Injury ,False,West,3,3,HILL UPHILL,False,False,DRIVER,STRAIGHT MOVEMENT ANGLE,WET,DAYLIGHT,NO CONTROLS,INTERSECTION,FOUR-WAY INTERSECTION,STRAIGHT,NO DEFECTS,"TWO-WAY, DIVIDED, POSITIVE MEDIAN BARRIER",39.05823083,-77.071293,8073720238398338,2692036439823960,0,0,0,2023120314,7704240439043964
MCP3148005R,9F1E7885A5B7468C82445EEF69C33DEA,True,NO APPARENT INJURY,NONE,LOOKED BUT DID NOT SEE,BUS,STARTING FROM LANE,North,SUPERFICIAL,30,False,False,2,240722642832247,230069644,Montgomery County Police,Property Damage ,False,North,0,3,LEVEL,False,False,DRIVER,SAME DIRECTION SIDESWIPE,WET,DAYLIGHT,TRAFFIC SIGNAL,INTERSECTION,FOUR-WAY INTERSECTION,STRAIGHT,NO DEFECTS,"TWO-WAY, DIVIDED, POSITIVE MEDIAN BARRIER",38.961545,-77.08603333,7307765282026999,8655009953594281,0,0,0,2023120314,7707842038983818
MCP3148005R,7CF98B9CCB5941EEB13BBDDC58A7564B,False,NO APPARENT INJURY,NONE,NOT DISTRACTED,PASSENGER,STOPPED IN TRAFFIC LANE,South,SUPERFICIAL,30,False,False,2,7987893293421041,230069644,Montgomery County Police,Property Damage ,False,North,0,3,LEVEL,False,False,DRIVER,SAME DIRECTION SIDESWIPE,WET,DAYLIGHT,TRAFFIC SIGNAL,INTERSECTION,FOUR-WAY INTERSECTION,STRAIGHT,NO DEFECTS,"TWO-WAY, DIVIDED, POSITIVE MEDIAN BARRIER",38.961545,-77.08603333,7307765282026999,8655009953594281,0,0,0,2023120314,7707842038983818
MCP3022005M,CFE3E19CE1C44EB7ABACE802B883A784,True,NO APPARENT INJURY,UNKNOWN,UNKNOWN,PASSENGER,MOVING CONSTANT SPEED,North,DISABLING,40,False,False,2,3233063173565461,230069640,Montgomery County Police,Property Damage ,False,North,1,2,HILL UPHILL,False,False,DRIVER,SAME DIR REAR END,WET,DAYLIGHT,OTHER,INTERSECTION RELATED,OTHER,STRAIGHT,NO DEFECTS,"TWO-WAY, DIVIDED, POSITIVE MEDIAN BARRIER",39.19017283,-77.2415735,4972572914805173,1060531576609124,0,0,0,2023120315,7723271939208770
MCP3022005M,B85A623E4CC34DAFBADF26AC81E0916C,False,NO APPARENT INJURY,UNKNOWN,NOT DISTRACTED,PASSENGER,STOPPED IN TRAFFIC LANE,North,FUNCTIONAL,40,False,False,2,7668477389201604,230069640,Montgomery County Police,Property Damage ,False,North,1,2,HILL UPHILL,False,False,DRIVER,SAME DIR REAR END,WET,DAYLIGHT,OTHER,INTERSECTION RELATED,OTHER,STRAIGHT,NO DEFECTS,"TWO-WAY, DIVIDED, POSITIVE MEDIAN BARRIER",39.19017283,-77.2415735,4972572914805173,1060531576609124,0,0,0,2023120315,7723271939208770
MCP3245004T,A007D59E2CA44382A2BE39B693E01426,True,NO APPARENT INJURY,NONE,OTHER DISTRACTION,PASSENGER,MOVING CONSTANT SPEED,North,DISABLING,50,False,False,1,5082261773572766,230069642,Montgomery County Police,Property Damage ,False,North,2,2,LEVEL,False,False,DRIVER,SINGLE VEHICLE,WET,DAYLIGHT,NO CONTROLS,NON INTERSECTION,UNKNOWN,CURVE LEFT,NO DEFECTS,"TWO-WAY, DIVIDED, UNPROTECTED PAINTED MIN 4 FEET",39.16345833,-77.14858333,6928194521054704,7048910759543253,0,0,0,2023120315,7716365739170519
DD56510043,F237E51096F845FB9B6B9A006F3579F8,True,NO APPARENT INJURY,NONE,NOT DISTRACTED,PASSENGER,SKIDDING,East,DESTROYED,45,False,False,1,6014770629431343,230069646,Rockville Police Departme,Property Damage ,False,East,2,3,LEVEL,False,False,DRIVER,SINGLE VEHICLE,WET,DAYLIGHT,NO CONTROLS,UNKNOWN,UNKNOWN,CURVE LEFT,NO DEFECTS,"TWO-WAY, DIVIDED, POSITIVE MEDIAN BARRIER",39.09393269,-77.18383924,9077163038200495,28596908957711,0,0,0,2023120316,7718114539090864
MCP91480006,425149A980BE45418854EDC82EE0C51D,False,NO APPARENT INJURY,NONE,NOT DISTRACTED,PASSENGER,SLOWING OR STOPPING,North,FUNCTIONAL,30,False,False,3,8252165415221276,230069650,Montgomery County Police,Property Damage ,False,North,1,3,HILL UPHILL,False,False,DRIVER,SAME DIR REAR END,WET,DAYLIGHT,NO CONTROLS,NON INTERSECTION,UNKNOWN,STRAIGHT,NO DEFECTS,"TWO-WAY, DIVIDED, POSITIVE MEDIAN BARRIER",39.01828933,-77.07792867,1627793738140795,9534183081985644,0,0,0,2023120316,7707527239025656
MCP91480006,D87A3BB6539749FBA4BF7FAB56ABA1F8,True,NO APPARENT INJURY,NONE,LOOKED BUT DID NOT SEE,PASSENGER,SLOWING OR STOPPING,North,DISABLING,30,False,False,3,7942766329898923,230069650,Montgomery County Police,Property Damage ,False,North,1,3,HILL UPHILL,False,False,DRIVER,SAME DIR REAR END,WET,DAYLIGHT,NO CONTROLS,NON INTERSECTION,UNKNOWN,STRAIGHT,NO DEFECTS,"TWO-WAY, DIVIDED, POSITIVE MEDIAN BARRIER",39.01828933,-77.07792867,1627793738140795,9534183081985644,0,0,0,2023120316,7707527239025656
MCP91480006,7349D8FABD844887BCF6D0DD3D144CCF,False,NO APPARENT INJURY,UNKNOWN,NOT DISTRACTED,PASSENGER,SLOWING OR STOPPING,North,FUNCTIONAL,30,False,False,3,9995581679536384,230069650,Montgomery County Police,Property Damage ,False,North,1,3,HILL UPHILL,False,False,DRIVER,SAME DIR REAR END,WET,DAYLIGHT,NO CONTROLS,NON INTERSECTION,UNKNOWN,STRAIGHT,NO DEFECTS,"TWO-WAY, DIVIDED, POSITIVE MEDIAN BARRIER",39.01828933,-77.07792867,1627793738140795,9534183081985644,0,0,0,2023120316,7707527239025656
MCP3352001C,C78259FB060F488EA65DD3DCA79173F0,False,NO APPARENT INJURY,NONE,NOT DISTRACTED,PASSENGER,MOVING CONSTANT SPEED,West,FUNCTIONAL,35,False,False,2,4962802239858634,230069660,Montgomery County Police,Property Damage ,False,West,1,1,HILL UPHILL,False,False,DRIVER,SAME DIR REAR END,WET,DARK LIGHTS ON,NO CONTROLS,NON INTERSECTION,UNKNOWN,STRAIGHT,NO DEFECTS,"TWO-WAY, NOT DIVIDED",39.149425,-77.24189333,278210474574513,2679960287167179,0,0,0,2023120317,7724972439113159
MCP3352001C,FA82BB84A7FC467B9ADECBB86EDE4A35,True,NO APPARENT INJURY,NONE,INATTENTIVE OR LOST IN THOUGHT,PASSENGER,SLOWING OR STOPPING,West,DISABLING,35,False,False,2,7318984751414214,230069660,Montgomery County Police,Property Damage ,False,West,1,1,HILL UPHILL,False,False,DRIVER,SAME DIR REAR END,WET,DARK LIGHTS ON,NO CONTROLS,NON INTERSECTION,UNKNOWN,STRAIGHT,NO DEFECTS,"TWO-WAY, NOT DIVIDED",39.149425,-77.24189333,278210474574513,2679960287167179,0,0,0,2023120317,7724972439113159
MCP2159001J,CDD381C604864E95917FE8B55F68D3BC,True,NO APPARENT INJURY,NONE,OTHER ELECTRONIC DEVICE (NAVIGATIONAL PALM PILOT),PASSENGER,SLOWING OR STOPPING,South,FUNCTIONAL,40,False,False,2,869295622334414,230069664,Montgomery County Police,Injury ,False,South,2,2,LEVEL,False,False,DRIVER,SAME DIR REAR END,WET,DARK NO LIGHTS,TRAFFIC SIGNAL,INTERSECTION RELATED,T-INTERSECTION,STRAIGHT,NO DEFECTS,"TWO-WAY, DIVIDED, POSITIVE MEDIAN BARRIER",39.1836865,-77.25610883,3202275317843380,8760747166704389,0,0,0,2023120318,7729807639132189
MCP2159001J,E27B246677804FE8A073789495558C07,False,POSSIBLE INJURY,NONE,NOT DISTRACTED,PASSENGER,MOVING CONSTANT SPEED,South,FUNCTIONAL,40,False,False,2,840047580126723,230069664,Montgomery County Police,Injury ,False,South,2,2,LEVEL,False,False,DRIVER,SAME DIR REAR END,WET,DARK NO LIGHTS,TRAFFIC SIGNAL,INTERSECTION RELATED,T-INTERSECTION,STRAIGHT,NO DEFECTS,"TWO-WAY, DIVIDED, POSITIVE MEDIAN BARRIER",39.1836865,-77.25610883,3202275317843380,8760747166704389,0,0,0,2023120318,7729807639132189
MCP2291007B,406F4728C9A54B46A620CA0FA4868640,False,NO APPARENT INJURY,NONE,NOT DISTRACTED,PASSENGER,MOVING CONSTANT SPEED,West,DISABLING,35,False,False,2,7871367620570760,230069673,Montgomery County Police,Injury ,False,West,2,3,LEVEL,False,False,DRIVER,STRAIGHT MOVEMENT ANGLE,DRY,DARK NO LIGHTS,TRAFFIC SIGNAL,INTERSECTION,FOUR-WAY INTERSECTION,STRAIGHT,NO DEFECTS,"TWO-WAY, DIVIDED, POSITIVE MEDIAN BARRIER",38.9927365,-77.161812,1363718650800826,776419263324954,0,0,0,2023120318,7715220038996189
MCP2291007B,88366A6379CB444CA11A6FADE5FD14FE,True,POSSIBLE INJURY,NONE,NOT DISTRACTED,PASSENGER,MAKING LEFT TURN,East,DISABLING,35,False,False,2,3097115212987824,230069673,Montgomery County Police,Injury ,False,West,2,3,LEVEL,False,False,DRIVER,STRAIGHT MOVEMENT ANGLE,DRY,DARK NO LIGHTS,TRAFFIC SIGNAL,INTERSECTION,FOUR-WAY INTERSECTION,STRAIGHT,NO DEFECTS,"TWO-WAY, DIVIDED, POSITIVE MEDIAN BARRIER",38.9927365,-77.161812,1363718650800826,776419263324954,0,0,0,2023120318,7715220038996189
MCP3163006C,3F6D0CEFBE6540F2AEF4F081EDAA4B86,False,NO APPARENT INJURY,UNKNOWN,NOT DISTRACTED,PASSENGER,SLOWING OR STOPPING,South,FUNCTIONAL,35,False,False,3,7364392823565693,230069672,Montgomery County Police,Property Damage ,False,South,2,3,LEVEL,False,False,DRIVER,SAME DIR REAR END,WET,DARK LIGHTS ON,TRAFFIC SIGNAL,INTERSECTION,FOUR-WAY INTERSECTION,STRAIGHT,UNKNOWN,"TWO-WAY, DIVIDED, POSITIVE MEDIAN BARRIER",39.024664,-77.10325217,5925405510732472,5080022737134299,0,0,0,2023120318,7712482939051552
MCP3163006C,53474A40DBAF43EEACB1DCB4AFBFDB05,False,NO APPARENT INJURY,UNKNOWN,NOT DISTRACTED,PASSENGER,SLOWING OR STOPPING,South,DISABLING,35,False,False,3,2134147885411607,230069672,Montgomery County Police,Property Damage ,False,South,2,3,LEVEL,False,False,DRIVER,SAME DIR REAR END,WET,DARK LIGHTS ON,TRAFFIC SIGNAL,INTERSECTION,FOUR-WAY INTERSECTION,STRAIGHT,UNKNOWN,"TWO-WAY, DIVIDED, POSITIVE MEDIAN BARRIER",39.024664,-77.10325217,5925405510732472,5080022737134299,0,0,0,2023120318,7712482939051552
MCP3163006C,3B97B8A7A10F4508A31441CA1BDF9317,True,NO APPARENT INJURY,UNKNOWN,LOOKED BUT DID NOT SEE,PASSENGER,ACCELERATING,South,DISABLING,35,False,False,3,9956296866319522,230069672,Montgomery County Police,Property Damage ,False,South,2,3,LEVEL,False,False,DRIVER,SAME DIR REAR END,WET,DARK LIGHTS ON,TRAFFIC SIGNAL,INTERSECTION,FOUR-WAY INTERSECTION,STRAIGHT,UNKNOWN,"TWO-WAY, DIVIDED, POSITIVE MEDIAN BARRIER",39.024664,-77.10325217,5925405510732472,5080022737134299,0,0,0,2023120318,7712482939051552
MCP2674004L,6668837E095C4B18A103B48441F47F5E,False,NO APPARENT INJURY,NONE,NOT DISTRACTED,PASSENGER,MOVING CONSTANT SPEED,South,DISABLING,40,False,False,2,751452855482432,230069674,Montgomery County Police,Property Damage ,False,South,1,3,LEVEL,False,False,UNKNOWN,HEAD ON LEFT TURN,WET,DARK NO LIGHTS,TRAFFIC SIGNAL,INTERSECTION,FOUR-WAY INTERSECTION,STRAIGHT,UNKNOWN,"TWO-WAY, DIVIDED, POSITIVE MEDIAN BARRIER",39.198321,-77.24498583,4972572914805173,697993049681148,0,0,0,2023120319,7723271939208770
MCP2674004L,6A4199B2EBB947F39110096C1BEF3436,False,NO APPARENT INJURY,NONE,NOT DISTRACTED,PASSENGER,MAKING LEFT TURN,North,DISABLING,40,False,False,2,7004010053981027,230069674,Montgomery County Police,Property Damage ,False,South,1,3,LEVEL,False,False,UNKNOWN,HEAD ON LEFT TURN,WET,DARK NO LIGHTS,TRAFFIC SIGNAL,INTERSECTION,FOUR-WAY INTERSECTION,STRAIGHT,UNKNOWN,"TWO-WAY, DIVIDED, POSITIVE MEDIAN BARRIER",39.198321,-77.24498583,4972572914805173,697993049681148,0,0,0,2023120319,7723271939208770
DM8494003L,C35356FB5CED48CBBEE77FF5D3EF5A5C,False,NO APPARENT INJURY,UNKNOWN,NOT DISTRACTED,PASSENGER,STOPPED IN TRAFFIC LANE,East,FUNCTIONAL,25,False,False,4,8963456883476220,230069675,Takoma Park Police Depart,Property Damage ,False,East,2,3,LEVEL,False,False,DRIVER,SAME DIR REAR END,WET,DARK LIGHTS ON,TRAFFIC SIGNAL,INTERSECTION RELATED,FOUR-WAY INTERSECTION,STRAIGHT,NO DEFECTS,"TWO-WAY, NOT DIVIDED",38.99021417,-76.99013983,5005946941929880,8859724431699981,0,0,0,2023120319,7700204038982546
DM8494003L,2E3C25B7EB274796A5A1411B34328B0B,True,NO APPARENT INJURY,UNKNOWN,UNKNOWN,PASSENGER,STARTING FROM PARKED,East,FUNCTIONAL,25,False,False,4,5592258896182192,230069675,Takoma Park Police Depart,Property Damage ,False,East,2,3,LEVEL,False,False,DRIVER,SAME DIR REAR END,WET,DARK LIGHTS ON,TRAFFIC SIGNAL,INTERSECTION RELATED,FOUR-WAY INTERSECTION,STRAIGHT,NO DEFECTS,"TWO-WAY, NOT DIVIDED",38.99021417,-76.99013983,5005946941929880,8859724431699981,0,0,0,2023120319,7700204038982546
DM8494003L,3000044B92BD4AF0A3CFEA9473D7E626,False,NO APPARENT INJURY,UNKNOWN,NOT DISTRACTED,PASSENGER,STOPPED IN TRAFFIC LANE,East,DISABLING,25,False,False,4,1032942915110160,230069675,Takoma Park Police Depart,Property Damage ,False,East,2,3,LEVEL,False,False,DRIVER,SAME DIR REAR END,WET,DARK LIGHTS ON,TRAFFIC SIGNAL,INTERSECTION RELATED,FOUR-WAY INTERSECTION,STRAIGHT,NO DEFECTS,"TWO-WAY, NOT DIVIDED",38.99021417,-76.99013983,5005946941929880,8859724431699981,0,0,0,2023120319,7700204038982546
DM8494003L,56D2454CF30941C286A0274940465C84,False,NO APPARENT INJURY,UNKNOWN,NOT DISTRACTED,PASSENGER,PARKED,UNKNOWN,FUNCTIONAL,5,True,False,4,1032942965443017,230069675,Takoma Park Police Depart,Property Damage ,False,East,2,3,LEVEL,False,False,DRIVER,SAME DIR REAR END,WET,DARK LIGHTS ON,TRAFFIC SIGNAL,INTERSECTION RELATED,FOUR-WAY INTERSECTION,STRAIGHT,NO DEFECTS,"TWO-WAY, NOT DIVIDED",38.99021417,-76.99013983,5005946941929880,8859724431699981,0,0,0,2023120319,7700204038982546
MCP219800F1,933DD80072634AC28AD339AD43D1B8AF,False,SUSPECTED MINOR INJURY,UNKNOWN,NOT DISTRACTED,PASSENGER,ACCELERATING,South,DESTROYED,40,False,False,2,8012572012375466,230069679,Montgomery County Police,Injury ,False,North,1,3,LEVEL,False,False,DRIVER,HEAD ON LEFT TURN,WET,DARK LIGHTS ON,TRAFFIC SIGNAL,INTERSECTION,FOUR-WAY INTERSECTION,STRAIGHT,NO DEFECTS,"TWO-WAY, DIVIDED, POSITIVE MEDIAN BARRIER",39.11751333,-77.18332333,1611524329361443,8337261265550886,0,0,0,2023120319,7718114539090864
MCP219800F1,196F887752E9485BBEFEEEDFE588E4D4,True,NO APPARENT INJURY,UNKNOWN,UNKNOWN,PASSENGER,MOVING CONSTANT SPEED,East,FUNCTIONAL,40,False,False,2,6326503024871312,230069679,Montgomery County Police,Injury ,False,North,1,3,LEVEL,False,False,DRIVER,HEAD ON LEFT TURN,WET,DARK LIGHTS ON,TRAFFIC SIGNAL,INTERSECTION,FOUR-WAY INTERSECTION,STRAIGHT,NO DEFECTS,"TWO-WAY, DIVIDED, POSITIVE MEDIAN BARRIER",39.11751333,-77.18332333,1611524329361443,8337261265550886,0,0,0,2023120319,7718114539090864