ReportNumber,VehicleCrashKey,DriverAtFault,DriverInjurySeverity,DriverSubstanceAbuse,DriverDistractedBy,VehicleType,VehicleMovement,VehicleGoingDir,VehicleDamageExtent,SpeedLimit,ParkedVehicle,SubstanceAbuseContributed,VehiclesCrashedTotal,VehicleKey,LocalCaseNumber,AgencyName,ACRSReportType,HitRun,LaneDirection,LaneNumber,NumberOfLanes,RoadGrade,NonTraffic,OffRoadIncident,AccidentAtFault,CollisionType,SurfaceCondition,Light,TrafficControl,Junction,IntersectionType,RoadAlignment,RoadCondition,RoadDivision,Latitude,Longitude,RoadKey,CrossStreetKey,NonMotoristTotal,NonMotoristInjury,NonMotoristFatal,DateHourKey,LocationAreaKey
MCP23450011,10F0C3AF65774400B4D9DB146C1FA56F,True,NO APPARENT INJURY,NONE,UNKNOWN,PASSENGER,UNKNOWN,South,DISABLING,30,False,False,1,9565688990121032,230069667,Montgomery County Police,Property Damage ,False,South,1,1,GRADE DOWNHILL,False,False,DRIVER,SINGLE VEHICLE,WET,DARK LIGHTS ON,NO CONTROLS,NON INTERSECTION,UNKNOWN,CURVE RIGHT,NO DEFECTS,"TWO-WAY, DIVIDED, UNPROTECTED PAINTED MIN 4 FEET",39.06375333,-77.23017667,5386409165832801,5521372579232793,0,0,0,2023120319,7722348939035838
MCP3221002M,F93FF13CCF694BEC9D94BB848573B317,True,NO APPARENT INJURY,NONE,NOT DISTRACTED,PASSENGER,MAKING RIGHT TURN,West,FUNCTIONAL,40,False,False,1,1312161960173140,230069693,Montgomery County Police,Property Damage ,False,East,0,1,HILL UPHILL,False,False,DRIVER,SINGLE VEHICLE,WET,DARK LIGHTS ON,TRAFFIC SIGNAL,INTERSECTION RELATED,T-INTERSECTION,STRAIGHT,NO DEFECTS,"TWO-WAY, DIVIDED, POSITIVE MEDIAN BARRIER",39.05581167,-77.15058167,2286014561620445,9223427877673206,0,0,0,2023120322,7712482939051552
MCP32080050,DCB9A23A65EB4C70B55A215D0669C46B,False,NO APPARENT INJURY,NONE,NOT DISTRACTED,BUS,MOVING CONSTANT SPEED,North,SUPERFICIAL,30,False,False,2,4960220375123743,230069696,Montgomery County Police,Property Damage ,False,North,2,3,LEVEL,False,False,DRIVER,SAME DIRECTION SIDESWIPE,DRY,DARK LIGHTS ON,NO CONTROLS,UNKNOWN,UNKNOWN,STRAIGHT,NO DEFECTS,"TWO-WAY, DIVIDED, POSITIVE MEDIAN BARRIER",38.99927983,-77.031487,8554262040045692,8356792977061148,0,0,0,2023120322,7703596439001907
MCP32080050,412E1440AC0B4625B53105C704EA8F73,True,NO APPARENT INJURY,ALCOHOL,OTHER CELLULAR PHONE RELATED,PASSENGER,MOVING CONSTANT SPEED,North,SUPERFICIAL,30,False,False,2,660615385035114,230069696,Montgomery County Police,Property Damage ,False,North,2,3,LEVEL,False,False,DRIVER,SAME DIRECTION SIDESWIPE,DRY,DARK LIGHTS ON,NO CONTROLS,UNKNOWN,UNKNOWN,STRAIGHT,NO DEFECTS,"TWO-WAY, DIVIDED, POSITIVE MEDIAN BARRIER",38.99927983,-77.031487,8554262040045692,8356792977061148,0,0,0,2023120322,7703596439001907
MCP30610029,33D3661EE9E044509396BA8D047BE6A3,True,NO APPARENT INJURY,ALCOHOL,NOT DISTRACTED,PASSENGER,OTHER,South,SUPERFICIAL,15,False,True,1,9284201061250917,230069704,Montgomery County Police,Property Damage ,True,South,0,0,LEVEL,False,False,DRIVER,OTHER,DRY,DARK LIGHTS ON,NO CONTROLS,NON INTERSECTION,UNKNOWN,STRAIGHT,NO DEFECTS,UNKNOWN,39.15552167,-77.2734775,3723891163962668,7771692879388507,0,0,0,2023120323,7729807639132189
MCP3209004J,7FF8E74E3CE345E49569D4343B82EA74,False,SUSPECTED MINOR INJURY,ALCOHOL,UNKNOWN,PASSENGER,MOVING CONSTANT SPEED,South,DESTROYED,35,False,False,2,8801447980012806,230069702,Montgomery County Police,Injury ,False,North,1,1,HILL CREST,False,False,UNKNOWN,HEAD ON,WET,DARK LIGHTS ON,NO CONTROLS,NON INTERSECTION,UNKNOWN,STRAIGHT,NO DEFECTS,"TWO-WAY, NOT DIVIDED",39.0724075,-76.959981,2808299851855837,6551404590603140,0,0,0,2023120400,7698062539067210
MCP3209004J,196F02CBEDE04434B9AFD59D133EF06A,False,SUSPECTED MINOR INJURY,NONE,NOT DISTRACTED,PASSENGER,MOVING CONSTANT SPEED,North,DESTROYED,35,False,False,2,9242760632388261,230069702,Montgomery County Police,Injury ,False,North,1,1,HILL CREST,False,False,UNKNOWN,HEAD ON,WET,DARK LIGHTS ON,NO CONTROLS,NON INTERSECTION,UNKNOWN,STRAIGHT,NO DEFECTS,"TWO-WAY, NOT DIVIDED",39.0724075,-76.959981,2808299851855837,6551404590603140,0,0,0,2023120400,7698062539067210
MCP2799007J,E105365812DE4C70B745EBF58D2FA244,True,NO APPARENT INJURY,ALCOHOL,UNKNOWN,PASSENGER,CHANGING LANES,South,SUPERFICIAL,35,False,False,2,7004010137869122,230067185,Montgomery County Police,Property Damage ,False,South,3,3,LEVEL,False,False,DRIVER,SAME DIRECTION SIDESWIPE,DRY,DARK LIGHTS ON,TRAFFIC SIGNAL,INTERSECTION,FOUR-WAY INTERSECTION,STRAIGHT,NO DEFECTS,"TWO-WAY, NOT DIVIDED",39.05729654,-77.05001853,8554262040045692,8073720238398338,0,0,0,2023120401,7704240439043964
MCP2799007J,56A24672337B4FDE9E2E4F39B755F431,False,NO APPARENT INJURY,NONE,NOT DISTRACTED,PASSENGER,MOVING CONSTANT SPEED,South,SUPERFICIAL,35,False,False,2,7379790505713931,230067185,Montgomery County Police,Property Damage ,False,South,3,3,LEVEL,False,False,DRIVER,SAME DIRECTION SIDESWIPE,DRY,DARK LIGHTS ON,TRAFFIC SIGNAL,INTERSECTION,FOUR-WAY INTERSECTION,STRAIGHT,NO DEFECTS,"TWO-WAY, NOT DIVIDED",39.05729654,-77.05001853,8554262040045692,8073720238398338,0,0,0,2023120401,7704240439043964
MCP31620052,EC4E0E7382CB4569B8AC9878C15D89F0,False,NO APPARENT INJURY,NONE,NOT DISTRACTED,PASSENGER,MOVING CONSTANT SPEED,South,FUNCTIONAL,35,False,False,2,9088251225273189,230069722,Montgomery County Police,Property Damage ,False,South,3,3,GRADE DOWNHILL,False,False,DRIVER,SAME DIR REAR END,DRY,DAYLIGHT,UNKNOWN,NON INTERSECTION,UNKNOWN,CURVE LEFT,NO DEFECTS,"TWO-WAY, DIVIDED, POSITIVE MEDIAN BARRIER",38.99850667,-77.039725,118399697147806,6006877850173336,0,0,0,2023120407,7703596439001907
MCP31620052,2E1D0F4E7B9845AD9D7024C925642505,True,NO APPARENT INJURY,NONE,NOT DISTRACTED,PASSENGER,MOVING CONSTANT SPEED,South,FUNCTIONAL,35,False,False,2,6502835390564725,230069722,Montgomery County Police,Property Damage ,False,South,3,3,GRADE DOWNHILL,False,False,DRIVER,SAME DIR REAR END,DRY,DAYLIGHT,UNKNOWN,NON INTERSECTION,UNKNOWN,CURVE LEFT,NO DEFECTS,"TWO-WAY, DIVIDED, POSITIVE MEDIAN BARRIER",38.99850667,-77.039725,118399697147806,6006877850173336,0,0,0,2023120407,7703596439001907
MCP2516004L,BB0A0243604E4445A6F8C2125541AED0,True,NO APPARENT INJURY,NONE,NOT DISTRACTED,OTHER,SLOWING OR STOPPING,East,NO DAMAGE,25,False,False,2,240722642832247,230069724,Montgomery County Police,Property Damage ,False,West,1,1,LEVEL,False,False,DRIVER,SAME DIR REAR END,DRY,DAYLIGHT,NO CONTROLS,NON INTERSECTION,UNKNOWN,STRAIGHT,NO DEFECTS,"TWO-WAY, NOT DIVIDED",39.17240231,-77.26415547,756079554807696,2901022015657694,0,0,0,2023120407,7729807639132189
MCP2516004L,7978E3E03BA847038FE3957613F3B176,False,NO APPARENT INJURY,NONE,NOT DISTRACTED,PASSENGER,SLOWING OR STOPPING,East,SUPERFICIAL,25,False,False,2,3706795429459167,230069724,Montgomery County Police,Property Damage ,False,West,1,1,LEVEL,False,False,DRIVER,SAME DIR REAR END,DRY,DAYLIGHT,NO CONTROLS,NON INTERSECTION,UNKNOWN,STRAIGHT,NO DEFECTS,"TWO-WAY, NOT DIVIDED",39.17240231,-77.26415547,756079554807696,2901022015657694,0,0,0,2023120407,7729807639132189
MCP3268003G,DFD6EAF2709C49659A7B412D1B087994,False,NO APPARENT INJURY,NONE,NOT DISTRACTED,BUS,MOVING CONSTANT SPEED,West,SUPERFICIAL,15,False,False,2,6691677547236723,230069727,Montgomery County Police,Property Damage ,False,South,1,2,LEVEL,False,False,DRIVER,SAME DIRECTION LEFT TURN,DRY,DAYLIGHT,TRAFFIC SIGNAL,INTERSECTION,T-INTERSECTION,STRAIGHT,NO DEFECTS,"TWO-WAY, NOT DIVIDED",39.05543767,-76.99488233,8901981419077344,5070630466800991,0,0,0,2023120408,7698062539067210
MCP3268003G,FB0E4006A2474974AEDE13191C4211B8,True,NO APPARENT INJURY,NONE,NOT DISTRACTED,PASSENGER,CHANGING LANES,West,SUPERFICIAL,15,False,False,2,170151789765393,230069727,Montgomery County Police,Property Damage ,False,South,1,2,LEVEL,False,False,DRIVER,SAME DIRECTION LEFT TURN,DRY,DAYLIGHT,TRAFFIC SIGNAL,INTERSECTION,T-INTERSECTION,STRAIGHT,NO DEFECTS,"TWO-WAY, NOT DIVIDED",39.05543767,-76.99488233,8901981419077344,5070630466800991,0,0,0,2023120408,7698062539067210
EJ7887003D,4FE2B10FAE50489DB788FC5339C0A5E3,False,NO APPARENT INJURY,NONE,LOOKED BUT DID NOT SEE,PASSENGER,MAKING RIGHT TURN,North,FUNCTIONAL,30,False,False,2,8118991385548737,230069743,Gaithersburg Police Depar,Property Damage ,False,North,0,4,LEVEL,False,False,DRIVER,SAME DIR REAR END,DRY,DAYLIGHT,TRAFFIC SIGNAL,INTERSECTION,FOUR-WAY INTERSECTION,STRAIGHT,SHOULDER DEFECT,"TWO-WAY, DIVIDED, POSITIVE MEDIAN BARRIER",39.13753023,-77.19340322,6273686865093515,1765867284751009,0,0,0,2023120409,7718751639140820
EJ7887003D,910A953946F14C2BBA72756C2BEB7BF7,True,NO APPARENT INJURY,NONE,NOT DISTRACTED,PASSENGER,MAKING RIGHT TURN,North,FUNCTIONAL,30,False,False,2,8123008695663851,230069743,Gaithersburg Police Depar,Property Damage ,False,North,0,4,LEVEL,False,False,DRIVER,SAME DIR REAR END,DRY,DAYLIGHT,TRAFFIC SIGNAL,INTERSECTION,FOUR-WAY INTERSECTION,STRAIGHT,SHOULDER DEFECT,"TWO-WAY, DIVIDED, POSITIVE MEDIAN BARRIER",39.13753023,-77.19340322,6273686865093515,1765867284751009,0,0,0,2023120409,7718751639140820
MCP24560084,0EE9BC2D894F474EA9275771007A8285,True,NO APPARENT INJURY,NONE,LOOKED BUT DID NOT SEE,PASSENGER,CHANGING LANES,South,SUPERFICIAL,35,False,False,2,2365566944593744,230069744,Montgomery County Police,Property Damage ,False,South,3,3,LEVEL,False,False,DRIVER,SAME DIRECTION SIDESWIPE,DRY,DAYLIGHT,TRAFFIC SIGNAL,INTERSECTION RELATED,FOUR-WAY INTERSECTION,STRAIGHT,NO DEFECTS,"TWO-WAY, DIVIDED, POSITIVE MEDIAN BARRIER",39.01167536,-76.97898841,8901981419077344,7259754787171885,0,0,0,2023120409,7698354239018293
MCP24560084,CA144DCAAEFC41E39AD24EE1CB036D56,False,NO APPARENT INJURY,NONE,NOT DISTRACTED,PASSENGER,MOVING CONSTANT SPEED,South,SUPERFICIAL,35,False,False,2,9886165052701561,230069744,Montgomery County Police,Property Damage ,False,South,3,3,LEVEL,False,False,DRIVER,SAME DIRECTION SIDESWIPE,DRY,DAYLIGHT,TRAFFIC SIGNAL,INTERSECTION RELATED,FOUR-WAY INTERSECTION,STRAIGHT,NO DEFECTS,"TWO-WAY, DIVIDED, POSITIVE MEDIAN BARRIER",39.01167536,-76.97898841,8901981419077344,7259754787171885,0,0,0,2023120409,7698354239018293
DD5567001P,7CA5628D7F874053A1ACFA90EC9D9D01,False,NO APPARENT INJURY,NONE,NOT DISTRACTED,PASSENGER,MOVING CONSTANT SPEED,West,SUPERFICIAL,30,False,False,2,3777471195858314,230069754,Rockville Police Departme,Property Damage ,False,West,1,2,LEVEL,False,False,DRIVER,SAME DIRECTION SIDESWIPE,DRY,DAYLIGHT,UNKNOWN,UNKNOWN,UNKNOWN,STRAIGHT,NO DEFECTS,"TWO-WAY, DIVIDED, POSITIVE MEDIAN BARRIER",39.08174382,-77.14852701,4286605995040271,6693060343323049,0,0,0,2023120410,7718114539090864
DD5567001P,A6D24BF111B6445E884EB4C77B77DF7F,True,NO APPARENT INJURY,NONE,UNKNOWN,PASSENGER,MOVING CONSTANT SPEED,West,NO DAMAGE,30,False,False,2,5355145305271733,230069754,Rockville Police Departme,Property Damage ,False,West,1,2,LEVEL,False,False,DRIVER,SAME DIRECTION SIDESWIPE,DRY,DAYLIGHT,UNKNOWN,UNKNOWN,UNKNOWN,STRAIGHT,NO DEFECTS,"TWO-WAY, DIVIDED, POSITIVE MEDIAN BARRIER",39.08174382,-77.14852701,4286605995040271,6693060343323049,0,0,0,2023120410,7718114539090864
MCP31290088,D2425F0B489B426785A12BD67AA23155,True,NO APPARENT INJURY,NONE,LOOKED BUT DID NOT SEE,PASSENGER,STARTING FROM LANE,East,FUNCTIONAL,25,False,False,2,9353817294345432,230069773,Montgomery County Police,Property Damage ,False,North,0,1,HILL UPHILL,False,False,DRIVER,STRAIGHT MOVEMENT ANGLE,DRY,DAYLIGHT,NO CONTROLS,INTERSECTION,FOUR-WAY INTERSECTION,STRAIGHT,NO DEFECTS,"TWO-WAY, DIVIDED, POSITIVE MEDIAN BARRIER",39.07272833,-77.08693583,4005500860300433,7723349871961125,0,0,0,2023120411,7709494939102237
MCP31290088,D62DCFB8C43D45078BD2106067BB55E3,False,NO APPARENT INJURY,NONE,LOOKED BUT DID NOT SEE,PASSENGER,MOVING CONSTANT SPEED,North,FUNCTIONAL,25,False,False,2,6801964070250583,230069773,Montgomery County Police,Property Damage ,False,North,0,1,HILL UPHILL,False,False,DRIVER,STRAIGHT MOVEMENT ANGLE,DRY,DAYLIGHT,NO CONTROLS,INTERSECTION,FOUR-WAY INTERSECTION,STRAIGHT,NO DEFECTS,"TWO-WAY, DIVIDED, POSITIVE MEDIAN BARRIER",39.07272833,-77.08693583,4005500860300433,7723349871961125,0,0,0,2023120411,7709494939102237
DD5567001Q,E41BE9680BE841009973F83CC576C6DF,False,NO APPARENT INJURY,NONE,NOT DISTRACTED,PASSENGER,MOVING CONSTANT SPEED,West,DISABLING,40,False,False,2,6801964070250583,230069778,Rockville Police Departme,Property Damage ,False,West,1,2,LEVEL,False,False,DRIVER,HEAD ON LEFT TURN,DRY,DAYLIGHT,TRAFFIC SIGNAL,INTERSECTION,FOUR-WAY INTERSECTION,STRAIGHT,NO DEFECTS,"TWO-WAY, DIVIDED, POSITIVE MEDIAN BARRIER",39.10004689,-77.18189369,5498064292481371,4491958856630653,0,0,0,2023120411,7718114539090864
DD5567001Q,73A553567AEE406D92101C2135E2E0A3,True,NO APPARENT INJURY,NONE,UNKNOWN,PASSENGER,MAKING LEFT TURN,East,DISABLING,40,False,False,2,9248617190270104,230069778,Rockville Police Departme,Property Damage ,False,West,1,2,LEVEL,False,False,DRIVER,HEAD ON LEFT TURN,DRY,DAYLIGHT,TRAFFIC SIGNAL,INTERSECTION,FOUR-WAY INTERSECTION,STRAIGHT,NO DEFECTS,"TWO-WAY, DIVIDED, POSITIVE MEDIAN BARRIER",39.10004689,-77.18189369,5498064292481371,4491958856630653,0,0,0,2023120411,7718114539090864
MCP3123006N,D50F80D40933489398E3191892E3693A,True,POSSIBLE INJURY,UNKNOWN,LOOKED BUT DID NOT SEE,PASSENGER,SLOWING OR STOPPING,South,DISABLING,55,False,False,2,2823522094493027,230069784,Montgomery County Police,Injury ,False,South,2,3,LEVEL,False,False,DRIVER,SAME DIR REAR END,DRY,DAYLIGHT,TRAFFIC SIGNAL,INTERSECTION RELATED,FOUR-WAY INTERSECTION,STRAIGHT,NO DEFECTS,"TWO-WAY, DIVIDED, POSITIVE MEDIAN BARRIER",39.10491517,-76.9330545,2620072274155517,5009223039224662,1,1,0,2023120411,7693347839109025
MCP3123006N,F8863B7AFFB84A4085D92929F6BE3E19,False,POSSIBLE INJURY,UNKNOWN,NOT DISTRACTED,PASSENGER,STOPPED IN TRAFFIC LANE,South,DISABLING,55,False,False,2,2827757403842555,230069784,Montgomery County Police,Injury ,False,South,2,3,LEVEL,False,False,DRIVER,SAME DIR REAR END,DRY,DAYLIGHT,TRAFFIC SIGNAL,INTERSECTION RELATED,FOUR-WAY INTERSECTION,STRAIGHT,NO DEFECTS,"TWO-WAY, DIVIDED, POSITIVE MEDIAN BARRIER",39.10491517,-76.9330545,2620072274155517,5009223039224662,1,1,0,2023120411,7693347839109025
MCP15630092,66183DDB31BD4A6896F196ED8F179472,False,NO APPARENT INJURY,NONE,NOT DISTRACTED,PASSENGER,STOPPED IN TRAFFIC LANE,South,FUNCTIONAL,35,False,False,2,2134147717635417,230069786,Montgomery County Police,Property Damage ,True,South,2,3,GRADE DOWNHILL,False,False,DRIVER,SAME DIR REAR END,DRY,DAYLIGHT,UNKNOWN,UNKNOWN,UNKNOWN,STRAIGHT,NO DEFECTS,"TWO-WAY, DIVIDED, POSITIVE MEDIAN BARRIER",38.99919333,-77.03988167,118399697147806,8356792977061148,0,0,0,2023120412,7703596439001907
MCP15630092,4A995DB8191B4176A0BA4D928384C0C5,True,NO APPARENT INJURY,UNKNOWN,UNKNOWN,PASSENGER,MOVING CONSTANT SPEED,South,FUNCTIONAL,35,False,False,2,8168321465439775,230069786,Montgomery County Police,Property Damage ,True,South,2,3,GRADE DOWNHILL,False,False,DRIVER,SAME DIR REAR END,DRY,DAYLIGHT,UNKNOWN,UNKNOWN,UNKNOWN,STRAIGHT,NO DEFECTS,"TWO-WAY, DIVIDED, POSITIVE MEDIAN BARRIER",38.99919333,-77.03988167,118399697147806,8356792977061148,0,0,0,2023120412,7703596439001907
EJ7858008K,BF1E5F2C38574A7B9A58993262AC1CD6,True,NO APPARENT INJURY,UNKNOWN,UNKNOWN,PASSENGER,BACKING,West,FUNCTIONAL,0,False,False,2,8961481787963722,230069797,Gaithersburg Police Depar,Property Damage ,True,UNKNOWN,0,0,UNKNOWN,True,True,DRIVER,OTHER,UNKNOWN,DAYLIGHT,NO CONTROLS,UNKNOWN,UNKNOWN,UNKNOWN,UNKNOWN,UNKNOWN,39.11395257,-77.21657647,7781945108562677,7781945108562677,0,0,0,2023120413,7724972439113159
EJ7858008K,BA68C539A6E64B3AB66AB5626C50459E,False,NO APPARENT INJURY,NONE,NOT DISTRACTED,PASSENGER,BACKING,East,FUNCTIONAL,0,False,False,2,5785042049362643,230069797,Gaithersburg Police Depar,Property Damage ,True,UNKNOWN,0,0,UNKNOWN,True,True,DRIVER,OTHER,UNKNOWN,DAYLIGHT,NO CONTROLS,UNKNOWN,UNKNOWN,UNKNOWN,UNKNOWN,UNKNOWN,39.11395257,-77.21657647,7781945108562677,7781945108562677,0,0,0,2023120413,7724972439113159
MCP29910090,EE398FAEE8804930A6B508FCF0C2CEF5,False,NO APPARENT INJURY,NONE,NOT DISTRACTED,PASSENGER,SLOWING OR STOPPING,East,DISABLING,35,False,False,3,2815627384783423,230069788,Montgomery County Police,Property Damage ,False,East,1,2,LEVEL,False,False,DRIVER,UNKNOWN,DRY,DAYLIGHT,NO CONTROLS,UNKNOWN,UNKNOWN,STRAIGHT,NO DEFECTS,UNKNOWN,39.1168295,-76.96823024,4498045280709180,871306256745130,0,0,0,2023120413,7696742239122789
MCP29910090,FC3C6A3B3C6A430B8CC0D2A791641BDE,True,NO APPARENT INJURY,NONE,LOOKED BUT DID NOT SEE,PASSENGER,MOVING CONSTANT SPEED,East,DISABLING,35,False,False,3,3233063173565461,230069788,Montgomery County Police,Property Damage ,False,East,1,2,LEVEL,False,False,DRIVER,UNKNOWN,DRY,DAYLIGHT,NO CONTROLS,UNKNOWN,UNKNOWN,STRAIGHT,NO DEFECTS,UNKNOWN,39.1168295,-76.96823024,4498045280709180,871306256745130,0,0,0,2023120413,7696742239122789
MCP29910090,0EE6AAF36EB44AB8A9F01D59FD27D53D,False,NO APPARENT INJURY,NONE,NOT DISTRACTED,PASSENGER,MAKING LEFT TURN,East,FUNCTIONAL,0,False,False,3,1546341576073932,230069788,Montgomery County Police,Property Damage ,False,East,1,2,LEVEL,False,False,DRIVER,UNKNOWN,DRY,DAYLIGHT,NO CONTROLS,UNKNOWN,UNKNOWN,STRAIGHT,NO DEFECTS,UNKNOWN,39.1168295,-76.96823024,4498045280709180,871306256745130,0,0,0,2023120413,7696742239122789
DD5657001J,AD03083FD4394BE99B2D4F88A1287453,True,NO APPARENT INJURY,NONE,NOT DISTRACTED,PASSENGER,STOPPED IN TRAFFIC LANE,East,SUPERFICIAL,15,False,False,2,3233063173565461,230069793,Rockville Police Departme,Property Damage ,False,East,1,1,LEVEL,False,False,DRIVER,SAME DIR REAR END,DRY,DAYLIGHT,UNKNOWN,NON INTERSECTION,UNKNOWN,STRAIGHT,NO DEFECTS,ONE-WAY TRAFFICWAY,39.08405068,-77.15057804,3321239351159395,5182918771397894,0,0,0,2023120413,7718114539090864
DD5657001J,BC1613EF672F40D9B0A746A9BDF9BB6B,False,NO APPARENT INJURY,NONE,NOT DISTRACTED,PASSENGER,BACKING,West,NO DAMAGE,15,False,False,2,3625279901448520,230069793,Rockville Police Departme,Property Damage ,False,East,1,1,LEVEL,False,False,DRIVER,SAME DIR REAR END,DRY,DAYLIGHT,UNKNOWN,NON INTERSECTION,UNKNOWN,STRAIGHT,NO DEFECTS,ONE-WAY TRAFFICWAY,39.08405068,-77.15057804,3321239351159395,5182918771397894,0,0,0,2023120413,7718114539090864
MCP1550004X,9053921971244221A5C54251985945C4,True,NO APPARENT INJURY,UNKNOWN,UNKNOWN,PASSENGER,MOVING CONSTANT SPEED,South,SUPERFICIAL,20,False,False,1,9565689074009127,230069801,Montgomery County Police,Property Damage ,False,South,1,1,LEVEL,False,False,DRIVER,SAME DIRECTION SIDESWIPE,DRY,DAYLIGHT,NO CONTROLS,NON INTERSECTION,UNKNOWN,STRAIGHT,NO DEFECTS,"TWO-WAY, NOT DIVIDED",38.97709633,-77.07244717,2227049272897551,3259326823337285,0,0,0,2023120413,7707842038983818
MCP1378016P,3B5B880AF3FD4B94899F482377B743DB,True,NO APPARENT INJURY,NONE,NOT DISTRACTED,BUS,NEGOTIATING A CURVE,South,SUPERFICIAL,25,False,False,1,6691677547236723,230069813,Montgomery County Police,Property Damage ,False,South,1,1,LEVEL,False,False,DRIVER,SAME DIRECTION SIDESWIPE,DRY,DAYLIGHT,NO CONTROLS,NON INTERSECTION,UNKNOWN,CURVE RIGHT,NO DEFECTS,"TWO-WAY, NOT DIVIDED",39.0712952,-76.99017735,6151955694314519,8434162231027177,0,0,0,2023120415,7698062539067210
MCP1213008V,5C9AE5931B1248848093C6D13C750D68,True,NO APPARENT INJURY,NONE,LOOKED BUT DID NOT SEE,PASSENGER,ENTERING TRAFFIC LANE,West,DISABLING,35,False,False,2,1261607774483756,230069820,Montgomery County Police,Property Damage ,False,West,1,1,HILL UPHILL,False,False,DRIVER,SAME DIRECTION LEFT TURN,DRY,DAYLIGHT,NO CONTROLS,NON INTERSECTION,UNKNOWN,STRAIGHT,NO DEFECTS,"TWO-WAY, NOT DIVIDED",39.09072,-76.96624833,6740740251212367,8569231902445128,0,0,0,2023120415,7699078639113935
MCP1213008V,D23DED6E854341BB8FFD6D319BE17F40,False,NO APPARENT INJURY,NONE,NOT DISTRACTED,PASSENGER,MOVING CONSTANT SPEED,West,DISABLING,35,False,False,2,9551218501695492,230069820,Montgomery County Police,Property Damage ,False,West,1,1,HILL UPHILL,False,False,DRIVER,SAME DIRECTION LEFT TURN,DRY,DAYLIGHT,NO CONTROLS,NON INTERSECTION,UNKNOWN,STRAIGHT,NO DEFECTS,"TWO-WAY, NOT DIVIDED",39.09072,-76.96624833,6740740251212367,8569231902445128,0,0,0,2023120415,7699078639113935
MCP9390002N,9C73F8A29C344784BFF5B18181E503D5,False,SUSPECTED MINOR INJURY,UNKNOWN,NOT DISTRACTED,PASSENGER,STOPPED IN TRAFFIC LANE,West,DISABLING,45,False,False,2,9523097921803649,230069817,Montgomery County Police,Injury ,False,West,2,3,LEVEL,False,False,DRIVER,SAME DIR REAR END,DRY,DAYLIGHT,NO CONTROLS,UNKNOWN,UNKNOWN,STRAIGHT,NO DEFECTS,"TWO-WAY, DIVIDED, POSITIVE MEDIAN BARRIER",39.11062167,-77.21153,729448775661521,7771692879388507,0,0,0,2023120416,7724972439113159
MCP9390002N,76935A04029D4593A5625813ACB33FB2,True,NO APPARENT INJURY,UNKNOWN,NOT DISTRACTED,PASSENGER,SLOWING OR STOPPING,West,DISABLING,45,False,False,2,805691474398614,230069817,Montgomery County Police,Injury ,False,West,2,3,LEVEL,False,False,DRIVER,SAME DIR REAR END,DRY,DAYLIGHT,NO CONTROLS,UNKNOWN,UNKNOWN,STRAIGHT,NO DEFECTS,"TWO-WAY, DIVIDED, POSITIVE MEDIAN BARRIER",39.11062167,-77.21153,729448775661521,7771692879388507,0,0,0,2023120416,7724972439113159
MCP3123006P,350B9FD1ECBB4A319BA052CA8F731EA8,True,POSSIBLE INJURY,UNKNOWN,NOT DISTRACTED,PASSENGER,MOVING CONSTANT SPEED,North,DISABLING,55,False,False,1,4621936593120083,230069842,Montgomery County Police,Injury ,False,North,3,3,LEVEL,False,False,DRIVER,SINGLE VEHICLE,DRY,DARK NO LIGHTS,NO CONTROLS,OTHER,UNKNOWN,STRAIGHT,NO DEFECTS,"TWO-WAY, DIVIDED, POSITIVE MEDIAN BARRIER",39.12665333,-76.922781,2620072274155517,6995932442052456,0,0,0,2023120417,7693347839109025
MCP3030005P,81C9122D49624F18B159881D37C0B300,True,NO APPARENT INJURY,UNKNOWN,NOT DISTRACTED,PASSENGER,MOVING CONSTANT SPEED,East,FUNCTIONAL,35,False,False,2,4182287168574185,230069844,Montgomery County Police,Injury ,False,East,1,2,LEVEL,False,False,DRIVER,SAME DIR REAR END,DRY,DARK LIGHTS ON,NO CONTROLS,INTERSECTION RELATED,T-INTERSECTION,STRAIGHT,NO DEFECTS,"TWO-WAY, DIVIDED, POSITIVE MEDIAN BARRIER",38.97707833,-77.10495,8659486064429145,722866303364232,0,0,0,2023120417,7707842038983818