ReportNumber,VehicleCrashKey,DriverAtFault,DriverInjurySeverity,DriverSubstanceAbuse,DriverDistractedBy,VehicleType,VehicleMovement,VehicleGoingDir,VehicleDamageExtent,SpeedLimit,ParkedVehicle,SubstanceAbuseContributed,VehiclesCrashedTotal,VehicleKey,LocalCaseNumber,AgencyName,ACRSReportType,HitRun,LaneDirection,LaneNumber,NumberOfLanes,RoadGrade,NonTraffic,OffRoadIncident,AccidentAtFault,CollisionType,SurfaceCondition,Light,TrafficControl,Junction,IntersectionType,RoadAlignment,RoadCondition,RoadDivision,Latitude,Longitude,RoadKey,CrossStreetKey,NonMotoristTotal,NonMotoristInjury,NonMotoristFatal,DateHourKey,LocationAreaKey
MCP30800042,7B11068BBC7E4CC08FF8B60B32FF7665,False,POSSIBLE INJURY,NONE,NOT DISTRACTED,PASSENGER,MOVING CONSTANT SPEED,North,FUNCTIONAL,40,False,False,2,6014770629431343,230070085,Montgomery County Police,Injury ,True,North,2,3,LEVEL,False,False,DRIVER,SAME DIR REAR END,WET,DARK LIGHTS ON,TRAFFIC SIGNAL,INTERSECTION,T-INTERSECTION,STRAIGHT,NO DEFECTS,"TWO-WAY, NOT DIVIDED",39.16728345,-77.28061902,3202275317843380,1730332006024626,0,0,0,2023120520,7729807639132189
MCP3269002V,9132646552D7423CBFCBFBED0EA26193,False,NO APPARENT INJURY,NONE,NOT DISTRACTED,PASSENGER,MOVING CONSTANT SPEED,South,DISABLING,35,False,False,2,1857375163850022,230070107,Montgomery County Police,Property Damage ,True,East,1,1,LEVEL,False,False,DRIVER,STRAIGHT MOVEMENT ANGLE,DRY,DARK LIGHTS ON,NO CONTROLS,INTERSECTION,OTHER,STRAIGHT,NO DEFECTS,"TWO-WAY, DIVIDED, UNPROTECTED PAINTED MIN 4 FEET",39.05692022,-76.95124004,1985337670340704,8149618571271010,0,0,0,2023120523,7698062539067210
MCP3269002V,F63EDE15439544D981164BE5526B092D,True,NO APPARENT INJURY,UNKNOWN,UNKNOWN,PASSENGER,MOVING CONSTANT SPEED,East,DISABLING,35,False,False,2,2274858385793218,230070107,Montgomery County Police,Property Damage ,True,East,1,1,LEVEL,False,False,DRIVER,STRAIGHT MOVEMENT ANGLE,DRY,DARK LIGHTS ON,NO CONTROLS,INTERSECTION,OTHER,STRAIGHT,NO DEFECTS,"TWO-WAY, DIVIDED, UNPROTECTED PAINTED MIN 4 FEET",39.05692022,-76.95124004,1985337670340704,8149618571271010,0,0,0,2023120523,7698062539067210
MCP2108001P,96AF0E46AD264C18B904C18ACD81402F,True,NO APPARENT INJURY,NONE,LOOKED BUT DID NOT SEE,PASSENGER,MOVING CONSTANT SPEED,East,DISABLING,45,False,False,1,8243785559569516,230070120,Montgomery County Police,Property Damage ,False,East,1,2,LEVEL,False,False,DRIVER,SINGLE VEHICLE,WET,DARK NO LIGHTS,NO CONTROLS,UNKNOWN,UNKNOWN,CURVE LEFT,NO DEFECTS,"TWO-WAY, NOT DIVIDED",39.13837167,-77.3559,7885715244532191,3418204255771202,0,0,0,2023120604,7732651739188276
MCP3348001R,0137EFC197174A02B471AD3FA4D817B9,False,POSSIBLE INJURY,NONE,NOT DISTRACTED,PASSENGER,STOPPED IN TRAFFIC LANE,West,SUPERFICIAL,35,False,False,3,1313186397517629,230070124,Montgomery County Police,Injury ,False,West,0,2,LEVEL,False,False,DRIVER,SAME DIR REAR END,DRY,DAWN,TRAFFIC SIGNAL,NON INTERSECTION,UNKNOWN,STRAIGHT,NO DEFECTS,"TWO-WAY, DIVIDED, POSITIVE MEDIAN BARRIER",39.09638,-77.10927833,418179445979580,2947363850774353,0,0,0,2023120607,7709494939102237
MCP3348001R,F7A831B4276D46939AE751CC4A7B6D54,True,NO APPARENT INJURY,NONE,UNKNOWN,PASSENGER,MOVING CONSTANT SPEED,West,SUPERFICIAL,35,False,False,3,660615385035114,230070124,Montgomery County Police,Injury ,False,West,0,2,LEVEL,False,False,DRIVER,SAME DIR REAR END,DRY,DAWN,TRAFFIC SIGNAL,NON INTERSECTION,UNKNOWN,STRAIGHT,NO DEFECTS,"TWO-WAY, DIVIDED, POSITIVE MEDIAN BARRIER",39.09638,-77.10927833,418179445979580,2947363850774353,0,0,0,2023120607,7709494939102237
MCP3348001R,DFFDC715575C4D7DAAC19240F92740A0,False,POSSIBLE INJURY,NONE,NOT DISTRACTED,PASSENGER,STOPPED IN TRAFFIC LANE,West,SUPERFICIAL,35,False,False,3,9512053712509329,230070124,Montgomery County Police,Injury ,False,West,0,2,LEVEL,False,False,DRIVER,SAME DIR REAR END,DRY,DAWN,TRAFFIC SIGNAL,NON INTERSECTION,UNKNOWN,STRAIGHT,NO DEFECTS,"TWO-WAY, DIVIDED, POSITIVE MEDIAN BARRIER",39.09638,-77.10927833,418179445979580,2947363850774353,0,0,0,2023120607,7709494939102237
MCP33500029,EBB41D43C7F14125A64B14638E69FCE2,True,NO APPARENT INJURY,NONE,LOOKED BUT DID NOT SEE,TRUCK,CHANGING LANES,North,DISABLING,35,False,False,2,3906767796763397,230070130,Montgomery County Police,Property Damage ,False,North,1,2,LEVEL,False,False,DRIVER,SAME DIRECTION SIDESWIPE,DRY,DAYLIGHT,NO CONTROLS,NON INTERSECTION,UNKNOWN,STRAIGHT,NO DEFECTS,"TWO-WAY, DIVIDED, POSITIVE MEDIAN BARRIER",39.02254833,-77.10271333,5925405510732472,9624603609515706,0,0,0,2023120607,7710519939016894
MCP33500029,5B52277FA7424BE9A7EF2A2AA95211A5,False,NO APPARENT INJURY,NONE,NOT DISTRACTED,PASSENGER,MOVING CONSTANT SPEED,North,FUNCTIONAL,35,False,False,2,3777471111970219,230070130,Montgomery County Police,Property Damage ,False,North,1,2,LEVEL,False,False,DRIVER,SAME DIRECTION SIDESWIPE,DRY,DAYLIGHT,NO CONTROLS,NON INTERSECTION,UNKNOWN,STRAIGHT,NO DEFECTS,"TWO-WAY, DIVIDED, POSITIVE MEDIAN BARRIER",39.02254833,-77.10271333,5925405510732472,9624603609515706,0,0,0,2023120607,7710519939016894
MCP29460069,183241D9EE2E4ED48A976CC4D07FE123,False,POSSIBLE INJURY,NONE,NOT DISTRACTED,PASSENGER,MOVING CONSTANT SPEED,North,DISABLING,35,False,False,2,4834438313973995,230070136,Montgomery County Police,Injury ,False,North,1,1,LEVEL,False,False,DRIVER,HEAD ON LEFT TURN,WET,DAYLIGHT,NO CONTROLS,INTERSECTION,T-INTERSECTION,CURVE LEFT,NO DEFECTS,"TWO-WAY, NOT DIVIDED",39.27746167,-77.324731,3702584804609942,2910914721410875,0,0,0,2023120608,7728275839257602
MCP29460069,4C12F3927A7343D4AFBD9CAC12A763B0,True,NO APPARENT INJURY,NONE,INATTENTIVE OR LOST IN THOUGHT,PASSENGER,MAKING LEFT TURN,South,DISABLING,35,False,False,2,5837071388414658,230070136,Montgomery County Police,Injury ,False,North,1,1,LEVEL,False,False,DRIVER,HEAD ON LEFT TURN,WET,DAYLIGHT,NO CONTROLS,INTERSECTION,T-INTERSECTION,CURVE LEFT,NO DEFECTS,"TWO-WAY, NOT DIVIDED",39.27746167,-77.324731,3702584804609942,2910914721410875,0,0,0,2023120608,7728275839257602
EJ7858008L,77E7BF317A5A40A98C36C7B02FB82DF9,False,NO APPARENT INJURY,NONE,NOT DISTRACTED,PASSENGER,MAKING LEFT TURN,South,DISABLING,35,False,False,2,805691474398614,230070140,Gaithersburg Police Depar,Property Damage ,False,South,2,2,LEVEL,False,False,DRIVER,STRAIGHT MOVEMENT ANGLE,DRY,DAYLIGHT,TRAFFIC SIGNAL,INTERSECTION,FOUR-WAY INTERSECTION,STRAIGHT,NO DEFECTS,"TWO-WAY, DIVIDED, POSITIVE MEDIAN BARRIER",39.1292756,-77.23375889,5149059297554549,1642250055641511,0,0,0,2023120608,7724972439113159
EJ7858008L,326C1E74D8124E70ABE0F72BF4337E09,True,NO APPARENT INJURY,NONE,UNKNOWN,PASSENGER,MOVING CONSTANT SPEED,West,DISABLING,40,False,False,2,4834438414639709,230070140,Gaithersburg Police Depar,Property Damage ,False,South,2,2,LEVEL,False,False,DRIVER,STRAIGHT MOVEMENT ANGLE,DRY,DAYLIGHT,TRAFFIC SIGNAL,INTERSECTION,FOUR-WAY INTERSECTION,STRAIGHT,NO DEFECTS,"TWO-WAY, DIVIDED, POSITIVE MEDIAN BARRIER",39.1292756,-77.23375889,5149059297554549,1642250055641511,0,0,0,2023120608,7724972439113159
MCP30210074,1DA1C15A580E471F88E0DBC29CB72911,True,NO APPARENT INJURY,NONE,NOT DISTRACTED,PASSENGER,MAKING LEFT TURN,South,FUNCTIONAL,35,False,False,2,8243785660235230,230070157,Montgomery County Police,Property Damage ,False,North,1,2,LEVEL,False,False,DRIVER,OPPOSITE DIR BOTH LEFT TURN,DRY,DAYLIGHT,UNKNOWN,INTERSECTION,FOUR-WAY INTERSECTION,STRAIGHT,NO DEFECTS,"TWO-WAY, NOT DIVIDED",39.06816833,-76.96228833,2808299851855837,1364097556565912,0,0,0,2023120610,7698062539067210
MCP30210074,537CFE4F7DF344859579E1400B50ED18,False,NO APPARENT INJURY,NONE,NOT DISTRACTED,PASSENGER,MOVING CONSTANT SPEED,North,DISABLING,35,False,False,2,8293102082968938,230070157,Montgomery County Police,Property Damage ,False,North,1,2,LEVEL,False,False,DRIVER,OPPOSITE DIR BOTH LEFT TURN,DRY,DAYLIGHT,UNKNOWN,INTERSECTION,FOUR-WAY INTERSECTION,STRAIGHT,NO DEFECTS,"TWO-WAY, NOT DIVIDED",39.06816833,-76.96228833,2808299851855837,1364097556565912,0,0,0,2023120610,7698062539067210
MCP235300CN,360C854F54674E8C9F267CB893C66B6F,True,POSSIBLE INJURY,NONE,UNKNOWN,PASSENGER,MAKING LEFT TURN,North,DISABLING,35,False,False,2,615445942808181,230070177,Montgomery County Police,Injury ,False,South,2,2,LEVEL,False,False,DRIVER,STRAIGHT MOVEMENT ANGLE,DRY,DAYLIGHT,TRAFFIC SIGNAL,INTERSECTION,FOUR-WAY INTERSECTION,STRAIGHT,NO DEFECTS,"TWO-WAY, DIVIDED, UNPROTECTED PAINTED MIN 4 FEET",38.98077833,-77.09855,9003752369377532,510691405782220,1,1,0,2023120610,7710072538987731
MCP235300CN,25B4BF8B6FA24EEF9839A29007CCE482,False,SUSPECTED SERIOUS INJURY,NONE,NOT DISTRACTED,PASSENGER,MOVING CONSTANT SPEED,South,DISABLING,25,False,False,2,28393589769782,230070177,Montgomery County Police,Injury ,False,South,2,2,LEVEL,False,False,DRIVER,STRAIGHT MOVEMENT ANGLE,DRY,DAYLIGHT,TRAFFIC SIGNAL,INTERSECTION,FOUR-WAY INTERSECTION,STRAIGHT,NO DEFECTS,"TWO-WAY, DIVIDED, UNPROTECTED PAINTED MIN 4 FEET",38.98077833,-77.09855,9003752369377532,510691405782220,1,1,0,2023120610,7710072538987731
MCP2962008N,CAB39E5AADB3401A8B7E8A0DF8F25862,True,NO APPARENT INJURY,NONE,NOT DISTRACTED,PASSENGER,MOVING CONSTANT SPEED,North,DISABLING,40,False,False,3,7312029569347000,230070207,Montgomery County Police,Injury ,False,North,2,2,LEVEL,False,False,DRIVER,HEAD ON LEFT TURN,DRY,DAYLIGHT,TRAFFIC SIGNAL,INTERSECTION,FOUR-WAY INTERSECTION,STRAIGHT,NO DEFECTS,"TWO-WAY, DIVIDED, POSITIVE MEDIAN BARRIER",39.18201934,-77.26008444,3202275317843380,3885447637282260,0,0,0,2023120613,7729807639132189
MCP2962008N,9F0F0C7176D3485E88112538619049B4,False,POSSIBLE INJURY,NONE,NOT DISTRACTED,PASSENGER,MOVING CONSTANT SPEED,North,DISABLING,40,False,False,3,7004010104313884,230070207,Montgomery County Police,Injury ,False,North,2,2,LEVEL,False,False,DRIVER,HEAD ON LEFT TURN,DRY,DAYLIGHT,TRAFFIC SIGNAL,INTERSECTION,FOUR-WAY INTERSECTION,STRAIGHT,NO DEFECTS,"TWO-WAY, DIVIDED, POSITIVE MEDIAN BARRIER",39.18201934,-77.26008444,3202275317843380,3885447637282260,0,0,0,2023120613,7729807639132189
MCP2962008N,7A7A7DFFB45C4635A06A9963DBAD99AE,True,POSSIBLE INJURY,NONE,LOOKED BUT DID NOT SEE,PASSENGER,MAKING U TURN,South,DISABLING,40,False,False,3,169882084379467,230070207,Montgomery County Police,Injury ,False,North,2,2,LEVEL,False,False,DRIVER,HEAD ON LEFT TURN,DRY,DAYLIGHT,TRAFFIC SIGNAL,INTERSECTION,FOUR-WAY INTERSECTION,STRAIGHT,NO DEFECTS,"TWO-WAY, DIVIDED, POSITIVE MEDIAN BARRIER",39.18201934,-77.26008444,3202275317843380,3885447637282260,0,0,0,2023120613,7729807639132189
DD5567001V,6E24560BF8E144E89CDAEDBAB804FE0A,False,NO APPARENT INJURY,NONE,NOT DISTRACTED,PASSENGER,STOPPED IN TRAFFIC LANE,West,SUPERFICIAL,30,False,False,2,4595510051903263,230070217,Rockville Police Departme,Property Damage ,False,West,3,3,LEVEL,False,False,DRIVER,SAME DIR REAR END,DRY,DAYLIGHT,UNKNOWN,NON INTERSECTION,UNKNOWN,STRAIGHT,NO DEFECTS,"TWO-WAY, DIVIDED, POSITIVE MEDIAN BARRIER",39.08153561,-77.14488993,9290911226978796,5925405510732472,0,0,0,2023120613,7718114539090864
DD5567001V,5065F6C17AB24402AE7CC138F816ECB5,True,NO APPARENT INJURY,NONE,UNKNOWN,BUS,MOVING CONSTANT SPEED,West,NO DAMAGE,30,False,False,2,6259949909495943,230070217,Rockville Police Departme,Property Damage ,False,West,3,3,LEVEL,False,False,DRIVER,SAME DIR REAR END,DRY,DAYLIGHT,UNKNOWN,NON INTERSECTION,UNKNOWN,STRAIGHT,NO DEFECTS,"TWO-WAY, DIVIDED, POSITIVE MEDIAN BARRIER",39.08153561,-77.14488993,9290911226978796,5925405510732472,0,0,0,2023120613,7718114539090864
DD56510045,ABF9C06DB88E451389D73A081273788E,False,NO APPARENT INJURY,NONE,NOT DISTRACTED,PASSENGER,MOVING CONSTANT SPEED,West,DISABLING,30,False,False,2,5355145305271733,230070215,Rockville Police Departme,Property Damage ,False,East,1,2,LEVEL,False,False,DRIVER,OTHER,DRY,DAYLIGHT,TRAFFIC SIGNAL,INTERSECTION,FOUR-WAY INTERSECTION,STRAIGHT,NO DEFECTS,"TWO-WAY, DIVIDED, POSITIVE MEDIAN BARRIER",39.08198706,-77.14933747,3321239351159395,6693060343323049,0,0,0,2023120613,7718114539090864
DD56510045,41D86915B6B84B50A0319C34EA382A68,True,NO APPARENT INJURY,NONE,NOT DISTRACTED,PASSENGER,MAKING LEFT TURN,East,DISABLING,30,False,False,2,2408098695618613,230070215,Rockville Police Departme,Property Damage ,False,East,1,2,LEVEL,False,False,DRIVER,OTHER,DRY,DAYLIGHT,TRAFFIC SIGNAL,INTERSECTION,FOUR-WAY INTERSECTION,STRAIGHT,NO DEFECTS,"TWO-WAY, DIVIDED, POSITIVE MEDIAN BARRIER",39.08198706,-77.14933747,3321239351159395,6693060343323049,0,0,0,2023120613,7718114539090864
MCP33530020,B1670BF78A4C43A3A9B258F004AF6364,False,NO APPARENT INJURY,NONE,NOT DISTRACTED,PASSENGER,MOVING CONSTANT SPEED,West,FUNCTIONAL,35,False,False,2,8243785677012849,230070231,Montgomery County Police,Property Damage ,False,West,2,3,LEVEL,False,False,DRIVER,SAME DIRECTION SIDESWIPE,DRY,DAYLIGHT,TRAFFIC SIGNAL,INTERSECTION RELATED,FOUR-WAY INTERSECTION,STRAIGHT,NO DEFECTS,"TWO-WAY, DIVIDED, POSITIVE MEDIAN BARRIER",39.05945333,-77.06213417,8073720238398338,6810999407365995,0,0,0,2023120615,7705486039088590
MCP33530020,B3834299B3DB4B7EB8EFA36A81DD7D5E,True,NO APPARENT INJURY,NONE,LOOKED BUT DID NOT SEE,PASSENGER,CHANGING LANES,West,DISABLING,35,False,False,2,5082261622574195,230070231,Montgomery County Police,Property Damage ,False,West,2,3,LEVEL,False,False,DRIVER,SAME DIRECTION SIDESWIPE,DRY,DAYLIGHT,TRAFFIC SIGNAL,INTERSECTION RELATED,FOUR-WAY INTERSECTION,STRAIGHT,NO DEFECTS,"TWO-WAY, DIVIDED, POSITIVE MEDIAN BARRIER",39.05945333,-77.06213417,8073720238398338,6810999407365995,0,0,0,2023120615,7705486039088590
MCP31930057,A53AF58585534DC88C86D71341E459E5,False,NO APPARENT INJURY,NONE,NOT DISTRACTED,BUS,ACCELERATING,East,SUPERFICIAL,35,False,False,2,4960220375123743,230070233,Montgomery County Police,Property Damage ,True,East,3,3,LEVEL,False,False,DRIVER,SAME DIRECTION SIDESWIPE,DRY,DAYLIGHT,TRAFFIC SIGNAL,INTERSECTION,FOUR-WAY INTERSECTION,STRAIGHT,NO DEFECTS,OTHER,39.04135,-77.05220833,5963249679537482,8554262040045692,0,0,0,2023120615,7704240439043964
MCP31930057,74D23D17A02145DBAF057B4C8FBD3FC3,True,NO APPARENT INJURY,UNKNOWN,OTHER DISTRACTION,UNKNOWN,ACCELERATING,East,UNKNOWN,35,False,False,2,8168321465439775,230070233,Montgomery County Police,Property Damage ,True,East,3,3,LEVEL,False,False,DRIVER,SAME DIRECTION SIDESWIPE,DRY,DAYLIGHT,TRAFFIC SIGNAL,INTERSECTION,FOUR-WAY INTERSECTION,STRAIGHT,NO DEFECTS,OTHER,39.04135,-77.05220833,5963249679537482,8554262040045692,0,0,0,2023120615,7704240439043964
MCP3161005Z,E887633450BE426CAD049C964D875F31,True,NO APPARENT INJURY,NONE,UNKNOWN,BUS,MOVING CONSTANT SPEED,North,SUPERFICIAL,35,False,False,2,5149285994306204,230070244,Montgomery County Police,Property Damage ,False,North,0,3,LEVEL,False,False,DRIVER,SAME DIRECTION SIDESWIPE,DRY,UNKNOWN,NO CONTROLS,NON INTERSECTION,UNKNOWN,STRAIGHT,NO DEFECTS,"TWO-WAY, DIVIDED, POSITIVE MEDIAN BARRIER",39.00411217,-77.077431,1627793738140795,9309673321864253,0,0,0,2023120615,7707842038983818
MCP3161005Z,F91F84945FB9486AA75DEB44528A2D40,True,NO APPARENT INJURY,NONE,UNKNOWN,TRUCK,MOVING CONSTANT SPEED,North,FUNCTIONAL,35,False,False,2,213975767330911,230070244,Montgomery County Police,Property Damage ,False,North,0,3,LEVEL,False,False,DRIVER,SAME DIRECTION SIDESWIPE,DRY,UNKNOWN,NO CONTROLS,NON INTERSECTION,UNKNOWN,STRAIGHT,NO DEFECTS,"TWO-WAY, DIVIDED, POSITIVE MEDIAN BARRIER",39.00411217,-77.077431,1627793738140795,9309673321864253,0,0,0,2023120615,7707842038983818
EJ786600D6,57C5D454C29848FBB898881807DDEE65,True,NO APPARENT INJURY,NONE,UNKNOWN,PASSENGER,MOVING CONSTANT SPEED,North,FUNCTIONAL,40,False,False,2,7871367519905046,230070252,Gaithersburg Police Depar,Property Damage ,False,North,2,2,HILL UPHILL,False,False,DRIVER,SAME DIRECTION SIDESWIPE,DRY,DAYLIGHT,UNKNOWN,NON INTERSECTION,UNKNOWN,CURVE LEFT,NO DEFECTS,"TWO-WAY, DIVIDED, POSITIVE MEDIAN BARRIER",39.12922718,-77.22858638,5149059297554549,6641027520882495,0,0,0,2023120616,7724972439113159
EJ786600D6,98E129506BA74731A87DFE160C637384,False,NO APPARENT INJURY,NONE,NOT DISTRACTED,PASSENGER,MOVING CONSTANT SPEED,North,FUNCTIONAL,40,False,False,2,2815627401561042,230070252,Gaithersburg Police Depar,Property Damage ,False,North,2,2,HILL UPHILL,False,False,DRIVER,SAME DIRECTION SIDESWIPE,DRY,DAYLIGHT,UNKNOWN,NON INTERSECTION,UNKNOWN,CURVE LEFT,NO DEFECTS,"TWO-WAY, DIVIDED, POSITIVE MEDIAN BARRIER",39.12922718,-77.22858638,5149059297554549,6641027520882495,0,0,0,2023120616,7724972439113159
MCP2703003H,B263F770FDC040089221CC36DFF0AB57,True,NO APPARENT INJURY,UNKNOWN,UNKNOWN,EMERGENCY,SLOWING OR STOPPING,North,SUPERFICIAL,35,False,False,2,660615385035114,230070266,Montgomery County Police,Property Damage ,True,North,2,3,LEVEL,False,False,DRIVER,SAME DIR REAR END,DRY,DARK LIGHTS ON,NO CONTROLS,NON INTERSECTION,UNKNOWN,STRAIGHT,NO DEFECTS,"TWO-WAY, DIVIDED, POSITIVE MEDIAN BARRIER",39.02150505,-77.04492834,8554262040045692,7088885807355800,0,0,0,2023120617,7704240439043964
MCP2703003H,3B54F7A4A2134CF89D46CCBF7F462054,False,NO APPARENT INJURY,UNKNOWN,NOT DISTRACTED,PASSENGER,STOPPED IN TRAFFIC LANE,North,SUPERFICIAL,35,False,False,2,4540518096345862,230070266,Montgomery County Police,Property Damage ,True,North,2,3,LEVEL,False,False,DRIVER,SAME DIR REAR END,DRY,DARK LIGHTS ON,NO CONTROLS,NON INTERSECTION,UNKNOWN,STRAIGHT,NO DEFECTS,"TWO-WAY, DIVIDED, POSITIVE MEDIAN BARRIER",39.02150505,-77.04492834,8554262040045692,7088885807355800,0,0,0,2023120617,7704240439043964
MCP33340022,D8F297D910454BFB962711A619172CA8,False,NO APPARENT INJURY,NONE,NOT DISTRACTED,PASSENGER,MOVING CONSTANT SPEED,South,FUNCTIONAL,35,False,False,3,3135597450780266,230070257,Montgomery County Police,Property Damage ,False,South,2,3,LEVEL,False,False,DRIVER,SAME DIR REAR END,UNKNOWN,DARK LIGHTS ON,NO CONTROLS,NON INTERSECTION,UNKNOWN,STRAIGHT,NO DEFECTS,"TWO-WAY, DIVIDED, UNPROTECTED PAINTED MIN 4 FEET",38.98595133,-77.02657667,5660893524410086,3650420809918253,0,0,0,2023120617,7703596439001907
MCP33340022,3B2817EA85A2434B8C5397990A59592F,False,NO APPARENT INJURY,NONE,NOT DISTRACTED,PASSENGER,MOVING CONSTANT SPEED,South,FUNCTIONAL,35,False,False,3,5251739791716180,230070257,Montgomery County Police,Property Damage ,False,South,2,3,LEVEL,False,False,DRIVER,SAME DIR REAR END,UNKNOWN,DARK LIGHTS ON,NO CONTROLS,NON INTERSECTION,UNKNOWN,STRAIGHT,NO DEFECTS,"TWO-WAY, DIVIDED, UNPROTECTED PAINTED MIN 4 FEET",38.98595133,-77.02657667,5660893524410086,3650420809918253,0,0,0,2023120617,7703596439001907
MCP33340022,ABE76D87FD8B416DA6B8BBA7DA86E2CF,True,NO APPARENT INJURY,NONE,OTHER DISTRACTION,PASSENGER,MOVING CONSTANT SPEED,South,FUNCTIONAL,35,False,False,3,3097115280098300,230070257,Montgomery County Police,Property Damage ,False,South,2,3,LEVEL,False,False,DRIVER,SAME DIR REAR END,UNKNOWN,DARK LIGHTS ON,NO CONTROLS,NON INTERSECTION,UNKNOWN,STRAIGHT,NO DEFECTS,"TWO-WAY, DIVIDED, UNPROTECTED PAINTED MIN 4 FEET",38.98595133,-77.02657667,5660893524410086,3650420809918253,0,0,0,2023120617,7703596439001907
EJ7876006M,059D88C4897144CD88491E76458BF0D9,True,NO APPARENT INJURY,NONE,LOOKED BUT DID NOT SEE,PASSENGER,MAKING LEFT TURN,South,FUNCTIONAL,25,False,False,2,650507276077365,230070263,Gaithersburg Police Depar,Property Damage ,False,West,1,1,LEVEL,False,False,DRIVER,ANGLE MEETS LEFT TURN,DRY,DARK LIGHTS ON,UNKNOWN,COMMERCIAL DRIVEWAY,T-INTERSECTION,STRAIGHT,NO DEFECTS,"TWO-WAY, DIVIDED, UNPROTECTED PAINTED MIN 4 FEET",39.14171587,-77.19716355,6897842092844078,3773360613594093,0,0,0,2023120617,7718751639140820
EJ7876006M,B6A1606F23B1471290F0EBA565E2BA5A,False,NO APPARENT INJURY,NONE,NOT DISTRACTED,PASSENGER,MOVING CONSTANT SPEED,West,NO DAMAGE,25,False,False,2,9755364676930633,230070263,Gaithersburg Police Depar,Property Damage ,False,West,1,1,LEVEL,False,False,DRIVER,ANGLE MEETS LEFT TURN,DRY,DARK LIGHTS ON,UNKNOWN,COMMERCIAL DRIVEWAY,T-INTERSECTION,STRAIGHT,NO DEFECTS,"TWO-WAY, DIVIDED, UNPROTECTED PAINTED MIN 4 FEET",39.14171587,-77.19716355,6897842092844078,3773360613594093,0,0,0,2023120617,7718751639140820
MCP2356003G,BA6978255D8A4083BC05F12EE517BF34,True,NO APPARENT INJURY,NONE,UNKNOWN,PASSENGER,MOVING CONSTANT SPEED,South,DISABLING,40,False,False,2,8925894098711167,230070265,Montgomery County Police,Property Damage ,False,South,1,1,LEVEL,False,False,DRIVER,HEAD ON,DRY,DARK NO LIGHTS,UNKNOWN,UNKNOWN,UNKNOWN,STRAIGHT,NO DEFECTS,"TWO-WAY, NOT DIVIDED",39.10811777,-77.37942302,8062463139441600,8637775152564489,0,0,0,2023120617,7740606839111706
MCP2356003G,DED19E82AEB14F0E92876C1DD6AAD837,False,NO APPARENT INJURY,NONE,NOT DISTRACTED,PASSENGER,MOVING CONSTANT SPEED,North,DISABLING,40,False,False,2,4757479642177515,230070265,Montgomery County Police,Property Damage ,False,South,1,1,LEVEL,False,False,DRIVER,HEAD ON,DRY,DARK NO LIGHTS,UNKNOWN,UNKNOWN,UNKNOWN,STRAIGHT,NO DEFECTS,"TWO-WAY, NOT DIVIDED",39.10811777,-77.37942302,8062463139441600,8637775152564489,0,0,0,2023120617,7740606839111706
MCP3197003V,C5ADFE061E2541358F3B27715D2F0714,False,NO APPARENT INJURY,NONE,NOT DISTRACTED,PASSENGER,MAKING RIGHT TURN,East,FUNCTIONAL,35,False,False,2,3625279951781377,230070260,Montgomery County Police,Property Damage ,False,East,2,2,LEVEL,False,False,DRIVER,SAME DIRECTION SIDESWIPE,DRY,DARK LIGHTS ON,TRAFFIC SIGNAL,INTERSECTION RELATED,FOUR-WAY INTERSECTION,STRAIGHT,NO DEFECTS,"TWO-WAY, DIVIDED, POSITIVE MEDIAN BARRIER",39.09012167,-77.04489,3786639377990067,1498137660831595,0,0,0,2023120617,7705486039088590
MCP3197003V,718DBD97F39D4DBB92D6F2C3350394F0,True,NO APPARENT INJURY,NONE,LOOKED BUT DID NOT SEE,PASSENGER,MAKING LEFT TURN,West,FUNCTIONAL,35,False,False,2,2156627592321575,230070260,Montgomery County Police,Property Damage ,False,East,2,2,LEVEL,False,False,DRIVER,SAME DIRECTION SIDESWIPE,DRY,DARK LIGHTS ON,TRAFFIC SIGNAL,INTERSECTION RELATED,FOUR-WAY INTERSECTION,STRAIGHT,NO DEFECTS,"TWO-WAY, DIVIDED, POSITIVE MEDIAN BARRIER",39.09012167,-77.04489,3786639377990067,1498137660831595,0,0,0,2023120617,7705486039088590