ReportNumber,VehicleCrashKey,DriverAtFault,DriverInjurySeverity,DriverSubstanceAbuse,DriverDistractedBy,VehicleType,VehicleMovement,VehicleGoingDir,VehicleDamageExtent,SpeedLimit,ParkedVehicle,SubstanceAbuseContributed,VehiclesCrashedTotal,VehicleKey,LocalCaseNumber,AgencyName,ACRSReportType,HitRun,LaneDirection,LaneNumber,NumberOfLanes,RoadGrade,NonTraffic,OffRoadIncident,AccidentAtFault,CollisionType,SurfaceCondition,Light,TrafficControl,Junction,IntersectionType,RoadAlignment,RoadCondition,RoadDivision,Latitude,Longitude,RoadKey,CrossStreetKey,NonMotoristTotal,NonMotoristInjury,NonMotoristFatal,DateHourKey,LocationAreaKey
MCP30800043,C36B3C8AAC704FD9BE0829C7AA09B13C,True,NO APPARENT INJURY,NONE,OTHER ELECTRONIC DEVICE (NAVIGATIONAL PALM PILOT),PASSENGER,MOVING CONSTANT SPEED,North,DISABLING,40,False,False,2,660615385035114,230070272,Montgomery County Police,Property Damage ,False,North,1,2,LEVEL,False,False,DRIVER,SAME DIR REAR END,DRY,DARK LIGHTS ON,NO CONTROLS,INTERSECTION,T-INTERSECTION,STRAIGHT,NO DEFECTS,"TWO-WAY, NOT DIVIDED",39.15608637,-77.2644614,278210474574513,575358522950523,0,0,0,2023120618,7729807639132189
MCP30800043,720821EEBC59498BB3098D4AC0B92006,False,NO APPARENT INJURY,NONE,NOT DISTRACTED,PASSENGER,SLOWING OR STOPPING,North,FUNCTIONAL,40,False,False,2,1288219000105598,230070272,Montgomery County Police,Property Damage ,False,North,1,2,LEVEL,False,False,DRIVER,SAME DIR REAR END,DRY,DARK LIGHTS ON,NO CONTROLS,INTERSECTION,T-INTERSECTION,STRAIGHT,NO DEFECTS,"TWO-WAY, NOT DIVIDED",39.15608637,-77.2644614,278210474574513,575358522950523,0,0,0,2023120618,7729807639132189
MCP2967004Y,2D82D1ACB069481AB0D03408001CC150,True,NO APPARENT INJURY,UNKNOWN,LOOKED BUT DID NOT SEE,PASSENGER,ACCELERATING,East,DISABLING,35,False,False,2,3063454761734827,230070277,Montgomery County Police,Property Damage ,False,South,2,3,LEVEL,False,False,DRIVER,STRAIGHT MOVEMENT ANGLE,DRY,DARK LIGHTS ON,STOP SIGN,INTERSECTION,FOUR-WAY INTERSECTION,STRAIGHT,NO DEFECTS,"TWO-WAY, DIVIDED, POSITIVE MEDIAN BARRIER",39.02517017,-77.07633333,1627793738140795,6574424151378256,0,0,0,2023120618,7707527239025656
MCP2967004Y,9870F8675BC84ABBBA69A2E515C416CD,False,NO APPARENT INJURY,UNKNOWN,NOT DISTRACTED,PASSENGER,MOVING CONSTANT SPEED,South,DISABLING,35,False,False,2,4023740981087678,230070277,Montgomery County Police,Property Damage ,False,South,2,3,LEVEL,False,False,DRIVER,STRAIGHT MOVEMENT ANGLE,DRY,DARK LIGHTS ON,STOP SIGN,INTERSECTION,FOUR-WAY INTERSECTION,STRAIGHT,NO DEFECTS,"TWO-WAY, DIVIDED, POSITIVE MEDIAN BARRIER",39.02517017,-77.07633333,1627793738140795,6574424151378256,0,0,0,2023120618,7707527239025656
MCP32630044,37D28D1ABEFF43D89AA39075F3107EB4,True,NO APPARENT INJURY,NONE,LOOKED BUT DID NOT SEE,PASSENGER,MAKING RIGHT TURN,South,SUPERFICIAL,25,False,False,1,6259949909495943,230070281,Montgomery County Police,Property Damage ,False,West,1,1,GRADE DOWNHILL,False,False,DRIVER,SAME DIRECTION RIGHT TURN,DRY,UNKNOWN,NO CONTROLS,INTERSECTION,FOUR-WAY INTERSECTION,STRAIGHT,NO DEFECTS,"TWO-WAY, NOT DIVIDED",38.98591127,-77.09493278,9212312080722898,7307765282026999,0,0,0,2023120619,7710072538987731
DM8494003M,4212B9E4A3CE4728AB33848E1D3257D2,False,NO APPARENT INJURY,UNKNOWN,UNKNOWN,PASSENGER,PASSING,North,DISABLING,5,False,False,2,7379790539269169,230070288,Takoma Park Police Depart,Property Damage ,False,UNKNOWN,0,0,UNKNOWN,True,True,DRIVER,HEAD ON,UNKNOWN,DARK LIGHTS ON,UNKNOWN,UNKNOWN,UNKNOWN,UNKNOWN,UNKNOWN,UNKNOWN,38.985317,-76.98638033,7781945108562677,7781945108562677,0,0,0,2023120619,7700204038982546
DM8494003M,64360232BEB648DC857B06DA06690D2E,True,NO APPARENT INJURY,UNKNOWN,UNKNOWN,PASSENGER,PASSING,South,FUNCTIONAL,5,False,False,2,2781967185194711,230070288,Takoma Park Police Depart,Property Damage ,False,UNKNOWN,0,0,UNKNOWN,True,True,DRIVER,HEAD ON,UNKNOWN,DARK LIGHTS ON,UNKNOWN,UNKNOWN,UNKNOWN,UNKNOWN,UNKNOWN,UNKNOWN,38.985317,-76.98638033,7781945108562677,7781945108562677,0,0,0,2023120619,7700204038982546
DD56660009,ED23B296CAE449108A9D5F76186E0CC3,False,NO APPARENT INJURY,UNKNOWN,NOT DISTRACTED,PASSENGER,MOVING CONSTANT SPEED,South,DISABLING,45,False,False,2,6148504662830022,230070290,Rockville Police Departme,Property Damage ,False,South,2,3,LEVEL,False,False,DRIVER,SAME DIRECTION SIDESWIPE,DRY,DARK LIGHTS ON,TRAFFIC SIGNAL,INTERSECTION,T-INTERSECTION,STRAIGHT,NO DEFECTS,"TWO-WAY, DIVIDED, POSITIVE MEDIAN BARRIER",39.09646241,-77.15332421,8967796628962237,4906760034738084,0,0,0,2023120620,7718114539090864
DD56660009,56D8724243304B4DA772550D4B32A3E4,True,NO APPARENT INJURY,UNKNOWN,NOT DISTRACTED,PASSENGER,RIGHT TURN ON RED,South,DISABLING,45,False,False,2,8874111836981021,230070290,Rockville Police Departme,Property Damage ,False,South,2,3,LEVEL,False,False,DRIVER,SAME DIRECTION SIDESWIPE,DRY,DARK LIGHTS ON,TRAFFIC SIGNAL,INTERSECTION,T-INTERSECTION,STRAIGHT,NO DEFECTS,"TWO-WAY, DIVIDED, POSITIVE MEDIAN BARRIER",39.09646241,-77.15332421,8967796628962237,4906760034738084,0,0,0,2023120620,7718114539090864
MCP3368001W,FF2F880313814EE886F1E3A8D46221EA,True,NO APPARENT INJURY,ALCOHOL,UNKNOWN,PASSENGER,UNKNOWN,East,SUPERFICIAL,25,False,True,1,2271652412197225,230070295,Montgomery County Police,Property Damage ,False,East,0,0,LEVEL,False,False,DRIVER,SINGLE VEHICLE,DRY,DARK NO LIGHTS,STOP SIGN,INTERSECTION,FOUR-WAY INTERSECTION,STRAIGHT,NO DEFECTS,"TWO-WAY, NOT DIVIDED",39.07935121,-77.0168046,2070331451178939,8062904328054705,0,0,0,2023120620,7698062539067210
MCP9392001K,BB8FDE0DFF4B41B08152A3C214292520,True,SUSPECTED SERIOUS INJURY,ALCOHOL,UNKNOWN,PASSENGER,MOVING CONSTANT SPEED,East,DESTROYED,40,False,True,1,1871444607239697,230070301,Montgomery County Police,Injury ,False,East,1,2,LEVEL,False,False,DRIVER,SINGLE VEHICLE,DRY,DARK NO LIGHTS,NO CONTROLS,NON INTERSECTION,UNKNOWN,STRAIGHT,NO DEFECTS,"TWO-WAY, NOT DIVIDED",39.19869833,-77.33023833,7646479973353349,2760963579305755,0,0,0,2023120621,7732651739188276
MCP2850002Q,FE937E17A80341A8914A0A24AA2008C5,False,NO APPARENT INJURY,UNKNOWN,NOT DISTRACTED,PASSENGER,ACCELERATING,North,DESTROYED,50,False,False,2,2815627418338661,230070299,Montgomery County Police,Property Damage ,False,North,2,2,LEVEL,False,False,DRIVER,HEAD ON,DRY,DARK LIGHTS ON,TRAFFIC SIGNAL,INTERSECTION RELATED,FOUR-WAY INTERSECTION,STRAIGHT,NO DEFECTS,"TWO-WAY, DIVIDED, POSITIVE MEDIAN BARRIER",39.15801333,-77.192055,1199254639990896,3882055954319754,0,0,0,2023120621,7718751639140820
MCP2850002Q,66C48EB3486441B1B4BEC91FB10BC222,True,NO APPARENT INJURY,UNKNOWN,TALKING OR LISTENING TO CELLULAR PHONE,PASSENGER,ACCELERATING,South,DESTROYED,50,False,False,2,4595510051903263,230070299,Montgomery County Police,Property Damage ,False,North,2,2,LEVEL,False,False,DRIVER,HEAD ON,DRY,DARK LIGHTS ON,TRAFFIC SIGNAL,INTERSECTION RELATED,FOUR-WAY INTERSECTION,STRAIGHT,NO DEFECTS,"TWO-WAY, DIVIDED, POSITIVE MEDIAN BARRIER",39.15801333,-77.192055,1199254639990896,3882055954319754,0,0,0,2023120621,7718751639140820
MCP30080044,63DD52EAD27D464E819DE12FECA5F58A,True,NO APPARENT INJURY,NONE,NOT DISTRACTED,PASSENGER,MOVING CONSTANT SPEED,South,SUPERFICIAL,25,False,False,1,2250767647570290,230070313,Montgomery County Police,Property Damage ,False,South,1,2,HILL CREST,False,False,DRIVER,UNKNOWN,DRY,DARK LIGHTS ON,NO CONTROLS,NON INTERSECTION,UNKNOWN,STRAIGHT,NO DEFECTS,"TWO-WAY, NOT DIVIDED",38.99412,-77.00123833,1595385451090210,5834951044030444,0,0,0,2023120700,7700204038982546
MCP27880039,3D3912A976A24053911059489146CB96,True,NO APPARENT INJURY,NONE,LOOKED BUT DID NOT SEE,PASSENGER,MOVING CONSTANT SPEED,North,DISABLING,35,False,False,1,7267442953632994,230070315,Montgomery County Police,Property Damage ,False,North,3,3,HILL UPHILL,False,False,DRIVER,UNKNOWN,DRY,DARK LIGHTS ON,UNKNOWN,UNKNOWN,UNKNOWN,STRAIGHT,NO DEFECTS,"TWO-WAY, DIVIDED, POSITIVE MEDIAN BARRIER",39.04452423,-77.06163367,8554262040045692,3667724726952550,0,0,0,2023120702,7704240439043964
MCP3063004K,01A2BC9C000245B69CF22B53EEC427FA,True,NO APPARENT INJURY,NONE,OTHER DISTRACTION,PASSENGER,SLOWING OR STOPPING,South,DISABLING,35,False,False,3,4231424009270268,230070316,Montgomery County Police,Injury ,False,South,2,4,LEVEL,False,False,DRIVER,SAME DIR REAR END,DRY,DARK LIGHTS ON,TRAFFIC SIGNAL,INTERSECTION,FOUR-WAY INTERSECTION,STRAIGHT,NO DEFECTS,"TWO-WAY, DIVIDED, UNPROTECTED PAINTED MIN 4 FEET",39.00974086,-77.04061674,8554262040045692,8155717206200682,0,0,0,2023120706,7703596439001907
MCP3063004K,EF74CF3615184400B8D7275093D592BC,False,POSSIBLE INJURY,NONE,NOT DISTRACTED,PASSENGER,STOPPED IN TRAFFIC LANE,South,DISABLING,35,False,False,3,3233063173565461,230070316,Montgomery County Police,Injury ,False,South,2,4,LEVEL,False,False,DRIVER,SAME DIR REAR END,DRY,DARK LIGHTS ON,TRAFFIC SIGNAL,INTERSECTION,FOUR-WAY INTERSECTION,STRAIGHT,NO DEFECTS,"TWO-WAY, DIVIDED, UNPROTECTED PAINTED MIN 4 FEET",39.00974086,-77.04061674,8554262040045692,8155717206200682,0,0,0,2023120706,7703596439001907
MCP3063004K,CD46A44746794793A133F1789FE8F9A2,False,NO APPARENT INJURY,NONE,NOT DISTRACTED,PASSENGER,STOPPED IN TRAFFIC LANE,South,SUPERFICIAL,35,False,False,3,8865406072277095,230070316,Montgomery County Police,Injury ,False,South,2,4,LEVEL,False,False,DRIVER,SAME DIR REAR END,DRY,DARK LIGHTS ON,TRAFFIC SIGNAL,INTERSECTION,FOUR-WAY INTERSECTION,STRAIGHT,NO DEFECTS,"TWO-WAY, DIVIDED, UNPROTECTED PAINTED MIN 4 FEET",39.00974086,-77.04061674,8554262040045692,8155717206200682,0,0,0,2023120706,7703596439001907
DD5607004Q,E3CA185816B04FA0A7A0BB53BFD388C5,False,NO APPARENT INJURY,NONE,NOT DISTRACTED,PASSENGER,MOVING CONSTANT SPEED,West,DESTROYED,45,False,False,2,5150116179297106,230070320,Rockville Police Departme,Property Damage ,False,West,2,2,HILL CREST,False,False,DRIVER,HEAD ON LEFT TURN,DRY,DAWN,TRAFFIC SIGNAL,INTERSECTION RELATED,T-INTERSECTION,STRAIGHT,NO DEFECTS,"TWO-WAY, DIVIDED, POSITIVE MEDIAN BARRIER",39.092823,-77.12269883,418179445979580,459515073783371,0,0,0,2023120706,7709494939102237
DD5607004Q,E2168A7D095B44E8BED5973F61D59FA6,True,NO APPARENT INJURY,NONE,LOOKED BUT DID NOT SEE,PASSENGER,MAKING LEFT TURN,North,DESTROYED,45,False,False,2,4595510051903263,230070320,Rockville Police Departme,Property Damage ,False,West,2,2,HILL CREST,False,False,DRIVER,HEAD ON LEFT TURN,DRY,DAWN,TRAFFIC SIGNAL,INTERSECTION RELATED,T-INTERSECTION,STRAIGHT,NO DEFECTS,"TWO-WAY, DIVIDED, POSITIVE MEDIAN BARRIER",39.092823,-77.12269883,418179445979580,459515073783371,0,0,0,2023120706,7709494939102237
MCP2946006B,C511CA771B4F4CD9A5A37D12EF7944A8,False,NO APPARENT INJURY,NONE,NOT DISTRACTED,BUS,STOPPED IN TRAFFIC LANE,East,SUPERFICIAL,30,False,False,2,6691677547236723,230070323,Montgomery County Police,Property Damage ,False,East,1,1,HILL UPHILL,False,False,DRIVER,SAME DIR REAR END,DRY,DAWN,STOP SIGN,INTERSECTION RELATED,T-INTERSECTION,CURVE LEFT,NO DEFECTS,"TWO-WAY, NOT DIVIDED",39.24692333,-77.23430733,7329307195987697,2800615797607229,0,0,0,2023120707,7728275839257602
MCP2946006B,998CA07AFD43474C922B606DE3D21AE7,True,NO APPARENT INJURY,NONE,INATTENTIVE OR LOST IN THOUGHT,PASSENGER,STARTING FROM LANE,East,FUNCTIONAL,30,False,False,2,9248617207047723,230070323,Montgomery County Police,Property Damage ,False,East,1,1,HILL UPHILL,False,False,DRIVER,SAME DIR REAR END,DRY,DAWN,STOP SIGN,INTERSECTION RELATED,T-INTERSECTION,CURVE LEFT,NO DEFECTS,"TWO-WAY, NOT DIVIDED",39.24692333,-77.23430733,7329307195987697,2800615797607229,0,0,0,2023120707,7728275839257602
MCP29910092,7DA08B1624A2494D967730935C93EB8D,True,NO APPARENT INJURY,NONE,NOT DISTRACTED,PASSENGER,MOVING CONSTANT SPEED,West,DISABLING,20,False,False,2,1986813749051064,230070326,Montgomery County Police,Property Damage ,False,West,1,2,LEVEL,False,False,DRIVER,UNKNOWN,DRY,DAYLIGHT,NO CONTROLS,UNKNOWN,UNKNOWN,STRAIGHT,NO DEFECTS,"TWO-WAY, NOT DIVIDED",39.10962141,-77.0069364,2732602760968682,1390888817021886,0,0,0,2023120707,7699078639113935
MCP29910092,BCB2D3B30CEB4F12BDF76E972F7FD720,False,NO APPARENT INJURY,NONE,NOT DISTRACTED,PASSENGER,MOVING CONSTANT SPEED,East,DISABLING,30,False,False,2,7731083915729161,230070326,Montgomery County Police,Property Damage ,False,West,1,2,LEVEL,False,False,DRIVER,UNKNOWN,DRY,DAYLIGHT,NO CONTROLS,UNKNOWN,UNKNOWN,STRAIGHT,NO DEFECTS,"TWO-WAY, NOT DIVIDED",39.10962141,-77.0069364,2732602760968682,1390888817021886,0,0,0,2023120707,7699078639113935
MCP31620053,D5EE0CCF49894D06ABF2304AA7F6C18C,True,NO APPARENT INJURY,NONE,NOT DISTRACTED,BUS,MOVING CONSTANT SPEED,South,SUPERFICIAL,25,False,False,1,2250767647570290,230070331,Montgomery County Police,Property Damage ,False,South,1,1,GRADE DOWNHILL,False,False,DRIVER,SAME DIRECTION RIGHT TURN,DRY,DAYLIGHT,NO CONTROLS,NON INTERSECTION,UNKNOWN,STRAIGHT,NO DEFECTS,"TWO-WAY, NOT DIVIDED",39.00304,-77.00636333,6963117147254798,6493547405521258,0,0,0,2023120708,7700923739021308
EJ7837007G,61ACB27D33ED41F88E6B3444847614BB,True,NO APPARENT INJURY,UNKNOWN,DISTRACTED BY OUTSIDE PERSON OBJECT OR EVENT,PASSENGER,MAKING RIGHT TURN,North,DISABLING,35,False,False,2,3291189881588579,230070327,Gaithersburg Police Depar,Property Damage ,False,North,3,3,LEVEL,False,False,DRIVER,SAME DIRECTION RIGHT TURN,DRY,DAYLIGHT,TRAFFIC SIGNAL,INTERSECTION,FOUR-WAY INTERSECTION,STRAIGHT,NO DEFECTS,"TWO-WAY, DIVIDED, POSITIVE MEDIAN BARRIER",39.15567343,-77.2155717,4972572914805173,8712022653486671,0,0,0,2023120708,7722140839165105
EJ7837007G,5538176C0CD140DFB313C51FB8BC9941,False,NO APPARENT INJURY,UNKNOWN,NOT DISTRACTED,PASSENGER,MOVING CONSTANT SPEED,North,DISABLING,35,False,False,2,2527430115228112,230070327,Gaithersburg Police Depar,Property Damage ,False,North,3,3,LEVEL,False,False,DRIVER,SAME DIRECTION RIGHT TURN,DRY,DAYLIGHT,TRAFFIC SIGNAL,INTERSECTION,FOUR-WAY INTERSECTION,STRAIGHT,NO DEFECTS,"TWO-WAY, DIVIDED, POSITIVE MEDIAN BARRIER",39.15567343,-77.2155717,4972572914805173,8712022653486671,0,0,0,2023120708,7722140839165105
MCP3348001S,BEEC3AD837874B6E88AD3C03DE3716DD,False,NO APPARENT INJURY,NONE,NOT DISTRACTED,PASSENGER,SLOWING OR STOPPING,West,FUNCTIONAL,30,False,False,2,660615385035114,230070332,Montgomery County Police,Property Damage ,False,West,1,2,LEVEL,False,False,DRIVER,SAME DIR REAR END,DRY,DAYLIGHT,UNKNOWN,NON INTERSECTION,UNKNOWN,STRAIGHT,NO DEFECTS,"TWO-WAY, DIVIDED, POSITIVE MEDIAN BARRIER",39.10518333,-77.08608,418179445979580,3046881917457544,0,0,0,2023120708,7709494939102237
MCP3348001S,07D814355DCF4814AD6DEC4DC8701486,True,NO APPARENT INJURY,NONE,NOT DISTRACTED,PASSENGER,SLOWING OR STOPPING,West,DISABLING,30,False,False,2,3233063173565461,230070332,Montgomery County Police,Property Damage ,False,West,1,2,LEVEL,False,False,DRIVER,SAME DIR REAR END,DRY,DAYLIGHT,UNKNOWN,NON INTERSECTION,UNKNOWN,STRAIGHT,NO DEFECTS,"TWO-WAY, DIVIDED, POSITIVE MEDIAN BARRIER",39.10518333,-77.08608,418179445979580,3046881917457544,0,0,0,2023120708,7709494939102237
DD5663000F,C03ECA0C22454F5FA7CBF0F5DFE52F58,True,SUSPECTED MINOR INJURY,NONE,NOT DISTRACTED,PASSENGER,RIGHT TURN ON RED,South,DESTROYED,45,False,False,2,4707514998248230,230070334,Rockville Police Departme,Injury ,False,South,2,3,LEVEL,False,False,DRIVER,OTHER,DRY,DAYLIGHT,TRAFFIC SIGNAL,INTERSECTION,T-INTERSECTION,STRAIGHT,NO DEFECTS,"TWO-WAY, DIVIDED, POSITIVE MEDIAN BARRIER",39.0965958,-77.15332664,4906760034738084,8967796628962237,0,0,0,2023120708,7718114539090864
DD5663000F,FFE2694443DA41AB990B9DFE8D0F6D82,False,NO APPARENT INJURY,NONE,NOT DISTRACTED,PASSENGER,MOVING CONSTANT SPEED,South,DISABLING,45,False,False,2,3958625701377399,230070334,Rockville Police Departme,Injury ,False,South,2,3,LEVEL,False,False,DRIVER,OTHER,DRY,DAYLIGHT,TRAFFIC SIGNAL,INTERSECTION,T-INTERSECTION,STRAIGHT,NO DEFECTS,"TWO-WAY, DIVIDED, POSITIVE MEDIAN BARRIER",39.0965958,-77.15332664,4906760034738084,8967796628962237,0,0,0,2023120708,7718114539090864
MCP3290002P,F83BE5EEE646457C89AFF5E17214F4EA,True,NO APPARENT INJURY,NONE,UNKNOWN,PASSENGER,MAKING RIGHT TURN,South,SUPERFICIAL,25,False,False,1,6691677547236723,230070338,Montgomery County Police,Property Damage ,False,South,1,1,LEVEL,False,False,DRIVER,SINGLE VEHICLE,DRY,DAYLIGHT,NO CONTROLS,NON INTERSECTION,UNKNOWN,CURVE RIGHT,NO DEFECTS,"TWO-WAY, NOT DIVIDED",39.01560667,-77.01013833,4043812309916232,2099636487886494,0,0,0,2023120708,7700923739021308
MCP2730003J,EC8E25CC8DD74E6586959FA8ACBBC5A6,False,NO APPARENT INJURY,UNKNOWN,NOT DISTRACTED,BUS,MAKING LEFT TURN,North,SUPERFICIAL,0,False,False,2,6691677547236723,230070353,Montgomery County Police,Injury ,False,UNKNOWN,0,0,UNKNOWN,True,True,DRIVER,SAME DIRECTION LEFT TURN,UNKNOWN,DAYLIGHT,NO CONTROLS,UNKNOWN,UNKNOWN,UNKNOWN,UNKNOWN,UNKNOWN,39.18030667,-77.26962167,7781945108562677,7781945108562677,0,0,0,2023120709,7729807639132189
MCP2730003J,6348C54F20C34F2E9DBDF85FA5EBFD0C,True,POSSIBLE INJURY,UNKNOWN,NOT DISTRACTED,PASSENGER,ACCELERATING,North,DISABLING,0,False,False,2,2408098611730518,230070353,Montgomery County Police,Injury ,False,UNKNOWN,0,0,UNKNOWN,True,True,DRIVER,SAME DIRECTION LEFT TURN,UNKNOWN,DAYLIGHT,NO CONTROLS,UNKNOWN,UNKNOWN,UNKNOWN,UNKNOWN,UNKNOWN,39.18030667,-77.26962167,7781945108562677,7781945108562677,0,0,0,2023120709,7729807639132189
MCP31620054,E30F0464D75C48F78A9378DBBCF610E0,True,NO APPARENT INJURY,NONE,NOT DISTRACTED,TRUCK,MAKING LEFT TURN,North,SUPERFICIAL,35,False,False,2,8656294072768819,230070371,Montgomery County Police,Property Damage ,False,North,0,3,LEVEL,False,False,DRIVER,SAME DIRECTION SIDESWIPE,DRY,DAYLIGHT,TRAFFIC SIGNAL,INTERSECTION RELATED,FOUR-WAY INTERSECTION,STRAIGHT,NO DEFECTS,"TWO-WAY, DIVIDED, POSITIVE MEDIAN BARRIER",39.029735,-77.04858167,8554262040045692,2801777171080020,0,0,0,2023120710,7704240439043964
MCP31620054,0AD51CE423BF4B9098400CF8F9DC5A5F,False,NO APPARENT INJURY,NONE,NOT DISTRACTED,PASSENGER,SLOWING OR STOPPING,North,SUPERFICIAL,35,False,False,2,9565689090786746,230070371,Montgomery County Police,Property Damage ,False,North,0,3,LEVEL,False,False,DRIVER,SAME DIRECTION SIDESWIPE,DRY,DAYLIGHT,TRAFFIC SIGNAL,INTERSECTION RELATED,FOUR-WAY INTERSECTION,STRAIGHT,NO DEFECTS,"TWO-WAY, DIVIDED, POSITIVE MEDIAN BARRIER",39.029735,-77.04858167,8554262040045692,2801777171080020,0,0,0,2023120710,7704240439043964
EJ7837007J,77FA022BF2164D129F026903C044EBFF,True,NO APPARENT INJURY,UNKNOWN,NOT DISTRACTED,PASSENGER,STARTING FROM PARKED,West,DISABLING,25,False,False,1,8865405971611381,230070386,Gaithersburg Police Depar,Property Damage ,False,UNKNOWN,0,0,UNKNOWN,True,True,DRIVER,SINGLE VEHICLE,UNKNOWN,DAYLIGHT,UNKNOWN,UNKNOWN,UNKNOWN,UNKNOWN,UNKNOWN,UNKNOWN,39.11492447,-77.19589292,7781945108562677,7781945108562677,0,0,0,2023120710,7724972439113159
DD5567001W,431A26C350824BE2B069E4E3F462AEC4,True,NO APPARENT INJURY,NONE,UNKNOWN,PASSENGER,BACKING,East,SUPERFICIAL,20,False,False,2,9523097888248411,230070377,Rockville Police Departme,Property Damage ,False,West,1,1,LEVEL,False,False,DRIVER,OTHER,DRY,DAYLIGHT,UNKNOWN,NON INTERSECTION,UNKNOWN,STRAIGHT,NO DEFECTS,"TWO-WAY, NOT DIVIDED",39.08654072,-77.15105901,1201914823901252,9735215104329978,0,0,0,2023120711,7718114539090864
DD5567001W,7F47B654E3D54DD9B3D42EBFB98FE69F,False,NO APPARENT INJURY,NONE,NOT DISTRACTED,BUS,PARKED,UNKNOWN,SUPERFICIAL,0,True,False,2,6691677547236723,230070377,Rockville Police Departme,Property Damage ,False,West,1,1,LEVEL,False,False,DRIVER,OTHER,DRY,DAYLIGHT,UNKNOWN,NON INTERSECTION,UNKNOWN,STRAIGHT,NO DEFECTS,"TWO-WAY, NOT DIVIDED",39.08654072,-77.15105901,1201914823901252,9735215104329978,0,0,0,2023120711,7718114539090864
MCP3143005C,296139A96A4B4560B2E6A53C1A81C9DF,True,NO APPARENT INJURY,NONE,INATTENTIVE OR LOST IN THOUGHT,PASSENGER,SLOWING OR STOPPING,South,SUPERFICIAL,30,False,False,2,1704977912840261,230070388,Montgomery County Police,Property Damage ,False,South,1,1,LEVEL,False,False,DRIVER,SAME DIR REAR END,DRY,DAYLIGHT,NO CONTROLS,UNKNOWN,UNKNOWN,STRAIGHT,NO DEFECTS,ONE-WAY TRAFFICWAY,39.00309167,-77.07743167,1627793738140795,9512096511358850,0,0,0,2023120711,7707842038983818
MCP3143005C,9F386E0805F540CDA53359D18281200F,False,NO APPARENT INJURY,NONE,NOT DISTRACTED,PASSENGER,STOPPED IN TRAFFIC LANE,South,NO DAMAGE,30,False,False,2,4875847047016542,230070388,Montgomery County Police,Property Damage ,False,South,1,1,LEVEL,False,False,DRIVER,SAME DIR REAR END,DRY,DAYLIGHT,NO CONTROLS,UNKNOWN,UNKNOWN,STRAIGHT,NO DEFECTS,ONE-WAY TRAFFICWAY,39.00309167,-77.07743167,1627793738140795,9512096511358850,0,0,0,2023120711,7707842038983818
MCP2592003F,54E9116D27F4478EBF4B2FAC1CCFC808,True,NO APPARENT INJURY,NONE,LOOKED BUT DID NOT SEE,PASSENGER,MAKING LEFT TURN,South,FUNCTIONAL,30,False,False,2,37065376191701,230070397,Montgomery County Police,Property Damage ,False,West,1,1,LEVEL,False,False,DRIVER,ANGLE MEETS LEFT TURN,DRY,DAYLIGHT,NO CONTROLS,INTERSECTION,T-INTERSECTION,STRAIGHT,NO DEFECTS,"TWO-WAY, NOT DIVIDED",39.16989843,-77.20551604,24365971728970,7752142353575602,0,0,0,2023120712,7719610239179289
MCP2592003F,734A469A1F9D4A0EAB79EF58529DE53E,False,NO APPARENT INJURY,NONE,NOT DISTRACTED,PASSENGER,MOVING CONSTANT SPEED,West,DISABLING,30,False,False,2,4834438347529233,230070397,Montgomery County Police,Property Damage ,False,West,1,1,LEVEL,False,False,DRIVER,ANGLE MEETS LEFT TURN,DRY,DAYLIGHT,NO CONTROLS,INTERSECTION,T-INTERSECTION,STRAIGHT,NO DEFECTS,"TWO-WAY, NOT DIVIDED",39.16989843,-77.20551604,24365971728970,7752142353575602,0,0,0,2023120712,7719610239179289
MCP21210031,3887FEBA0EBA4FB9A66D0E9070B6B750,True,NO APPARENT INJURY,NONE,UNKNOWN,PASSENGER,MOVING CONSTANT SPEED,South,DESTROYED,30,False,False,2,1546341609629170,230070402,Montgomery County Police,Property Damage ,False,West,1,2,HILL UPHILL,False,False,DRIVER,STRAIGHT MOVEMENT ANGLE,DRY,DAYLIGHT,STOP SIGN,INTERSECTION,FOUR-WAY INTERSECTION,STRAIGHT,NO DEFECTS,"TWO-WAY, NOT DIVIDED",39.22465033,-77.426384,7396381925364162,6515137312100551,0,0,0,2023120712,7743621739190007
MCP21210031,F05B61B6ACC84EE5A8A8D750F438EF79,False,NO APPARENT INJURY,NONE,NOT DISTRACTED,TRUCK,MOVING CONSTANT SPEED,West,FUNCTIONAL,40,False,False,2,2250767647570290,230070402,Montgomery County Police,Property Damage ,False,West,1,2,HILL UPHILL,False,False,DRIVER,STRAIGHT MOVEMENT ANGLE,DRY,DAYLIGHT,STOP SIGN,INTERSECTION,FOUR-WAY INTERSECTION,STRAIGHT,NO DEFECTS,"TWO-WAY, NOT DIVIDED",39.22465033,-77.426384,7396381925364162,6515137312100551,0,0,0,2023120712,7743621739190007