ReportNumber,VehicleCrashKey,DriverAtFault,DriverInjurySeverity,DriverSubstanceAbuse,DriverDistractedBy,VehicleType,VehicleMovement,VehicleGoingDir,VehicleDamageExtent,SpeedLimit,ParkedVehicle,SubstanceAbuseContributed,VehiclesCrashedTotal,VehicleKey,LocalCaseNumber,AgencyName,ACRSReportType,HitRun,LaneDirection,LaneNumber,NumberOfLanes,RoadGrade,NonTraffic,OffRoadIncident,AccidentAtFault,CollisionType,SurfaceCondition,Light,TrafficControl,Junction,IntersectionType,RoadAlignment,RoadCondition,RoadDivision,Latitude,Longitude,RoadKey,CrossStreetKey,NonMotoristTotal,NonMotoristInjury,NonMotoristFatal,DateHourKey,LocationAreaKey
MCP9386009T,4047711A59264E5A852F15F0F5F41A5F,False,NO APPARENT INJURY,UNKNOWN,NOT DISTRACTED,EMERGENCY,STARTING FROM PARKED,West,SUPERFICIAL,15,False,False,1,3063454677846732,230071093,Montgomery County Police,Property Damage ,False,UNKNOWN,0,0,UNKNOWN,True,True,UNKNOWN,SAME DIRECTION SIDESWIPE,UNKNOWN,DAYLIGHT,NO CONTROLS,UNKNOWN,UNKNOWN,UNKNOWN,UNKNOWN,UNKNOWN,38.99123424,-77.07654758,7781945108562677,7781945108562677,0,0,0,2023120713,7707842038983818
MCP2946006C,D6618A9867AB40B69E8B246BEF48E46B,True,NO APPARENT INJURY,NONE,DISTRACTED BY OUTSIDE PERSON OBJECT OR EVENT,PASSENGER,ACCELERATING,North,DISABLING,25,False,False,1,9530107300230689,230070410,Montgomery County Police,Property Damage ,False,North,0,1,LEVEL,False,False,DRIVER,OTHER,DRY,DAYLIGHT,NO CONTROLS,NON INTERSECTION,UNKNOWN,STRAIGHT,NO DEFECTS,"TWO-WAY, NOT DIVIDED",39.18985283,-77.24399817,9968530150248356,9878604949089268,0,0,0,2023120714,7723271939208770
EJ786600D7,6B5B1CF7A61940D7ABAD3A9778DB9A0A,True,SUSPECTED SERIOUS INJURY,NONE,UNKNOWN,EMERGENCY,ACCELERATING,South,DESTROYED,50,False,False,1,6885860999456509,230070424,Gaithersburg Police Depar,Injury ,False,South,1,2,LEVEL,False,False,DRIVER,SINGLE VEHICLE,DRY,DAYLIGHT,NO CONTROLS,UNKNOWN,UNKNOWN,CURVE LEFT,NO DEFECTS,"TWO-WAY, DIVIDED, POSITIVE MEDIAN BARRIER",39.1198898,-77.22415327,7771692879388507,5651121530012879,0,0,0,2023120715,7724972439113159
EJ7887003G,50173E14AA1947E7977F9BD32D401BB6,True,SUSPECTED MINOR INJURY,NONE,NOT DISTRACTED,PASSENGER,MOVING CONSTANT SPEED,North,DISABLING,5,False,False,1,7004010104313884,230070430,Gaithersburg Police Depar,Injury ,False,UNKNOWN,0,0,UNKNOWN,True,True,DRIVER,OTHER,UNKNOWN,DAYLIGHT,NO CONTROLS,UNKNOWN,UNKNOWN,UNKNOWN,UNKNOWN,UNKNOWN,39.1618754,-77.220468,7781945108562677,7781945108562677,0,0,0,2023120715,7722140839165105
MCP3225004B,BA2159B8044345F8A066F0B8EDEFB6EA,True,NO APPARENT INJURY,NONE,UNKNOWN,PASSENGER,PARKING,East,FUNCTIONAL,15,False,False,1,7868426092859000,230070429,Montgomery County Police,Property Damage ,True,UNKNOWN,0,0,UNKNOWN,True,True,DRIVER,SAME DIRECTION SIDESWIPE,UNKNOWN,DAYLIGHT,UNKNOWN,UNKNOWN,UNKNOWN,UNKNOWN,UNKNOWN,UNKNOWN,39.08134667,-77.0784585,7781945108562677,7781945108562677,0,0,0,2023120715,7705486039088590
MCP3259003Y,4FD706E54F0641E1B2A2607AA0C441A9,True,NO APPARENT INJURY,NONE,LOOKED BUT DID NOT SEE,TRUCK,BACKING,West,SUPERFICIAL,25,False,False,1,8656294072768819,230070446,Montgomery County Police,Property Damage ,False,West,1,1,LEVEL,False,False,DRIVER,SAME DIRECTION SIDESWIPE,DRY,DAYLIGHT,NO CONTROLS,UNKNOWN,UNKNOWN,STRAIGHT,NO DEFECTS,"TWO-WAY, NOT DIVIDED",38.98102338,-77.16773989,142321731301833,866913627893819,0,0,0,2023120715,7715220038996189
MCP31610060,3D8D1611B6354B5281C41BDB10780ED3,True,NO APPARENT INJURY,NONE,UNKNOWN,PASSENGER,MAKING LEFT TURN,South,DISABLING,35,False,False,2,1704977912840261,230070439,Montgomery County Police,Injury ,False,North,1,3,GRADE DOWNHILL,False,False,DRIVER,HEAD ON LEFT TURN,DRY,DARK LIGHTS ON,TRAFFIC SIGNAL,INTERSECTION RELATED,FOUR-WAY INTERSECTION,STRAIGHT,NO DEFECTS,"TWO-WAY, DIVIDED, POSITIVE MEDIAN BARRIER",39.04742767,-77.0756865,1627793738140795,3598064012334404,0,0,0,2023120716,7704240439043964
MCP31610060,401D958AB4204B1BAB548914B3021706,False,POSSIBLE INJURY,NONE,NOT DISTRACTED,PASSENGER,MOVING CONSTANT SPEED,North,DISABLING,35,False,False,2,3291189881588579,230070439,Montgomery County Police,Injury ,False,North,1,3,GRADE DOWNHILL,False,False,DRIVER,HEAD ON LEFT TURN,DRY,DARK LIGHTS ON,TRAFFIC SIGNAL,INTERSECTION RELATED,FOUR-WAY INTERSECTION,STRAIGHT,NO DEFECTS,"TWO-WAY, DIVIDED, POSITIVE MEDIAN BARRIER",39.04742767,-77.0756865,1627793738140795,3598064012334404,0,0,0,2023120716,7704240439043964
MCP2782004Z,6D4F4C6C2FAC4A0196467802373C78D0,True,NO APPARENT INJURY,NONE,UNKNOWN,PASSENGER,CHANGING LANES,North,FUNCTIONAL,40,False,False,2,1032942931887779,230070442,Montgomery County Police,Property Damage ,True,North,1,2,LEVEL,False,False,DRIVER,SAME DIRECTION SIDESWIPE,DRY,DAYLIGHT,TRAFFIC SIGNAL,INTERSECTION,FOUR-WAY INTERSECTION,STRAIGHT,NO DEFECTS,"TWO-WAY, DIVIDED, POSITIVE MEDIAN BARRIER",39.08371053,-77.07775709,2128650102927787,8554262040045692,0,0,0,2023120716,7705486039088590
MCP2782004Z,AF8BF1B8C4F64C738A8098D8813B69A1,False,NO APPARENT INJURY,UNKNOWN,NOT DISTRACTED,PASSENGER,MOVING CONSTANT SPEED,North,UNKNOWN,40,False,False,2,2458098247076286,230070442,Montgomery County Police,Property Damage ,True,North,1,2,LEVEL,False,False,DRIVER,SAME DIRECTION SIDESWIPE,DRY,DAYLIGHT,TRAFFIC SIGNAL,INTERSECTION,FOUR-WAY INTERSECTION,STRAIGHT,NO DEFECTS,"TWO-WAY, DIVIDED, POSITIVE MEDIAN BARRIER",39.08371053,-77.07775709,2128650102927787,8554262040045692,0,0,0,2023120716,7705486039088590
MCP33530021,294CAB2CE5814C9A93CD58163BD8CF93,False,NO APPARENT INJURY,NONE,NOT DISTRACTED,PASSENGER,MOVING CONSTANT SPEED,East,DISABLING,25,False,False,2,1306988597267074,230070455,Montgomery County Police,Property Damage ,False,North,1,1,LEVEL,False,False,DRIVER,STRAIGHT MOVEMENT ANGLE,DRY,DARK LIGHTS ON,STOP SIGN,INTERSECTION,FOUR-WAY INTERSECTION,STRAIGHT,NO DEFECTS,"TWO-WAY, NOT DIVIDED",39.08924983,-77.0940915,2947363850774353,6433863054140662,0,0,0,2023120717,7709494939102237
MCP33530021,517A2667CA8743C092B10CDDC015E760,True,NO APPARENT INJURY,NONE,LOOKED BUT DID NOT SEE,TRUCK,MOVING CONSTANT SPEED,North,DISABLING,25,False,False,2,885116447940344,230070455,Montgomery County Police,Property Damage ,False,North,1,1,LEVEL,False,False,DRIVER,STRAIGHT MOVEMENT ANGLE,DRY,DARK LIGHTS ON,STOP SIGN,INTERSECTION,FOUR-WAY INTERSECTION,STRAIGHT,NO DEFECTS,"TWO-WAY, NOT DIVIDED",39.08924983,-77.0940915,2947363850774353,6433863054140662,0,0,0,2023120717,7709494939102237
MCP2552006S,17A5D0F94D96470EAC96CE5585125C05,True,NO APPARENT INJURY,UNKNOWN,NOT DISTRACTED,PASSENGER,MAKING RIGHT TURN,North,SUPERFICIAL,35,False,False,1,9530107216342594,230070457,Montgomery County Police,Injury ,False,North,3,3,LEVEL,False,False,DRIVER,OTHER,DRY,DARK LIGHTS ON,TRAFFIC SIGNAL,INTERSECTION,FOUR-WAY INTERSECTION,STRAIGHT,NO DEFECTS,"TWO-WAY, DIVIDED, POSITIVE MEDIAN BARRIER",39.13371167,-77.15808833,1611524329361443,8676565496050888,1,1,0,2023120717,7713230839137712
MCP3403000B,D4E892E2BF2B44C78E8ABFC7F6D8368D,False,NO APPARENT INJURY,NONE,UNKNOWN,PASSENGER,MAKING RIGHT TURN,South,NO DAMAGE,30,False,False,1,1314431078866941,230070456,Montgomery County Police,Injury ,False,South,1,1,LEVEL,False,False,UNKNOWN,STRAIGHT MOVEMENT ANGLE,DRY,DARK LIGHTS ON,TRAFFIC SIGNAL,INTERSECTION,T-INTERSECTION,CURVE RIGHT,NO DEFECTS,"TWO-WAY, DIVIDED, POSITIVE MEDIAN BARRIER",39.0823322,-76.94716118,6740740251212367,8167578228000493,1,1,0,2023120717,7698062539067210
EJ78750048,4E26DF83EAEB426A8523C72019897719,True,NO APPARENT INJURY,UNKNOWN,LOOKED BUT DID NOT SEE,PASSENGER,MOVING CONSTANT SPEED,West,DISABLING,35,False,False,2,4595510051903263,230070467,Gaithersburg Police Depar,Property Damage ,False,North,2,3,LEVEL,False,False,DRIVER,STRAIGHT MOVEMENT ANGLE,DRY,DARK LIGHTS ON,TRAFFIC SIGNAL,INTERSECTION,FOUR-WAY INTERSECTION,STRAIGHT,NO DEFECTS,"TWO-WAY, NOT DIVIDED",39.14362938,-77.2237078,278210474574513,1106859133456978,0,0,0,2023120718,7724972439113159
EJ78750048,52664F584CE04CCBBD8A2F304CC35F82,False,NO APPARENT INJURY,UNKNOWN,NOT DISTRACTED,PASSENGER,MOVING CONSTANT SPEED,North,DISABLING,35,False,False,2,9523097905026030,230070467,Gaithersburg Police Depar,Property Damage ,False,North,2,3,LEVEL,False,False,DRIVER,STRAIGHT MOVEMENT ANGLE,DRY,DARK LIGHTS ON,TRAFFIC SIGNAL,INTERSECTION,FOUR-WAY INTERSECTION,STRAIGHT,NO DEFECTS,"TWO-WAY, NOT DIVIDED",39.14362938,-77.2237078,278210474574513,1106859133456978,0,0,0,2023120718,7724972439113159
MCP3228005H,1BA8CA83E1F84CFDBF5F8C137709630B,True,NO APPARENT INJURY,UNKNOWN,UNKNOWN,PASSENGER,MOVING CONSTANT SPEED,South,UNKNOWN,35,False,False,2,2134147868633988,230070470,Montgomery County Police,Property Damage ,True,South,2,3,HILL UPHILL,False,False,DRIVER,SAME DIR REAR END,DRY,DARK LIGHTS ON,TRAFFIC SIGNAL,INTERSECTION RELATED,FIVE-POINT OR MORE,STRAIGHT,NO DEFECTS,"TWO-WAY, DIVIDED, POSITIVE MEDIAN BARRIER",38.98857983,-77.02678617,5660893524410086,200088595810112,0,0,0,2023120718,7703596439001907
MCP3228005H,8EDE9D739DD14C1491B25AEDAA64782E,False,NO APPARENT INJURY,NONE,NOT DISTRACTED,BUS,ACCELERATING,South,FUNCTIONAL,35,False,False,2,789604639519848,230070470,Montgomery County Police,Property Damage ,True,South,2,3,HILL UPHILL,False,False,DRIVER,SAME DIR REAR END,DRY,DARK LIGHTS ON,TRAFFIC SIGNAL,INTERSECTION RELATED,FIVE-POINT OR MORE,STRAIGHT,NO DEFECTS,"TWO-WAY, DIVIDED, POSITIVE MEDIAN BARRIER",38.98857983,-77.02678617,5660893524410086,200088595810112,0,0,0,2023120718,7703596439001907
MCP2967004Z,E88713F1A517404C9F5B0DE7BB82E917,True,NO APPARENT INJURY,UNKNOWN,NOT DISTRACTED,PASSENGER,BACKING,North,SUPERFICIAL,25,False,False,1,2815627317672947,230070481,Montgomery County Police,Property Damage ,False,South,0,1,LEVEL,False,False,DRIVER,OTHER,DRY,DARK LIGHTS ON,UNKNOWN,UNKNOWN,UNKNOWN,STRAIGHT,NO DEFECTS,"TWO-WAY, NOT DIVIDED",39.0503915,-77.117083,6235001838748695,2656540975711871,0,0,0,2023120719,7712482939051552
MCP2380000G,CEF2BEA3DA4D426583404196517272E1,False,POSSIBLE INJURY,NONE,NOT DISTRACTED,EMERGENCY,MOVING CONSTANT SPEED,North,DESTROYED,35,False,False,2,9992477316391531,230070479,Montgomery County Police,Injury ,False,North,2,3,LEVEL,False,False,DRIVER,SAME DIR REAR END,DRY,DARK LIGHTS ON,TRAFFIC SIGNAL,INTERSECTION,FOUR-WAY INTERSECTION,STRAIGHT,NO DEFECTS,"TWO-WAY, DIVIDED, POSITIVE MEDIAN BARRIER",38.99849381,-77.10921878,4494898042244063,3763144010349844,0,0,0,2023120719,7710269338999892
MCP2380000G,E9AB29D963BE40248F80E7798AC8E43A,True,POSSIBLE INJURY,NONE,UNKNOWN,PASSENGER,CHANGING LANES,North,DISABLING,35,False,False,2,5738617072384403,230070479,Montgomery County Police,Injury ,False,North,2,3,LEVEL,False,False,DRIVER,SAME DIR REAR END,DRY,DARK LIGHTS ON,TRAFFIC SIGNAL,INTERSECTION,FOUR-WAY INTERSECTION,STRAIGHT,NO DEFECTS,"TWO-WAY, DIVIDED, POSITIVE MEDIAN BARRIER",38.99849381,-77.10921878,4494898042244063,3763144010349844,0,0,0,2023120719,7710269338999892
MCP33560012,23A6D4962E5245DD8E1C2BD3C353207A,True,NO APPARENT INJURY,NONE,INATTENTIVE OR LOST IN THOUGHT,PASSENGER,MOVING CONSTANT SPEED,West,DISABLING,25,False,False,2,1314431045311703,230070478,Montgomery County Police,Property Damage ,False,West,1,2,LEVEL,False,False,DRIVER,SAME DIR REAR END,DRY,DARK LIGHTS ON,STOP SIGN,INTERSECTION,T-INTERSECTION,STRAIGHT,NO DEFECTS,"TWO-WAY, NOT DIVIDED",39.260493,-77.22312083,2800615797607229,8630790159084074,0,0,0,2023120719,7721721839291851
MCP33560012,9A4447D9035747EC8DBEE983617C8A1B,False,NO APPARENT INJURY,NONE,NOT DISTRACTED,PASSENGER,MOVING CONSTANT SPEED,West,SUPERFICIAL,25,False,False,2,3711344825594066,230070478,Montgomery County Police,Property Damage ,False,West,1,2,LEVEL,False,False,DRIVER,SAME DIR REAR END,DRY,DARK LIGHTS ON,STOP SIGN,INTERSECTION,T-INTERSECTION,STRAIGHT,NO DEFECTS,"TWO-WAY, NOT DIVIDED",39.260493,-77.22312083,2800615797607229,8630790159084074,0,0,0,2023120719,7721721839291851
MCP2703003J,ED5DA9613757466FA1A4B9D90AB24366,True,NO APPARENT INJURY,UNKNOWN,UNKNOWN,PASSENGER,MOVING CONSTANT SPEED,West,UNKNOWN,35,False,False,2,2128459613531531,230070496,Montgomery County Police,Property Damage ,True,West,2,3,LEVEL,False,False,DRIVER,SAME DIRECTION SIDESWIPE,DRY,DARK LIGHTS ON,NO CONTROLS,UNKNOWN,UNKNOWN,STRAIGHT,NO DEFECTS,"TWO-WAY, NOT DIVIDED",38.99974785,-76.99534367,5005946941929880,7883959838840872,0,0,0,2023120719,7700923739021308
MCP2703003J,2E28F7F41DEB43E78B9C87049B6EB78D,False,NO APPARENT INJURY,UNKNOWN,NOT DISTRACTED,PASSENGER,MOVING CONSTANT SPEED,West,UNKNOWN,35,False,False,2,6312893571399229,230070496,Montgomery County Police,Property Damage ,True,West,2,3,LEVEL,False,False,DRIVER,SAME DIRECTION SIDESWIPE,DRY,DARK LIGHTS ON,NO CONTROLS,UNKNOWN,UNKNOWN,STRAIGHT,NO DEFECTS,"TWO-WAY, NOT DIVIDED",38.99974785,-76.99534367,5005946941929880,7883959838840872,0,0,0,2023120719,7700923739021308
MCP2361002Y,8DDA9261D63F4F0EB4B4F2E710D1B12D,True,NO APPARENT INJURY,NONE,NOT DISTRACTED,PASSENGER,MOVING CONSTANT SPEED,South,FUNCTIONAL,35,False,False,2,8865406055499476,230070499,Montgomery County Police,Property Damage ,False,South,1,2,LEVEL,False,False,DRIVER,STRAIGHT MOVEMENT ANGLE,DRY,DARK LIGHTS ON,TRAFFIC SIGNAL,INTERSECTION,FOUR-WAY INTERSECTION,STRAIGHT,NO DEFECTS,"TWO-WAY, DIVIDED, POSITIVE MEDIAN BARRIER",39.16139667,-77.20219167,7752142353575602,8834166205232187,0,0,0,2023120720,7719610239179289
MCP2361002Y,8DB2A866566440F7A07299AC2A94A4F5,False,NO APPARENT INJURY,NONE,NOT DISTRACTED,PASSENGER,MAKING LEFT TURN,West,DISABLING,35,False,False,2,7004010087536265,230070499,Montgomery County Police,Property Damage ,False,South,1,2,LEVEL,False,False,DRIVER,STRAIGHT MOVEMENT ANGLE,DRY,DARK LIGHTS ON,TRAFFIC SIGNAL,INTERSECTION,FOUR-WAY INTERSECTION,STRAIGHT,NO DEFECTS,"TWO-WAY, DIVIDED, POSITIVE MEDIAN BARRIER",39.16139667,-77.20219167,7752142353575602,8834166205232187,0,0,0,2023120720,7719610239179289
MCP3237001K,F51C715E367042BB9B2B602A005BE4AE,True,NO APPARENT INJURY,ALCOHOL,NOT DISTRACTED,PASSENGER,NEGOTIATING A CURVE,South,DISABLING,35,False,True,1,9136040155137838,230070511,Montgomery County Police,Property Damage ,False,South,1,2,LEVEL,False,False,DRIVER,SINGLE VEHICLE,DRY,DARK LIGHTS ON,NO CONTROLS,NON INTERSECTION,UNKNOWN,CURVE RIGHT,NO DEFECTS,"TWO-WAY, DIVIDED, POSITIVE MEDIAN BARRIER",39.109394,-77.19242217,8426361761180705,9549906713342554,0,0,0,2023120721,7718114539090864
DD56530031,3B4910948E554B2E87324097B29ADDB6,True,NO APPARENT INJURY,UNKNOWN,UNKNOWN,UNKNOWN,MAKING U TURN,South,UNKNOWN,50,False,False,1,8168321465439775,230070516,Rockville Police Departme,Injury ,True,North,1,1,HILL CREST,False,False,DRIVER,SINGLE VEHICLE,DRY,DARK LIGHTS ON,STOP SIGN,INTERSECTION,FOUR-WAY INTERSECTION,STRAIGHT,NO DEFECTS,"TWO-WAY, NOT DIVIDED",39.07795461,-77.15156858,6693060343323049,1215367270482457,1,1,0,2023120723,7718114539090864
MCP3348001T,28666381B8674CA7B092DD3E747DF20B,True,NO APPARENT INJURY,UNKNOWN,UNKNOWN,PASSENGER,MOVING CONSTANT SPEED,North,FUNCTIONAL,25,False,False,1,3906767796763397,230070535,Montgomery County Police,Property Damage ,True,North,1,1,LEVEL,False,False,DRIVER,SAME DIRECTION SIDESWIPE,DRY,DAYLIGHT,UNKNOWN,UNKNOWN,UNKNOWN,STRAIGHT,NO DEFECTS,"TWO-WAY, NOT DIVIDED",39.08777,-77.08046,459071504706221,1684887375913352,0,0,0,2023120807,7709494939102237
MCP2392000J,DCC6BB12E3C3423CAB73B14D819972C9,False,NO APPARENT INJURY,NONE,NOT DISTRACTED,BUS,PARKED,UNKNOWN,SUPERFICIAL,5,True,False,2,6691677547236723,230070345,Montgomery County Police,Property Damage ,False,UNKNOWN,0,0,UNKNOWN,True,True,DRIVER,SAME DIRECTION RIGHT TURN,UNKNOWN,DAYLIGHT,NO CONTROLS,UNKNOWN,UNKNOWN,UNKNOWN,UNKNOWN,UNKNOWN,39.12397535,-77.06377249,7781945108562677,7781945108562677,0,0,0,2023120808,7707322739151114
MCP2392000J,0630A848F61A461C9825CCBB3473F6AC,True,NO APPARENT INJURY,NONE,LOOKED BUT DID NOT SEE,BUS,SLOWING OR STOPPING,East,SUPERFICIAL,5,False,False,2,6691677547236723,230070345,Montgomery County Police,Property Damage ,False,UNKNOWN,0,0,UNKNOWN,True,True,DRIVER,SAME DIRECTION RIGHT TURN,UNKNOWN,DAYLIGHT,NO CONTROLS,UNKNOWN,UNKNOWN,UNKNOWN,UNKNOWN,UNKNOWN,39.12397535,-77.06377249,7781945108562677,7781945108562677,0,0,0,2023120808,7707322739151114
MCP285900FK,C27161FD810E423486329F06DD7A8818,False,NO APPARENT INJURY,NONE,UNKNOWN,PASSENGER,MOVING CONSTANT SPEED,South,DISABLING,55,False,False,1,7285497949295904,230070542,Montgomery County Police,Property Damage ,False,South,2,2,LEVEL,False,False,UNKNOWN,SINGLE VEHICLE,DRY,DAYLIGHT,NO CONTROLS,UNKNOWN,UNKNOWN,STRAIGHT,NO DEFECTS,ONE-WAY TRAFFICWAY,39.12379933,-77.20052033,1257986858156867,5116710005701384,0,0,0,2023120808,7724972439113159
MCP30800044,25914AEB67214FB291E0FBD19D3AF5F5,True,NO APPARENT INJURY,NONE,LOOKED BUT DID NOT SEE,PASSENGER,BACKING,North,SUPERFICIAL,25,False,False,1,3706795429459167,230070688,Montgomery County Police,Property Damage ,True,North,1,1,LEVEL,False,False,DRIVER,OTHER,DRY,DAYLIGHT,NO CONTROLS,NON INTERSECTION,UNKNOWN,STRAIGHT,NO DEFECTS,"TWO-WAY, NOT DIVIDED",39.1622083,-77.3098103,6290531898556392,3528479247318253,0,0,0,2023120808,7732651739188276
MCP3091004D,2794DDC1948A4806BE32DE3D1E2CAF0F,False,POSSIBLE INJURY,UNKNOWN,NOT DISTRACTED,PASSENGER,STOPPED IN TRAFFIC LANE,South,DISABLING,40,False,False,3,8525273505217250,230070548,Montgomery County Police,Injury ,False,South,2,3,LEVEL,False,False,DRIVER,SAME DIR REAR END,DRY,DAYLIGHT,TRAFFIC SIGNAL,INTERSECTION RELATED,FOUR-WAY INTERSECTION,STRAIGHT,NO DEFECTS,"TWO-WAY, DIVIDED, POSITIVE MEDIAN BARRIER",39.10019467,-77.14005,3262464624971607,1032926203017574,0,0,0,2023120809,7718114539090864
MCP3091004D,14B72B86B369435CA1C63A2CFD49D32A,True,POSSIBLE INJURY,UNKNOWN,UNKNOWN,PASSENGER,SLOWING OR STOPPING,South,DISABLING,40,False,False,3,6326503024871312,230070548,Montgomery County Police,Injury ,False,South,2,3,LEVEL,False,False,DRIVER,SAME DIR REAR END,DRY,DAYLIGHT,TRAFFIC SIGNAL,INTERSECTION RELATED,FOUR-WAY INTERSECTION,STRAIGHT,NO DEFECTS,"TWO-WAY, DIVIDED, POSITIVE MEDIAN BARRIER",39.10019467,-77.14005,3262464624971607,1032926203017574,0,0,0,2023120809,7718114539090864
MCP3091004D,685A914DF3324679A65B2F939206C642,False,NO APPARENT INJURY,UNKNOWN,NOT DISTRACTED,PASSENGER,STOPPED IN TRAFFIC LANE,South,DISABLING,40,False,False,3,5867016750737526,230070548,Montgomery County Police,Injury ,False,South,2,3,LEVEL,False,False,DRIVER,SAME DIR REAR END,DRY,DAYLIGHT,TRAFFIC SIGNAL,INTERSECTION RELATED,FOUR-WAY INTERSECTION,STRAIGHT,NO DEFECTS,"TWO-WAY, DIVIDED, POSITIVE MEDIAN BARRIER",39.10019467,-77.14005,3262464624971607,1032926203017574,0,0,0,2023120809,7718114539090864
MCP30090079,AC22D724BBE242C09D9A274394A1907E,True,POSSIBLE INJURY,UNKNOWN,LOOKED BUT DID NOT SEE,PASSENGER,MOVING CONSTANT SPEED,South,DISABLING,45,False,False,2,4237795772316713,230070552,Montgomery County Police,Injury ,False,South,2,2,LEVEL,False,False,DRIVER,STRAIGHT MOVEMENT ANGLE,DRY,DAYLIGHT,TRAFFIC SIGNAL,UNKNOWN,FOUR-WAY INTERSECTION,STRAIGHT,NO DEFECTS,"TWO-WAY, DIVIDED, POSITIVE MEDIAN BARRIER",39.19829905,-77.24497688,4972572914805173,697993049681148,0,0,0,2023120810,7723271939208770
MCP30090079,6F7334D541FB45E986BF7FB6C7C0368C,False,POSSIBLE INJURY,UNKNOWN,NOT DISTRACTED,PASSENGER,MAKING LEFT TURN,North,DISABLING,45,False,False,2,257262892458696,230070552,Montgomery County Police,Injury ,False,South,2,2,LEVEL,False,False,DRIVER,STRAIGHT MOVEMENT ANGLE,DRY,DAYLIGHT,TRAFFIC SIGNAL,UNKNOWN,FOUR-WAY INTERSECTION,STRAIGHT,NO DEFECTS,"TWO-WAY, DIVIDED, POSITIVE MEDIAN BARRIER",39.19829905,-77.24497688,4972572914805173,697993049681148,0,0,0,2023120810,7723271939208770
MCP136600CJ,92C7144581404159868E19AD825CB350,True,NO APPARENT INJURY,UNKNOWN,UNKNOWN,TRUCK,MOVING CONSTANT SPEED,North,FUNCTIONAL,25,False,False,2,9358925036124646,230070565,Montgomery County Police,Property Damage ,True,UNKNOWN,1,1,LEVEL,False,False,DRIVER,OPPOSITE DIRECTION SIDESWIPE,DRY,DAYLIGHT,NO CONTROLS,INTERSECTION,T-INTERSECTION,STRAIGHT,NO DEFECTS,"TWO-WAY, NOT DIVIDED",39.07742139,-77.07704649,4639635744168324,7397660917017595,0,0,0,2023120810,7705486039088590
MCP136600CJ,C0AB93BB60724664AF7EE4DA366A6964,False,NO APPARENT INJURY,NONE,NOT DISTRACTED,BUS,STOPPED IN TRAFFIC LANE,South,FUNCTIONAL,25,False,False,2,2250767647570290,230070565,Montgomery County Police,Property Damage ,True,UNKNOWN,1,1,LEVEL,False,False,DRIVER,OPPOSITE DIRECTION SIDESWIPE,DRY,DAYLIGHT,NO CONTROLS,INTERSECTION,T-INTERSECTION,STRAIGHT,NO DEFECTS,"TWO-WAY, NOT DIVIDED",39.07742139,-77.07704649,4639635744168324,7397660917017595,0,0,0,2023120810,7705486039088590
MCP0617005P,7FE5690C88434B8284F5C2CE6AC2CF79,False,NO APPARENT INJURY,NONE,NOT DISTRACTED,PASSENGER,SLOWING OR STOPPING,West,FUNCTIONAL,40,False,False,2,5651757887089033,230070569,Montgomery County Police,Injury ,False,West,1,1,LEVEL,False,False,DRIVER,SAME DIR REAR END,DRY,DAYLIGHT,NO CONTROLS,INTERSECTION RELATED,T-INTERSECTION,STRAIGHT,NO DEFECTS,"TWO-WAY, DIVIDED, UNPROTECTED PAINTED MIN 4 FEET",39.09349945,-77.03556491,1446899345320601,7558363898203313,0,0,0,2023120810,7705486039088590
MCP0617005P,2C47FBFF58814CBC9FB607275AE19B26,True,SUSPECTED MINOR INJURY,NONE,NOT DISTRACTED,PASSENGER,MOVING CONSTANT SPEED,West,DISABLING,40,False,False,2,8084495191099938,230070569,Montgomery County Police,Injury ,False,West,1,1,LEVEL,False,False,DRIVER,SAME DIR REAR END,DRY,DAYLIGHT,NO CONTROLS,INTERSECTION RELATED,T-INTERSECTION,STRAIGHT,NO DEFECTS,"TWO-WAY, DIVIDED, UNPROTECTED PAINTED MIN 4 FEET",39.09349945,-77.03556491,1446899345320601,7558363898203313,0,0,0,2023120810,7705486039088590
MCP3086009S,7037DEF989D9496EAFE7714A10F2EC2F,True,NO APPARENT INJURY,NONE,LOOKED BUT DID NOT SEE,PASSENGER,MOVING CONSTANT SPEED,South,DISABLING,25,False,False,2,7724684508489778,230070585,Montgomery County Police,Property Damage ,False,East,2,2,HILL UPHILL,False,False,DRIVER,STRAIGHT MOVEMENT ANGLE,DRY,DAYLIGHT,STOP SIGN,INTERSECTION,FOUR-WAY INTERSECTION,STRAIGHT,NO DEFECTS,"TWO-WAY, NOT DIVIDED",39.15544217,-77.164679,6641591093441926,910242878169221,0,0,0,2023120811,7716365739170519