ReportNumber,VehicleCrashKey,DriverAtFault,DriverInjurySeverity,DriverSubstanceAbuse,DriverDistractedBy,VehicleType,VehicleMovement,VehicleGoingDir,VehicleDamageExtent,SpeedLimit,ParkedVehicle,SubstanceAbuseContributed,VehiclesCrashedTotal,VehicleKey,LocalCaseNumber,AgencyName,ACRSReportType,HitRun,LaneDirection,LaneNumber,NumberOfLanes,RoadGrade,NonTraffic,OffRoadIncident,AccidentAtFault,CollisionType,SurfaceCondition,Light,TrafficControl,Junction,IntersectionType,RoadAlignment,RoadCondition,RoadDivision,Latitude,Longitude,RoadKey,CrossStreetKey,NonMotoristTotal,NonMotoristInjury,NonMotoristFatal,DateHourKey,LocationAreaKey
MCP3086009S,6AF83FB0C1374CA9B87545C5C0A523AD,False,NO APPARENT INJURY,NONE,NOT DISTRACTED,PASSENGER,MOVING CONSTANT SPEED,East,DISABLING,25,False,False,2,4505130622730285,230070585,Montgomery County Police,Property Damage ,False,East,2,2,HILL UPHILL,False,False,DRIVER,STRAIGHT MOVEMENT ANGLE,DRY,DAYLIGHT,STOP SIGN,INTERSECTION,FOUR-WAY INTERSECTION,STRAIGHT,NO DEFECTS,"TWO-WAY, NOT DIVIDED",39.15544217,-77.164679,6641591093441926,910242878169221,0,0,0,2023120811,7716365739170519
MCP320000B3,51512DFAD2A742FE8566F04AFAB658B3,True,NO APPARENT INJURY,NONE,UNKNOWN,PASSENGER,SLOWING OR STOPPING,North,DISABLING,55,False,False,2,5017487417588004,230070594,Montgomery County Police,Property Damage ,False,North,5,7,LEVEL,False,False,DRIVER,SAME DIR REAR END,DRY,DAYLIGHT,NO CONTROLS,UNKNOWN,UNKNOWN,STRAIGHT,NO DEFECTS,"TWO-WAY, DIVIDED, POSITIVE MEDIAN BARRIER",39.04472083,-77.148848,1257986858156867,7053241971029489,0,0,0,2023120812,7712482939051552
MCP320000B3,C3F18530A4D04100BF3694C0D52170C6,False,NO APPARENT INJURY,NONE,NOT DISTRACTED,PASSENGER,STOPPED IN TRAFFIC LANE,North,FUNCTIONAL,55,False,False,2,9956296765653808,230070594,Montgomery County Police,Property Damage ,False,North,5,7,LEVEL,False,False,DRIVER,SAME DIR REAR END,DRY,DAYLIGHT,NO CONTROLS,UNKNOWN,UNKNOWN,STRAIGHT,NO DEFECTS,"TWO-WAY, DIVIDED, POSITIVE MEDIAN BARRIER",39.04472083,-77.148848,1257986858156867,7053241971029489,0,0,0,2023120812,7712482939051552
MCP136600CK,9E06C2EA69C34BBD9C73638BBD8F9AE5,False,POSSIBLE INJURY,NONE,NOT DISTRACTED,PASSENGER,MOVING CONSTANT SPEED,East,DISABLING,30,False,False,2,4505130572397428,230070593,Montgomery County Police,Injury ,False,East,2,2,LEVEL,False,False,DRIVER,STRAIGHT MOVEMENT ANGLE,DRY,DAYLIGHT,STOP SIGN,INTERSECTION,T-INTERSECTION,STRAIGHT,NO DEFECTS,"TWO-WAY, DIVIDED, POSITIVE MEDIAN BARRIER",39.18563333,-77.17058,991322767900708,2866588022489579,0,0,0,2023120812,7719610239179289
MCP136600CK,1A774754733F4E699A8A0DB27159F680,True,SUSPECTED MINOR INJURY,NONE,NOT DISTRACTED,PASSENGER,MAKING LEFT TURN,North,DISABLING,30,False,False,2,7589879960142549,230070593,Montgomery County Police,Injury ,False,East,2,2,LEVEL,False,False,DRIVER,STRAIGHT MOVEMENT ANGLE,DRY,DAYLIGHT,STOP SIGN,INTERSECTION,T-INTERSECTION,STRAIGHT,NO DEFECTS,"TWO-WAY, DIVIDED, POSITIVE MEDIAN BARRIER",39.18563333,-77.17058,991322767900708,2866588022489579,0,0,0,2023120812,7719610239179289
MCP28450088,4771E1E2C20E4E75B71A20AC7C5FE1B2,False,NO APPARENT INJURY,NONE,NOT DISTRACTED,PASSENGER,STOPPED IN TRAFFIC LANE,North,FUNCTIONAL,40,False,False,2,1032943149996826,230070603,Montgomery County Police,Property Damage ,False,North,3,3,LEVEL,False,False,UNKNOWN,SAME DIR REAR END,DRY,DAYLIGHT,NO CONTROLS,NON INTERSECTION,UNKNOWN,STRAIGHT,NO DEFECTS,"TWO-WAY, DIVIDED, POSITIVE MEDIAN BARRIER",39.01563667,-76.97764333,8901981419077344,9649119129417744,0,0,0,2023120813,7698354239018293
MCP28450088,DFBDEBEA432247288F99344ADE48C7C8,False,NO APPARENT INJURY,NONE,NOT DISTRACTED,PASSENGER,STOPPED IN TRAFFIC LANE,North,SUPERFICIAL,40,False,False,2,3777471111970219,230070603,Montgomery County Police,Property Damage ,False,North,3,3,LEVEL,False,False,UNKNOWN,SAME DIR REAR END,DRY,DAYLIGHT,NO CONTROLS,NON INTERSECTION,UNKNOWN,STRAIGHT,NO DEFECTS,"TWO-WAY, DIVIDED, POSITIVE MEDIAN BARRIER",39.01563667,-76.97764333,8901981419077344,9649119129417744,0,0,0,2023120813,7698354239018293
MCP2347004J,8E35BA2D5E754E66B11759E376869127,True,NO APPARENT INJURY,NONE,LOOKED BUT DID NOT SEE,PASSENGER,STARTING FROM PARKED,East,DISABLING,35,False,False,3,819104261510793,230070605,Montgomery County Police,Property Damage ,False,East,1,1,LEVEL,False,False,DRIVER,SAME DIRECTION LEFT TURN,DRY,DAYLIGHT,NO CONTROLS,NON INTERSECTION,UNKNOWN,STRAIGHT,NO DEFECTS,"TWO-WAY, NOT DIVIDED",39.085216,-76.952927,6740740251212367,8617548261962105,0,0,0,2023120813,7699078639113935
MCP2347004J,AA7E1FAE1647465D8F5D8C75DA6E761F,False,NO APPARENT INJURY,NONE,NOT DISTRACTED,PASSENGER,MOVING CONSTANT SPEED,East,DISABLING,35,False,False,3,6711480705124061,230070605,Montgomery County Police,Property Damage ,False,East,1,1,LEVEL,False,False,DRIVER,SAME DIRECTION LEFT TURN,DRY,DAYLIGHT,NO CONTROLS,NON INTERSECTION,UNKNOWN,STRAIGHT,NO DEFECTS,"TWO-WAY, NOT DIVIDED",39.085216,-76.952927,6740740251212367,8617548261962105,0,0,0,2023120813,7699078639113935
MCP2347004J,B6F2826AC8B9469BB1A290E2C45CFE56,False,NO APPARENT INJURY,NONE,NOT DISTRACTED,PASSENGER,PARKED,UNKNOWN,DISABLING,35,True,False,3,9260975550434020,230070605,Montgomery County Police,Property Damage ,False,East,1,1,LEVEL,False,False,DRIVER,SAME DIRECTION LEFT TURN,DRY,DAYLIGHT,NO CONTROLS,NON INTERSECTION,UNKNOWN,STRAIGHT,NO DEFECTS,"TWO-WAY, NOT DIVIDED",39.085216,-76.952927,6740740251212367,8617548261962105,0,0,0,2023120813,7699078639113935
MCP285900FL,E6DB6A56809C4446A5436E78EB9360AA,False,NO APPARENT INJURY,NONE,NOT DISTRACTED,PASSENGER,MOVING CONSTANT SPEED,West,DISABLING,30,False,False,2,5082261857460861,230070604,Montgomery County Police,Property Damage ,False,West,1,2,LEVEL,False,False,DRIVER,STRAIGHT MOVEMENT ANGLE,DRY,DAYLIGHT,STOP SIGN,UNKNOWN,FOUR-WAY INTERSECTION,STRAIGHT,NO DEFECTS,"TWO-WAY, DIVIDED, UNPROTECTED PAINTED MIN 4 FEET",39.11750917,-77.18522417,7127997691671892,1611524329361443,0,0,0,2023120813,7718751639140820
MCP285900FL,ABCE304A6B394A698296234305C40172,True,NO APPARENT INJURY,NONE,UNKNOWN,PASSENGER,MOVING CONSTANT SPEED,West,DISABLING,30,False,False,2,7821706583453245,230070604,Montgomery County Police,Property Damage ,False,West,1,2,LEVEL,False,False,DRIVER,STRAIGHT MOVEMENT ANGLE,DRY,DAYLIGHT,STOP SIGN,UNKNOWN,FOUR-WAY INTERSECTION,STRAIGHT,NO DEFECTS,"TWO-WAY, DIVIDED, UNPROTECTED PAINTED MIN 4 FEET",39.11750917,-77.18522417,7127997691671892,1611524329361443,0,0,0,2023120813,7718751639140820
MCP26370059,1799EB79CACB45ABB8F0AF4A9408AB1C,True,NO APPARENT INJURY,NONE,NOT DISTRACTED,PASSENGER,MAKING LEFT TURN,South,SUPERFICIAL,35,False,False,2,2390807459886652,230070614,Montgomery County Police,Injury ,False,West,1,2,LEVEL,False,False,DRIVER,STRAIGHT MOVEMENT ANGLE,DRY,DAYLIGHT,NO CONTROLS,OTHER DRIVEWAY,T-INTERSECTION,STRAIGHT,NO DEFECTS,"TWO-WAY, DIVIDED, UNPROTECTED PAINTED MIN 4 FEET",39.067215,-77.258595,1912189349021402,4096686202662173,0,0,0,2023120813,7722348939035838
MCP26370059,A3B5F2D0291F437F9C4ED86437D280E7,False,POSSIBLE INJURY,NONE,NOT DISTRACTED,PASSENGER,SLOWING OR STOPPING,West,DESTROYED,35,False,False,2,1588476157029571,230070614,Montgomery County Police,Injury ,False,West,1,2,LEVEL,False,False,DRIVER,STRAIGHT MOVEMENT ANGLE,DRY,DAYLIGHT,NO CONTROLS,OTHER DRIVEWAY,T-INTERSECTION,STRAIGHT,NO DEFECTS,"TWO-WAY, DIVIDED, UNPROTECTED PAINTED MIN 4 FEET",39.067215,-77.258595,1912189349021402,4096686202662173,0,0,0,2023120813,7722348939035838
MCP3016004P,12D84DD34A664FF59A84CDF0F9FDA444,True,NO APPARENT INJURY,UNKNOWN,LOOKED BUT DID NOT SEE,PASSENGER,MOVING CONSTANT SPEED,North,DISABLING,50,False,False,2,2408098645285756,230070624,Montgomery County Police,Property Damage ,False,North,1,3,LEVEL,False,False,DRIVER,SAME DIR REAR END,DRY,DAYLIGHT,TRAFFIC SIGNAL,INTERSECTION,T-INTERSECTION,STRAIGHT,NO DEFECTS,"TWO-WAY, DIVIDED, POSITIVE MEDIAN BARRIER",39.17419833,-77.26132667,7771692879388507,4357136094388064,0,0,0,2023120814,7729807639132189
MCP3016004P,C6E33F4E05AB411CB93447C00A83B0E5,False,NO APPARENT INJURY,UNKNOWN,NOT DISTRACTED,PASSENGER,SLOWING OR STOPPING,North,SUPERFICIAL,50,False,False,2,8547106989163227,230070624,Montgomery County Police,Property Damage ,False,North,1,3,LEVEL,False,False,DRIVER,SAME DIR REAR END,DRY,DAYLIGHT,TRAFFIC SIGNAL,INTERSECTION,T-INTERSECTION,STRAIGHT,NO DEFECTS,"TWO-WAY, DIVIDED, POSITIVE MEDIAN BARRIER",39.17419833,-77.26132667,7771692879388507,4357136094388064,0,0,0,2023120814,7729807639132189
MCP3009007C,B8E2874B736B4310BE8FB55FACF498DB,True,NO APPARENT INJURY,UNKNOWN,NOT DISTRACTED,PASSENGER,SLOWING OR STOPPING,South,DISABLING,40,False,False,2,3097115414319252,230070626,Montgomery County Police,Property Damage ,False,South,1,1,LEVEL,False,False,DRIVER,SAME DIR REAR END,DRY,DAYLIGHT,NO CONTROLS,NON INTERSECTION,UNKNOWN,STRAIGHT,NO DEFECTS,"TWO-WAY, NOT DIVIDED",39.25867,-77.22446667,2800615797607229,8630790159084074,0,0,0,2023120814,7721721839291851
MCP3009007C,28BD9422B3564AF6969AFEF4E9D90F1E,False,NO APPARENT INJURY,UNKNOWN,NOT DISTRACTED,PASSENGER,STOPPED IN TRAFFIC LANE,South,FUNCTIONAL,40,False,False,2,7364392806788074,230070626,Montgomery County Police,Property Damage ,False,South,1,1,LEVEL,False,False,DRIVER,SAME DIR REAR END,DRY,DAYLIGHT,NO CONTROLS,NON INTERSECTION,UNKNOWN,STRAIGHT,NO DEFECTS,"TWO-WAY, NOT DIVIDED",39.25867,-77.22446667,2800615797607229,8630790159084074,0,0,0,2023120814,7721721839291851
DD559500FD,62480B777C1143888C632E5607E83AB3,True,POSSIBLE INJURY,ALCOHOL,UNKNOWN,PASSENGER,MOVING CONSTANT SPEED,North,SUPERFICIAL,25,False,False,1,1683704574863616,230070629,Rockville Police Departme,Injury ,True,North,1,1,GRADE DOWNHILL,False,False,DRIVER,SAME DIRECTION SIDESWIPE,DRY,DAYLIGHT,NO CONTROLS,NON INTERSECTION,UNKNOWN,STRAIGHT,NO DEFECTS,"TWO-WAY, NOT DIVIDED",39.07736731,-77.11418136,3263408190046470,6413375127876014,0,0,0,2023120814,7712156139078053
MCP3225004C,EB746A9492C9462FA0BF9F03673DE963,False,NO APPARENT INJURY,NONE,NOT DISTRACTED,PASSENGER,STOPPED IN TRAFFIC LANE,North,FUNCTIONAL,30,False,False,2,5400354921238254,230070643,Montgomery County Police,Property Damage ,False,North,1,1,LEVEL,False,False,DRIVER,OTHER,UNKNOWN,DAYLIGHT,STOP SIGN,INTERSECTION RELATED,T-INTERSECTION,STRAIGHT,NO DEFECTS,"TWO-WAY, NOT DIVIDED",39.049261,-77.07095733,6315873817494128,9290911226978796,0,0,0,2023120815,7704240439043964
MCP3225004C,D4BC40425C0947BDBF589E3DBAFA86D0,True,NO APPARENT INJURY,NONE,UNKNOWN,PASSENGER,BACKING,South,FUNCTIONAL,30,False,False,2,8519958289492696,230070643,Montgomery County Police,Property Damage ,False,North,1,1,LEVEL,False,False,DRIVER,OTHER,UNKNOWN,DAYLIGHT,STOP SIGN,INTERSECTION RELATED,T-INTERSECTION,STRAIGHT,NO DEFECTS,"TWO-WAY, NOT DIVIDED",39.049261,-77.07095733,6315873817494128,9290911226978796,0,0,0,2023120815,7704240439043964
MCP3347001G,888CC6B6386A4DC19898A1FFA43CDEFC,True,POSSIBLE INJURY,NONE,DIALING CELLULAR PHONE,PASSENGER,MOVING CONSTANT SPEED,North,DISABLING,35,False,False,1,5457129311290478,230070637,Montgomery County Police,Injury ,False,North,1,1,LEVEL,False,False,DRIVER,SINGLE VEHICLE,DRY,DAYLIGHT,NO CONTROLS,INTERSECTION RELATED,T-INTERSECTION,CURVE LEFT,NO DEFECTS,"TWO-WAY, DIVIDED, UNPROTECTED PAINTED MIN 4 FEET",39.02614225,-77.16223407,776419263324954,148613995249815,0,0,0,2023120815,7722348939035838
MCP27520060,2A5A9B472D974FBB95FE6B74532C2C05,True,NO APPARENT INJURY,NONE,BY OTHER OCCUPANTS,BUS,MAKING LEFT TURN,South,SUPERFICIAL,25,False,False,2,6691677547236723,230070664,Montgomery County Police,Property Damage ,False,South,1,1,LEVEL,False,False,DRIVER,STRAIGHT MOVEMENT ANGLE,DRY,DAYLIGHT,STOP SIGN,INTERSECTION,FOUR-WAY INTERSECTION,STRAIGHT,NO DEFECTS,"TWO-WAY, DIVIDED, UNPROTECTED PAINTED MIN 4 FEET",39.0263,-77.181715,818429965514928,6818586154681855,0,0,0,2023120816,7722348939035838
MCP27520060,72BBA8648391455CB4B876F149874474,False,NO APPARENT INJURY,NONE,NOT DISTRACTED,TRUCK,STOPPED IN TRAFFIC LANE,West,SUPERFICIAL,25,False,False,2,2365566961371363,230070664,Montgomery County Police,Property Damage ,False,South,1,1,LEVEL,False,False,DRIVER,STRAIGHT MOVEMENT ANGLE,DRY,DAYLIGHT,STOP SIGN,INTERSECTION,FOUR-WAY INTERSECTION,STRAIGHT,NO DEFECTS,"TWO-WAY, DIVIDED, UNPROTECTED PAINTED MIN 4 FEET",39.0263,-77.181715,818429965514928,6818586154681855,0,0,0,2023120816,7722348939035838
MCP3347001H,2E2FE4503A204A22A740187EBF780FC1,True,NO APPARENT INJURY,NONE,LOOKED BUT DID NOT SEE,OTHER,MAKING RIGHT TURN,West,NO DAMAGE,30,False,False,2,6453402337890100,230070663,Montgomery County Police,Property Damage ,True,West,0,3,LEVEL,False,False,DRIVER,SAME DIRECTION RIGHT TURN,DRY,DUSK,TRAFFIC SIGNAL,INTERSECTION,FIVE-POINT OR MORE,STRAIGHT,NO DEFECTS,"TWO-WAY, DIVIDED, UNPROTECTED PAINTED MIN 4 FEET",38.98755753,-77.09872682,9030182442049257,4494898042244063,0,0,0,2023120816,7710072538987731
MCP3347001H,0ECAD855044440B5BCD4FF5102AA58D1,False,NO APPARENT INJURY,NONE,NOT DISTRACTED,PASSENGER,MAKING RIGHT TURN,West,SUPERFICIAL,30,False,False,2,3063454711401970,230070663,Montgomery County Police,Property Damage ,True,West,0,3,LEVEL,False,False,DRIVER,SAME DIRECTION RIGHT TURN,DRY,DUSK,TRAFFIC SIGNAL,INTERSECTION,FIVE-POINT OR MORE,STRAIGHT,NO DEFECTS,"TWO-WAY, DIVIDED, UNPROTECTED PAINTED MIN 4 FEET",38.98755753,-77.09872682,9030182442049257,4494898042244063,0,0,0,2023120816,7710072538987731
MCP32590040,1441804777394212A9BFD1EC4925F051,True,NO APPARENT INJURY,NONE,OTHER DISTRACTION,PASSENGER,MOVING CONSTANT SPEED,South,SUPERFICIAL,25,False,False,2,784325698311923,230070653,Montgomery County Police,Injury ,False,South,1,1,LEVEL,False,False,DRIVER,SAME DIR REAR END,DRY,DARK LIGHTS ON,NO CONTROLS,UNKNOWN,UNKNOWN,STRAIGHT,NO DEFECTS,"TWO-WAY, NOT DIVIDED",39.011677,-77.133194,2341166317758158,7149098154084452,0,0,0,2023120816,7715220038996189
MCP32590040,F8EB4C6971634C9A81F966AC85598B3D,False,SUSPECTED MINOR INJURY,NONE,NOT DISTRACTED,PASSENGER,STOPPED IN TRAFFIC LANE,South,FUNCTIONAL,25,False,False,2,8243785744123325,230070653,Montgomery County Police,Injury ,False,South,1,1,LEVEL,False,False,DRIVER,SAME DIR REAR END,DRY,DARK LIGHTS ON,NO CONTROLS,UNKNOWN,UNKNOWN,STRAIGHT,NO DEFECTS,"TWO-WAY, NOT DIVIDED",39.011677,-77.133194,2341166317758158,7149098154084452,0,0,0,2023120816,7715220038996189
MCP3351001W,A9BB05D40E88404EB3C32B90D2C9C90A,True,NO APPARENT INJURY,UNKNOWN,UNKNOWN,PASSENGER,MAKING LEFT TURN,West,UNKNOWN,30,False,False,2,260643497996144,230070686,Montgomery County Police,Property Damage ,True,West,1,2,LEVEL,False,False,DRIVER,SAME DIRECTION LEFT TURN,DRY,DUSK,TRAFFIC SIGNAL,INTERSECTION,FOUR-WAY INTERSECTION,STRAIGHT,NO DEFECTS,"TWO-WAY, DIVIDED, POSITIVE MEDIAN BARRIER",39.07321916,-76.95565292,1121551715469239,2620072274155517,0,0,0,2023120817,7698062539067210
MCP3351001W,2A2B95070F554DDEB3D560E8AC86D05A,False,NO APPARENT INJURY,NONE,NOT DISTRACTED,PASSENGER,ACCELERATING,West,SUPERFICIAL,30,False,False,2,3233063173565461,230070686,Montgomery County Police,Property Damage ,True,West,1,2,LEVEL,False,False,DRIVER,SAME DIRECTION LEFT TURN,DRY,DUSK,TRAFFIC SIGNAL,INTERSECTION,FOUR-WAY INTERSECTION,STRAIGHT,NO DEFECTS,"TWO-WAY, DIVIDED, POSITIVE MEDIAN BARRIER",39.07321916,-76.95565292,1121551715469239,2620072274155517,0,0,0,2023120817,7698062539067210
MCP3037005L,DE3B488808754E7CAFB889DA3493F442,False,NO APPARENT INJURY,NONE,UNKNOWN,PASSENGER,SLOWING OR STOPPING,North,SUPERFICIAL,40,False,False,2,4981241876755938,230070658,Montgomery County Police,Property Damage ,False,North,1,2,LEVEL,False,False,DRIVER,SAME DIR REAR END,DRY,DUSK,NO CONTROLS,INTERCHANGE RELATED,OTHER,STRAIGHT,NO DEFECTS,"TWO-WAY, DIVIDED, UNPROTECTED PAINTED MIN 4 FEET",39.22766833,-77.23678333,2800615797607229,6213617059227252,0,0,0,2023120817,7723271939208770
MCP3037005L,4D04CE7C7F324A2BAF2B06DD72ED4A5B,True,NO APPARENT INJURY,MEDICATION,UNKNOWN,PASSENGER,MOVING CONSTANT SPEED,North,DISABLING,40,False,True,2,8842967683244694,230070658,Montgomery County Police,Property Damage ,False,North,1,2,LEVEL,False,False,DRIVER,SAME DIR REAR END,DRY,DUSK,NO CONTROLS,INTERCHANGE RELATED,OTHER,STRAIGHT,NO DEFECTS,"TWO-WAY, DIVIDED, UNPROTECTED PAINTED MIN 4 FEET",39.22766833,-77.23678333,2800615797607229,6213617059227252,0,0,0,2023120817,7723271939208770
EJ7888005J,AE84501676B94AEB82AF63065FE07BFF,False,POSSIBLE INJURY,NONE,NOT DISTRACTED,PASSENGER,MOVING CONSTANT SPEED,UNKNOWN,DISABLING,5,False,False,2,2815627485449137,230070662,Gaithersburg Police Depar,Injury ,False,UNKNOWN,0,0,UNKNOWN,True,True,DRIVER,STRAIGHT MOVEMENT ANGLE,UNKNOWN,DARK LIGHTS ON,NO CONTROLS,UNKNOWN,UNKNOWN,UNKNOWN,UNKNOWN,UNKNOWN,39.12177275,-77.2365953,7781945108562677,7781945108562677,0,0,0,2023120817,7724972439113159
EJ7888005J,C0C678F1B13F4C18824256536298C5D7,True,NO APPARENT INJURY,NONE,LOOKED BUT DID NOT SEE,PASSENGER,MOVING CONSTANT SPEED,UNKNOWN,FUNCTIONAL,5,False,False,2,2220025468802468,230070662,Gaithersburg Police Depar,Injury ,False,UNKNOWN,0,0,UNKNOWN,True,True,DRIVER,STRAIGHT MOVEMENT ANGLE,UNKNOWN,DARK LIGHTS ON,NO CONTROLS,UNKNOWN,UNKNOWN,UNKNOWN,UNKNOWN,UNKNOWN,39.12177275,-77.2365953,7781945108562677,7781945108562677,0,0,0,2023120817,7724972439113159
MCP2875007X,853ED8DFEF9A46CAA8B6D648B98CF14B,True,NO APPARENT INJURY,NONE,UNKNOWN,PASSENGER,MOVING CONSTANT SPEED,North,SUPERFICIAL,40,False,False,2,9005168713615728,230070665,Montgomery County Police,Property Damage ,True,North,1,2,LEVEL,False,False,DRIVER,SAME DIRECTION SIDESWIPE,DRY,DARK NO LIGHTS,NO CONTROLS,UNKNOWN,UNKNOWN,STRAIGHT,NO DEFECTS,"TWO-WAY, DIVIDED, POSITIVE MEDIAN BARRIER",39.21687199,-77.23861189,2800615797607229,3511703588335565,0,0,0,2023120817,7723271939208770
MCP2875007X,07EB6137345D4283908425414CF10C8F,False,NO APPARENT INJURY,NONE,NOT DISTRACTED,PASSENGER,MOVING CONSTANT SPEED,North,SUPERFICIAL,40,False,False,2,5428859690216115,230070665,Montgomery County Police,Property Damage ,True,North,1,2,LEVEL,False,False,DRIVER,SAME DIRECTION SIDESWIPE,DRY,DARK NO LIGHTS,NO CONTROLS,UNKNOWN,UNKNOWN,STRAIGHT,NO DEFECTS,"TWO-WAY, DIVIDED, POSITIVE MEDIAN BARRIER",39.21687199,-77.23861189,2800615797607229,3511703588335565,0,0,0,2023120817,7723271939208770
DD5660000X,BC3886220A5B4283BF83E82BA512FB72,True,NO APPARENT INJURY,NONE,NOT DISTRACTED,PASSENGER,MAKING LEFT TURN,North,DISABLING,35,False,False,2,4595510051903263,230070671,Rockville Police Departme,Property Damage ,False,North,3,3,LEVEL,False,False,DRIVER,HEAD ON LEFT TURN,DRY,DARK LIGHTS ON,TRAFFIC SIGNAL,INTERSECTION,FOUR-WAY INTERSECTION,STRAIGHT,NO DEFECTS,"TWO-WAY, DIVIDED, POSITIVE MEDIAN BARRIER",39.11572145,-77.16608313,4972572914805173,9696254272695630,0,0,0,2023120817,7713230839137712
DD5660000X,8269121850764616AE6BB26E52D5D4CF,False,NO APPARENT INJURY,NONE,NOT DISTRACTED,PASSENGER,MOVING CONSTANT SPEED,South,NO DAMAGE,35,False,False,2,9530107266675451,230070671,Rockville Police Departme,Property Damage ,False,North,3,3,LEVEL,False,False,DRIVER,HEAD ON LEFT TURN,DRY,DARK LIGHTS ON,TRAFFIC SIGNAL,INTERSECTION,FOUR-WAY INTERSECTION,STRAIGHT,NO DEFECTS,"TWO-WAY, DIVIDED, POSITIVE MEDIAN BARRIER",39.11572145,-77.16608313,4972572914805173,9696254272695630,0,0,0,2023120817,7713230839137712
MCP3279002X,C2E0B0D2D04F4036A1745DC080E2209D,True,NO APPARENT INJURY,UNKNOWN,UNKNOWN,PASSENGER,ENTERING TRAFFIC LANE,East,SUPERFICIAL,40,False,False,2,2815627384783423,230070687,Montgomery County Police,Property Damage ,False,East,3,3,GRADE DOWNHILL,False,False,DRIVER,SAME DIRECTION SIDESWIPE,DRY,DARK LIGHTS ON,UNKNOWN,UNKNOWN,UNKNOWN,UNKNOWN,NO DEFECTS,"TWO-WAY, DIVIDED, POSITIVE MEDIAN BARRIER",39.05105542,-77.07414728,9290911226978796,1627793738140795,0,0,0,2023120818,7704240439043964
MCP3279002X,610BE5F94D494D6A8ADAC1A23F312417,False,NO APPARENT INJURY,UNKNOWN,NOT DISTRACTED,BUS,MOVING CONSTANT SPEED,East,SUPERFICIAL,40,False,False,2,6259949909495943,230070687,Montgomery County Police,Property Damage ,False,East,3,3,GRADE DOWNHILL,False,False,DRIVER,SAME DIRECTION SIDESWIPE,DRY,DARK LIGHTS ON,UNKNOWN,UNKNOWN,UNKNOWN,UNKNOWN,NO DEFECTS,"TWO-WAY, DIVIDED, POSITIVE MEDIAN BARRIER",39.05105542,-77.07414728,9290911226978796,1627793738140795,0,0,0,2023120818,7704240439043964
MCP2853009G,C8A2E97B991449279C25DE6CD626F0F6,True,NO APPARENT INJURY,UNKNOWN,UNKNOWN,PASSENGER,MOVING CONSTANT SPEED,West,DESTROYED,35,False,False,3,7292250735705545,230070670,Montgomery County Police,Injury ,False,UNKNOWN,0,3,LEVEL,False,False,DRIVER,STRAIGHT MOVEMENT ANGLE,DRY,DARK LIGHTS ON,TRAFFIC SIGNAL,INTERSECTION,T-INTERSECTION,STRAIGHT,NO DEFECTS,"TWO-WAY, DIVIDED, POSITIVE MEDIAN BARRIER",39.01569666,-77.00523551,5005946941929880,6995932442052456,0,0,0,2023120818,7700923739021308
MCP2853009G,FB6CB347314349288D597818FD635AFA,False,SUSPECTED MINOR INJURY,UNKNOWN,NOT DISTRACTED,PASSENGER,MAKING LEFT TURN,UNKNOWN,DESTROYED,35,False,False,3,9088251191717951,230070670,Montgomery County Police,Injury ,False,UNKNOWN,0,3,LEVEL,False,False,DRIVER,STRAIGHT MOVEMENT ANGLE,DRY,DARK LIGHTS ON,TRAFFIC SIGNAL,INTERSECTION,T-INTERSECTION,STRAIGHT,NO DEFECTS,"TWO-WAY, DIVIDED, POSITIVE MEDIAN BARRIER",39.01569666,-77.00523551,5005946941929880,6995932442052456,0,0,0,2023120818,7700923739021308
MCP2853009G,762C2558588F486FB39BD0B18D6F2053,False,NO APPARENT INJURY,UNKNOWN,NOT DISTRACTED,PASSENGER,MAKING LEFT TURN,UNKNOWN,DISABLING,35,False,False,3,502837819774665,230070670,Montgomery County Police,Injury ,False,UNKNOWN,0,3,LEVEL,False,False,DRIVER,STRAIGHT MOVEMENT ANGLE,DRY,DARK LIGHTS ON,TRAFFIC SIGNAL,INTERSECTION,T-INTERSECTION,STRAIGHT,NO DEFECTS,"TWO-WAY, DIVIDED, POSITIVE MEDIAN BARRIER",39.01569666,-77.00523551,5005946941929880,6995932442052456,0,0,0,2023120818,7700923739021308
MCP15000029,A1033F45468F4D408F844CA2F12B4A14,False,POSSIBLE INJURY,NONE,NOT DISTRACTED,PASSENGER,SLOWING OR STOPPING,South,DISABLING,40,False,False,2,9524248594813614,230070684,Montgomery County Police,Injury ,False,South,0,4,LEVEL,False,False,DRIVER,SAME DIR REAR END,DRY,DARK NO LIGHTS,TRAFFIC SIGNAL,INTERSECTION RELATED,FOUR-WAY INTERSECTION,STRAIGHT,NO DEFECTS,"TWO-WAY, DIVIDED, POSITIVE MEDIAN BARRIER",39.12208556,-76.98880797,8901981419077344,4498045280709180,0,0,0,2023120818,7699078639113935