ReportNumber,VehicleCrashKey,DriverAtFault,DriverInjurySeverity,DriverSubstanceAbuse,DriverDistractedBy,VehicleType,VehicleMovement,VehicleGoingDir,VehicleDamageExtent,SpeedLimit,ParkedVehicle,SubstanceAbuseContributed,VehiclesCrashedTotal,VehicleKey,LocalCaseNumber,AgencyName,ACRSReportType,HitRun,LaneDirection,LaneNumber,NumberOfLanes,RoadGrade,NonTraffic,OffRoadIncident,AccidentAtFault,CollisionType,SurfaceCondition,Light,TrafficControl,Junction,IntersectionType,RoadAlignment,RoadCondition,RoadDivision,Latitude,Longitude,RoadKey,CrossStreetKey,NonMotoristTotal,NonMotoristInjury,NonMotoristFatal,DateHourKey,LocationAreaKey
MCP15000029,A9D156E49647494DA45A6C3D5B0EF194,True,NO APPARENT INJURY,UNKNOWN,UNKNOWN,PASSENGER,SLOWING OR STOPPING,South,SUPERFICIAL,40,False,False,2,44027460709332,230070684,Montgomery County Police,Injury ,False,South,0,4,LEVEL,False,False,DRIVER,SAME DIR REAR END,DRY,DARK NO LIGHTS,TRAFFIC SIGNAL,INTERSECTION RELATED,FOUR-WAY INTERSECTION,STRAIGHT,NO DEFECTS,"TWO-WAY, DIVIDED, POSITIVE MEDIAN BARRIER",39.12208556,-76.98880797,8901981419077344,4498045280709180,0,0,0,2023120818,7699078639113935
MCP26820052,360624C9812447B78FE1D4E0C21EF9E2,True,NO APPARENT INJURY,NONE,UNKNOWN,PASSENGER,MAKING LEFT TURN,West,DISABLING,35,False,False,2,6148504864161450,230070679,Montgomery County Police,Property Damage ,False,South,1,2,LEVEL,False,False,DRIVER,HEAD ON LEFT TURN,DRY,DARK LIGHTS ON,TRAFFIC SIGNAL,INTERSECTION,FOUR-WAY INTERSECTION,STRAIGHT,NO DEFECTS,"TWO-WAY, NOT DIVIDED",39.15814533,-77.16189617,6327735360341145,9915941979319439,0,0,0,2023120818,7716365739170519
MCP26820052,7AEE17F3D03F4513B012A7534C0F75BE,False,NO APPARENT INJURY,NONE,NOT DISTRACTED,PASSENGER,MOVING CONSTANT SPEED,East,FUNCTIONAL,35,False,False,2,439305488016277,230070679,Montgomery County Police,Property Damage ,False,South,1,2,LEVEL,False,False,DRIVER,HEAD ON LEFT TURN,DRY,DARK LIGHTS ON,TRAFFIC SIGNAL,INTERSECTION,FOUR-WAY INTERSECTION,STRAIGHT,NO DEFECTS,"TWO-WAY, NOT DIVIDED",39.15814533,-77.16189617,6327735360341145,9915941979319439,0,0,0,2023120818,7716365739170519
MCP3039006N,819DB7445FA64CD39770FDF17714EA50,False,NO APPARENT INJURY,NONE,NOT DISTRACTED,PASSENGER,MOVING CONSTANT SPEED,South,SUPERFICIAL,35,False,False,2,9565688906232937,230070669,Montgomery County Police,Property Damage ,False,South,2,3,LEVEL,False,False,DRIVER,SAME DIRECTION SIDESWIPE,DRY,DARK LIGHTS ON,NO CONTROLS,UNKNOWN,UNKNOWN,STRAIGHT,NO DEFECTS,"TWO-WAY, DIVIDED, POSITIVE MEDIAN BARRIER",38.99787845,-77.0302395,8554262040045692,7028044703065112,0,0,0,2023120818,7703596439001907
MCP3039006N,00941E15010342C48A5EAA83BD5CF9B8,True,NO APPARENT INJURY,NONE,NOT DISTRACTED,PASSENGER,CHANGING LANES,South,SUPERFICIAL,35,False,False,2,8544963788307527,230070669,Montgomery County Police,Property Damage ,False,South,2,3,LEVEL,False,False,DRIVER,SAME DIRECTION SIDESWIPE,DRY,DARK LIGHTS ON,NO CONTROLS,UNKNOWN,UNKNOWN,STRAIGHT,NO DEFECTS,"TWO-WAY, DIVIDED, POSITIVE MEDIAN BARRIER",38.99787845,-77.0302395,8554262040045692,7028044703065112,0,0,0,2023120818,7703596439001907
MCP31610061,668E96AF4C5A494990FEB7C0F685DD6D,True,NO APPARENT INJURY,NONE,UNKNOWN,EMERGENCY,CHANGING LANES,East,SUPERFICIAL,35,False,False,2,2250767647570290,230070681,Montgomery County Police,Property Damage ,False,East,1,3,LEVEL,False,False,DRIVER,SAME DIRECTION SIDESWIPE,DRY,DARK LIGHTS ON,NO CONTROLS,INTERSECTION,T-INTERSECTION,STRAIGHT,NO DEFECTS,"TWO-WAY, DIVIDED, POSITIVE MEDIAN BARRIER",39.05260013,-77.07712985,9290911226978796,4705353737830373,0,0,0,2023120818,7705486039088590
MCP31610061,33E71F5FDE5540E781A5D85050B04521,False,NO APPARENT INJURY,NONE,NOT DISTRACTED,PASSENGER,MOVING CONSTANT SPEED,East,SUPERFICIAL,35,False,False,2,1014617338025733,230070681,Montgomery County Police,Property Damage ,False,East,1,3,LEVEL,False,False,DRIVER,SAME DIRECTION SIDESWIPE,DRY,DARK LIGHTS ON,NO CONTROLS,INTERSECTION,T-INTERSECTION,STRAIGHT,NO DEFECTS,"TWO-WAY, DIVIDED, POSITIVE MEDIAN BARRIER",39.05260013,-77.07712985,9290911226978796,4705353737830373,0,0,0,2023120818,7705486039088590
MCP27230086,731A5F4F46864F37A17C2395FAC5B6FF,True,NO APPARENT INJURY,NONE,LOOKED BUT DID NOT SEE,PASSENGER,MOVING CONSTANT SPEED,North,NO DAMAGE,10,False,False,1,751452889037670,230070689,Montgomery County Police,Injury ,False,UNKNOWN,0,0,UNKNOWN,True,True,DRIVER,SINGLE VEHICLE,UNKNOWN,DARK LIGHTS ON,NO CONTROLS,UNKNOWN,UNKNOWN,UNKNOWN,UNKNOWN,UNKNOWN,39.07786491,-77.07972789,7781945108562677,7781945108562677,1,1,0,2023120820,7705486039088590
MCP28880027,1A02FC0CA4B94A6F8FDDD3C7D7DDB8F8,True,NO APPARENT INJURY,UNKNOWN,UNKNOWN,PASSENGER,MOVING CONSTANT SPEED,West,UNKNOWN,40,False,False,2,4868628283982229,230070696,Montgomery County Police,Property Damage ,True,East,2,2,LEVEL,False,False,DRIVER,SAME DIRECTION SIDESWIPE,DRY,DARK LIGHTS ON,NO CONTROLS,NON INTERSECTION,UNKNOWN,STRAIGHT,NO DEFECTS,"TWO-WAY, DIVIDED, POSITIVE MEDIAN BARRIER",39.07317207,-77.11136222,9290911226978796,4505319206634140,0,0,0,2023120821,7712156139078053
MCP28880027,53B406E85B004FBFB7CCF62BA7CDF42E,False,NO APPARENT INJURY,UNKNOWN,NOT DISTRACTED,PASSENGER,MOVING CONSTANT SPEED,West,SUPERFICIAL,40,False,False,2,846658528582971,230070696,Montgomery County Police,Property Damage ,True,East,2,2,LEVEL,False,False,DRIVER,SAME DIRECTION SIDESWIPE,DRY,DARK LIGHTS ON,NO CONTROLS,NON INTERSECTION,UNKNOWN,STRAIGHT,NO DEFECTS,"TWO-WAY, DIVIDED, POSITIVE MEDIAN BARRIER",39.07317207,-77.11136222,9290911226978796,4505319206634140,0,0,0,2023120821,7712156139078053
EJ7889004G,90ABDA5E705A483085334F1C3F1E23EB,True,NO APPARENT INJURY,ALCOHOL,NOT DISTRACTED,PASSENGER,MOVING CONSTANT SPEED,South,NO DAMAGE,15,False,False,1,5552969920975108,230070698,Gaithersburg Police Depar,Property Damage ,True,UNKNOWN,0,0,UNKNOWN,True,True,DRIVER,SINGLE VEHICLE,UNKNOWN,DARK -- UNKNOWN LIGHTING,NO CONTROLS,UNKNOWN,UNKNOWN,UNKNOWN,UNKNOWN,UNKNOWN,39.14000544,-77.20760394,7781945108562677,7781945108562677,0,0,0,2023120821,7718751639140820
MCP33560014,071C5FD4C9824738A00EF4B347D0CD68,True,NO APPARENT INJURY,NONE,LOOKED BUT DID NOT SEE,PASSENGER,MOVING CONSTANT SPEED,West,DISABLING,45,False,False,2,1093417202524063,230070700,Montgomery County Police,Property Damage ,False,West,1,2,LEVEL,False,False,DRIVER,OTHER,DRY,DARK LIGHTS ON,NO CONTROLS,OTHER,UNKNOWN,STRAIGHT,NO DEFECTS,"TWO-WAY, NOT DIVIDED",39.22838383,-77.08030333,7954022446587951,2174211612954725,0,0,0,2023120821,7714766839231538
MCP33560014,7C4A5B107D214466B900F5C6D9B97CB6,False,NO APPARENT INJURY,ALCOHOL,INATTENTIVE OR LOST IN THOUGHT,PASSENGER,MOVING CONSTANT SPEED,East,DESTROYED,45,False,False,2,6326503091981788,230070700,Montgomery County Police,Property Damage ,False,West,1,2,LEVEL,False,False,DRIVER,OTHER,DRY,DARK LIGHTS ON,NO CONTROLS,OTHER,UNKNOWN,STRAIGHT,NO DEFECTS,"TWO-WAY, NOT DIVIDED",39.22838383,-77.08030333,7954022446587951,2174211612954725,0,0,0,2023120821,7714766839231538
MCP33560013,7B095F3B06A74902A1EBB439E892FDAB,True,NO APPARENT INJURY,ALCOHOL,INATTENTIVE OR LOST IN THOUGHT,PASSENGER,MOVING CONSTANT SPEED,East,DESTROYED,45,False,False,2,6326503091981788,230070699,Montgomery County Police,Property Damage ,False,East,1,2,LEVEL,False,False,DRIVER,OTHER,DRY,DARK LIGHTS ON,NO CONTROLS,OTHER,UNKNOWN,STRAIGHT,NO DEFECTS,"TWO-WAY, NOT DIVIDED",39.228403,-77.08036233,7954022446587951,2174211612954725,0,0,0,2023120821,7714766839231538
MCP33560013,468DA30EFAAD4758995D14AC6EF99CA7,False,NO APPARENT INJURY,NONE,LOOKED BUT DID NOT SEE,PASSENGER,MOVING CONSTANT SPEED,West,DISABLING,45,False,False,2,1093417202524063,230070699,Montgomery County Police,Property Damage ,False,East,1,2,LEVEL,False,False,DRIVER,OTHER,DRY,DARK LIGHTS ON,NO CONTROLS,OTHER,UNKNOWN,STRAIGHT,NO DEFECTS,"TWO-WAY, NOT DIVIDED",39.228403,-77.08036233,7954022446587951,2174211612954725,0,0,0,2023120821,7714766839231538
MCP3258003L,E411D8AAEC254A03B20B82D8DBF8E50C,True,NO APPARENT INJURY,UNKNOWN,UNKNOWN,UNKNOWN,MOVING CONSTANT SPEED,West,UNKNOWN,25,False,False,1,8168321465439775,230070703,Montgomery County Police,Injury ,True,East,1,1,GRADE DOWNHILL,False,False,DRIVER,OTHER,DRY,DARK LIGHTS ON,NO CONTROLS,INTERSECTION,T-INTERSECTION,STRAIGHT,NO DEFECTS,"TWO-WAY, NOT DIVIDED",39.04280469,-77.06018926,7134483987072933,5808984873878396,1,1,0,2023120822,7704240439043964
MCP1021000Y,98C84F9A08DE4EBF83AD44D00DD6FF95,False,NO APPARENT INJURY,NONE,NOT DISTRACTED,PASSENGER,MOVING CONSTANT SPEED,North,DISABLING,40,False,False,1,3696052665528855,230070708,Montgomery County Police,Property Damage ,False,North,1,2,LEVEL,False,False,UNKNOWN,SINGLE VEHICLE,DRY,DARK NO LIGHTS,NO CONTROLS,NON INTERSECTION,UNKNOWN,STRAIGHT,NO DEFECTS,"TWO-WAY, NOT DIVIDED",39.31103333,-77.19800167,2800615797607229,7556268169374560,0,0,0,2023120822,7721721839291851
DD5670000B,B0EDC5C89ACA4C4BB0D887CA873F6F3C,False,POSSIBLE INJURY,NONE,NOT DISTRACTED,PASSENGER,MOVING CONSTANT SPEED,South,FUNCTIONAL,25,False,False,1,7004010037203408,230070710,Rockville Police Departme,Injury ,False,South,1,1,LEVEL,False,False,NONMOTORIST,SINGLE VEHICLE,DRY,DARK LIGHTS ON,NO CONTROLS,INTERSECTION,FOUR-WAY INTERSECTION,STRAIGHT,NO DEFECTS,"TWO-WAY, DIVIDED, UNPROTECTED PAINTED MIN 4 FEET",39.06013877,-77.12017775,5468689073361816,4009758825189548,1,0,0,2023120823,7712482939051552
MCP31070027,CC92CCD29DA2465599B868C4850F1E56,True,NO APPARENT INJURY,NONE,NOT DISTRACTED,PASSENGER,MOVING CONSTANT SPEED,East,DESTROYED,25,False,False,1,776190511685831,230070709,Montgomery County Police,Property Damage ,False,East,1,1,LEVEL,False,False,DRIVER,SINGLE VEHICLE,DRY,DARK LIGHTS ON,NO CONTROLS,NON INTERSECTION,UNKNOWN,CURVE LEFT,NO DEFECTS,"TWO-WAY, NOT DIVIDED",39.1242304,-77.13450447,9866041602977993,6157464442507956,0,0,0,2023120823,7713230839137712
DD5662000N,39AF32077AE0496D8C38D4744ED3FCB2,True,NO APPARENT INJURY,ALCOHOL,TEXTING FROM A CELLULAR PHONE,PASSENGER,UNKNOWN,East,DESTROYED,35,False,False,1,2255236842131232,230070715,Rockville Police Departme,Property Damage ,False,East,0,1,LEVEL,False,False,DRIVER,OTHER,DRY,DAWN,OTHER,INTERSECTION RELATED,T-INTERSECTION,STRAIGHT,NO DEFECTS,"TWO-WAY, NOT DIVIDED",39.0803607,-77.14885821,4405280479347503,3888042910259240,0,0,0,2023120823,7718114539090864
DM8494003N,9D564944EA9E4876AB2B3601473EC437,False,NO APPARENT INJURY,UNKNOWN,NOT DISTRACTED,PASSENGER,STOPPED IN TRAFFIC LANE,North,SUPERFICIAL,25,False,False,2,7379790539269169,230070712,Takoma Park Police Depart,Property Damage ,False,North,3,3,UNKNOWN,False,False,DRIVER,SAME DIR REAR END,DRY,DARK LIGHTS ON,TRAFFIC SIGNAL,INTERSECTION RELATED,FOUR-WAY INTERSECTION,STRAIGHT,NO DEFECTS,"TWO-WAY, DIVIDED, POSITIVE MEDIAN BARRIER",38.98835533,-76.98748217,8901981419077344,3065693472279380,0,0,0,2023120823,7700204038982546
DM8494003N,0722379C0D6B4C76893EA9389A33A3EF,True,NO APPARENT INJURY,UNKNOWN,UNKNOWN,PASSENGER,STOPPED IN TRAFFIC LANE,North,FUNCTIONAL,25,False,False,2,4305650681369623,230070712,Takoma Park Police Depart,Property Damage ,False,North,3,3,UNKNOWN,False,False,DRIVER,SAME DIR REAR END,DRY,DARK LIGHTS ON,TRAFFIC SIGNAL,INTERSECTION RELATED,FOUR-WAY INTERSECTION,STRAIGHT,NO DEFECTS,"TWO-WAY, DIVIDED, POSITIVE MEDIAN BARRIER",38.98835533,-76.98748217,8901981419077344,3065693472279380,0,0,0,2023120823,7700204038982546
MCP33090024,6288B1CCCB3E4A65869D078CB6511CC0,True,NO APPARENT INJURY,UNKNOWN,UNKNOWN,PASSENGER,UNKNOWN,South,DISABLING,30,False,False,1,7942766397009399,23007072,Montgomery County Police,Property Damage ,True,South,1,1,GRADE DOWNHILL,False,False,DRIVER,SINGLE VEHICLE,DRY,DARK NO LIGHTS,NO CONTROLS,NON INTERSECTION,UNKNOWN,CURVE LEFT,NO DEFECTS,"TWO-WAY, NOT DIVIDED",39.21787437,-77.0554467,8901981419077344,5901990249336285,0,0,0,2023120901,7705685339203696
MCP2313001Q,A21A92EDAE90404A9C59724C61BCB1E6,True,NO APPARENT INJURY,ALCOHOL,UNKNOWN,PASSENGER,MOVING CONSTANT SPEED,South,DISABLING,25,False,False,2,3097115431096871,230070723,Montgomery County Police,Injury ,False,South,1,4,LEVEL,False,False,DRIVER,STRAIGHT MOVEMENT ANGLE,DRY,DARK LIGHTS ON,TRAFFIC SIGNAL,INTERSECTION,FOUR-WAY INTERSECTION,STRAIGHT,NO DEFECTS,"TWO-WAY, DIVIDED, POSITIVE MEDIAN BARRIER",39.04152876,-77.05176577,8554262040045692,5963249679537482,0,0,0,2023120901,7704240439043964
MCP2313001Q,C9C960EEADE84B3EBC91A977FEC07DF5,False,NO APPARENT INJURY,UNKNOWN,NOT DISTRACTED,PASSENGER,MOVING CONSTANT SPEED,West,DISABLING,25,False,False,2,7026902055532801,230070723,Montgomery County Police,Injury ,False,South,1,4,LEVEL,False,False,DRIVER,STRAIGHT MOVEMENT ANGLE,DRY,DARK LIGHTS ON,TRAFFIC SIGNAL,INTERSECTION,FOUR-WAY INTERSECTION,STRAIGHT,NO DEFECTS,"TWO-WAY, DIVIDED, POSITIVE MEDIAN BARRIER",39.04152876,-77.05176577,8554262040045692,5963249679537482,0,0,0,2023120901,7704240439043964
DM8370001Z,E39FF23DDA234AA6A890CEA262EFDF30,False,NO APPARENT INJURY,NONE,NOT DISTRACTED,PASSENGER,MOVING CONSTANT SPEED,East,DISABLING,35,False,False,2,7004010121091503,230070844,Takoma Park Police Depart,Property Damage ,False,South,1,1,LEVEL,False,False,DRIVER,STRAIGHT MOVEMENT ANGLE,DRY,DARK LIGHTS ON,FLASHING TRAFFIC SIGNAL,INTERSECTION,FOUR-WAY INTERSECTION,STRAIGHT,NO DEFECTS,UNKNOWN,38.98733733,-76.98497641,5005946941929880,3854258984399684,0,0,0,2023120901,0
DM8370001Z,51E2A2EF10DC4E79ACF46258E2667B76,True,NO APPARENT INJURY,NONE,NOT DISTRACTED,PASSENGER,ACCELERATING,South,FUNCTIONAL,15,False,False,2,3063454661069113,230070844,Takoma Park Police Depart,Property Damage ,False,South,1,1,LEVEL,False,False,DRIVER,STRAIGHT MOVEMENT ANGLE,DRY,DARK LIGHTS ON,FLASHING TRAFFIC SIGNAL,INTERSECTION,FOUR-WAY INTERSECTION,STRAIGHT,NO DEFECTS,UNKNOWN,38.98733733,-76.98497641,5005946941929880,3854258984399684,0,0,0,2023120901,0
MCP2663000V,15CCFCBE8152442D84B501FB1B8A77F4,True,NO APPARENT INJURY,ALCOHOL,NOT DISTRACTED,PASSENGER,MOVING CONSTANT SPEED,East,DESTROYED,25,False,False,1,582567308549091,230070726,Montgomery County Police,Property Damage ,False,East,1,1,LEVEL,False,False,DRIVER,SAME DIRECTION SIDESWIPE,DRY,DARK LIGHTS ON,NO CONTROLS,NON INTERSECTION,UNKNOWN,STRAIGHT,NO DEFECTS,"TWO-WAY, NOT DIVIDED",39.0582588,-77.0670634,8619958653950713,2602402406295114,0,0,0,2023120902,7704240439043964
MCP34040007,B03F520AA9834B8888B9B9A958B0E15D,True,NO APPARENT INJURY,NONE,NOT DISTRACTED,PASSENGER,MOVING CONSTANT SPEED,South,FUNCTIONAL,25,False,False,2,2220025418469611,230070748,Montgomery County Police,Property Damage ,True,South,2,3,LEVEL,False,False,DRIVER,SAME DIR REAR END,DRY,DAYLIGHT,TRAFFIC SIGNAL,INTERSECTION RELATED,FOUR-WAY INTERSECTION,STRAIGHT,NO DEFECTS,"TWO-WAY, DIVIDED, POSITIVE MEDIAN BARRIER",39.04156503,-77.05182525,8554262040045692,5963249679537482,0,0,0,2023120909,7704240439043964
MCP34040007,02C5A384DD964A179620A622930416D8,False,NO APPARENT INJURY,NONE,NOT DISTRACTED,PASSENGER,STOPPED IN TRAFFIC LANE,South,FUNCTIONAL,25,False,False,2,3063454744957208,230070748,Montgomery County Police,Property Damage ,True,South,2,3,LEVEL,False,False,DRIVER,SAME DIR REAR END,DRY,DAYLIGHT,TRAFFIC SIGNAL,INTERSECTION RELATED,FOUR-WAY INTERSECTION,STRAIGHT,NO DEFECTS,"TWO-WAY, DIVIDED, POSITIVE MEDIAN BARRIER",39.04156503,-77.05182525,8554262040045692,5963249679537482,0,0,0,2023120909,7704240439043964
MCP27610053,196D38DF675D46DA9BFF1E3F5EA43F15,False,NO APPARENT INJURY,UNKNOWN,NOT DISTRACTED,UNKNOWN,STOPPED IN TRAFFIC LANE,West,UNKNOWN,35,False,False,3,8168321465439775,230070753,Montgomery County Police,Property Damage ,True,West,1,1,GRADE DOWNHILL,False,False,DRIVER,SAME DIR REAR END,DRY,DAYLIGHT,NO CONTROLS,NON INTERSECTION,UNKNOWN,STRAIGHT,NO DEFECTS,"TWO-WAY, NOT DIVIDED",39.15411417,-77.25372367,278210474574513,6910034440025097,0,0,0,2023120910,7729807639132189
MCP27610053,4E430DB9E67E46CB9AFC0E38095DD37F,False,NO APPARENT INJURY,NONE,NOT DISTRACTED,PASSENGER,STOPPED IN TRAFFIC LANE,West,DISABLING,35,False,False,3,2556346062999048,230070753,Montgomery County Police,Property Damage ,True,West,1,1,GRADE DOWNHILL,False,False,DRIVER,SAME DIR REAR END,DRY,DAYLIGHT,NO CONTROLS,NON INTERSECTION,UNKNOWN,STRAIGHT,NO DEFECTS,"TWO-WAY, NOT DIVIDED",39.15411417,-77.25372367,278210474574513,6910034440025097,0,0,0,2023120910,7729807639132189
MCP27610053,73EC63958D2342A9B030CBDCD00CFDB7,True,NO APPARENT INJURY,NONE,UNKNOWN,PASSENGER,MOVING CONSTANT SPEED,West,DISABLING,35,False,False,3,3233063173565461,230070753,Montgomery County Police,Property Damage ,True,West,1,1,GRADE DOWNHILL,False,False,DRIVER,SAME DIR REAR END,DRY,DAYLIGHT,NO CONTROLS,NON INTERSECTION,UNKNOWN,STRAIGHT,NO DEFECTS,"TWO-WAY, NOT DIVIDED",39.15411417,-77.25372367,278210474574513,6910034440025097,0,0,0,2023120910,7729807639132189
EJ78980021,63E26F674205463FA373017BC8B3A1BE,True,NO APPARENT INJURY,UNKNOWN,UNKNOWN,PASSENGER,MAKING LEFT TURN,North,UNKNOWN,15,False,False,1,3291189881588579,230070761,Gaithersburg Police Depar,Property Damage ,True,UNKNOWN,0,0,UNKNOWN,True,True,DRIVER,STRAIGHT MOVEMENT ANGLE,UNKNOWN,DAYLIGHT,UNKNOWN,UNKNOWN,UNKNOWN,UNKNOWN,UNKNOWN,UNKNOWN,39.12718607,-77.18301643,7781945108562677,7781945108562677,0,0,0,2023120911,7718751639140820
MCP2826001F,64503C71E47147789F57840B2FFCF908,True,NO APPARENT INJURY,UNKNOWN,OTHER DISTRACTION,PASSENGER,BACKING,UNKNOWN,FUNCTIONAL,15,False,False,2,9088251225273189,230070765,Montgomery County Police,Property Damage ,True,UNKNOWN,0,0,UNKNOWN,True,True,DRIVER,OTHER,UNKNOWN,DAYLIGHT,UNKNOWN,UNKNOWN,UNKNOWN,UNKNOWN,UNKNOWN,UNKNOWN,38.9967382,-77.02372682,7781945108562677,7781945108562677,0,0,0,2023120912,7703596439001907
MCP2826001F,2AE4204918D9486BA50600C7BAC0F10F,False,NO APPARENT INJURY,NONE,NOT DISTRACTED,PASSENGER,SLOWING OR STOPPING,UNKNOWN,FUNCTIONAL,15,False,False,2,5651757836756176,230070765,Montgomery County Police,Property Damage ,True,UNKNOWN,0,0,UNKNOWN,True,True,DRIVER,OTHER,UNKNOWN,DAYLIGHT,UNKNOWN,UNKNOWN,UNKNOWN,UNKNOWN,UNKNOWN,UNKNOWN,38.9967382,-77.02372682,7781945108562677,7781945108562677,0,0,0,2023120912,7703596439001907
MCP24560086,53A0DB8A033F4B989F3F1822ECF9EDC1,True,NO APPARENT INJURY,UNKNOWN,UNKNOWN,EMERGENCY,MOVING CONSTANT SPEED,North,FUNCTIONAL,25,False,False,1,3233063173565461,230070774,Montgomery County Police,Injury ,True,North,1,2,LEVEL,False,False,BOTH,SINGLE VEHICLE,DRY,DAYLIGHT,NO CONTROLS,NON INTERSECTION,UNKNOWN,STRAIGHT,NO DEFECTS,"TWO-WAY, DIVIDED, UNPROTECTED PAINTED MIN 4 FEET",38.99923466,-77.00384109,3492999203417397,7000316196228341,1,1,0,2023120913,7700923739021308
MCP3130006Y,1428CCC24A694309AC337183918E5D62,False,SUSPECTED MINOR INJURY,NONE,NOT DISTRACTED,PASSENGER,MOVING CONSTANT SPEED,North,DESTROYED,30,False,False,2,1032943015775874,230070775,Montgomery County Police,Injury ,False,West,1,1,LEVEL,False,False,DRIVER,STRAIGHT MOVEMENT ANGLE,DRY,UNKNOWN,STOP SIGN,INTERSECTION,FOUR-WAY INTERSECTION,STRAIGHT,NO DEFECTS,"TWO-WAY, DIVIDED, POSITIVE MEDIAN BARRIER",39.072791,-77.08672783,4005500860300433,7723349871961125,0,0,0,2023120913,7709494939102237
MCP3130006Y,3B0D78AD77C847C081E577A80A83F816,True,SUSPECTED MINOR INJURY,NONE,LOOKED BUT DID NOT SEE,PASSENGER,ACCELERATING,East,DISABLING,30,False,False,2,1951057071916257,230070775,Montgomery County Police,Injury ,False,West,1,1,LEVEL,False,False,DRIVER,STRAIGHT MOVEMENT ANGLE,DRY,UNKNOWN,STOP SIGN,INTERSECTION,FOUR-WAY INTERSECTION,STRAIGHT,NO DEFECTS,"TWO-WAY, DIVIDED, POSITIVE MEDIAN BARRIER",39.072791,-77.08672783,4005500860300433,7723349871961125,0,0,0,2023120913,7709494939102237
MCP3258003M,312E7BCB6ACA428D9A91AFC68C87D484,False,NO APPARENT INJURY,UNKNOWN,NOT DISTRACTED,PASSENGER,OTHER,North,SUPERFICIAL,5,False,False,2,6578981136474188,230070784,Montgomery County Police,Property Damage ,True,UNKNOWN,0,0,UNKNOWN,True,True,DRIVER,SAME DIR REND LEFT TURN,UNKNOWN,DAYLIGHT,NO CONTROLS,UNKNOWN,UNKNOWN,UNKNOWN,UNKNOWN,UNKNOWN,39.03541,-77.05616667,7781945108562677,7781945108562677,0,0,0,2023120915,7704240439043964
MCP3258003M,53955523E76F4DC9AF71354DCC4EF208,True,NO APPARENT INJURY,UNKNOWN,UNKNOWN,PASSENGER,BACKING,East,UNKNOWN,5,False,False,2,3744731615725326,230070784,Montgomery County Police,Property Damage ,True,UNKNOWN,0,0,UNKNOWN,True,True,DRIVER,SAME DIR REND LEFT TURN,UNKNOWN,DAYLIGHT,NO CONTROLS,UNKNOWN,UNKNOWN,UNKNOWN,UNKNOWN,UNKNOWN,39.03541,-77.05616667,7781945108562677,7781945108562677,0,0,0,2023120915,7704240439043964
MCP2339008Z,1D6279B0AAAF4A879E622ED89392E805,False,NO APPARENT INJURY,NONE,NOT DISTRACTED,PASSENGER,PARKED,UNKNOWN,SUPERFICIAL,0,True,False,2,1857375348403831,230070787,Montgomery County Police,Property Damage ,True,UNKNOWN,0,0,UNKNOWN,True,True,DRIVER,HEAD ON LEFT TURN,UNKNOWN,DAYLIGHT,NO CONTROLS,UNKNOWN,UNKNOWN,UNKNOWN,UNKNOWN,UNKNOWN,39.05760083,-77.125331,7781945108562677,7781945108562677,0,0,0,2023120915,7712482939051552
MCP2339008Z,A2BA02F53F3F42EAA5B4B1DC2DDFD220,True,NO APPARENT INJURY,UNKNOWN,UNKNOWN,PASSENGER,PARKING,UNKNOWN,UNKNOWN,15,False,False,2,5738617122717260,230070787,Montgomery County Police,Property Damage ,True,UNKNOWN,0,0,UNKNOWN,True,True,DRIVER,HEAD ON LEFT TURN,UNKNOWN,DAYLIGHT,NO CONTROLS,UNKNOWN,UNKNOWN,UNKNOWN,UNKNOWN,UNKNOWN,39.05760083,-77.125331,7781945108562677,7781945108562677,0,0,0,2023120915,7712482939051552
DD5648002F,C69349C4E5004EC7A38A124C8F158A2A,False,NO APPARENT INJURY,NONE,NOT DISTRACTED,PASSENGER,MOVING CONSTANT SPEED,South,FUNCTIONAL,5,False,False,2,1032942965443017,230070796,Rockville Police Departme,Property Damage ,False,UNKNOWN,0,0,UNKNOWN,True,True,DRIVER,STRAIGHT MOVEMENT ANGLE,UNKNOWN,DARK LIGHTS ON,NO CONTROLS,UNKNOWN,UNKNOWN,UNKNOWN,UNKNOWN,UNKNOWN,39.07610002,-77.13744466,7781945108562677,7781945108562677,0,0,0,2023120916,7712482939051552
DD5648002F,D5E7592400614696ABC581D442CDE6B1,True,NO APPARENT INJURY,NONE,INATTENTIVE OR LOST IN THOUGHT,PASSENGER,STARTING FROM LANE,South,DISABLING,5,False,False,2,1032943166774445,230070796,Rockville Police Departme,Property Damage ,False,UNKNOWN,0,0,UNKNOWN,True,True,DRIVER,STRAIGHT MOVEMENT ANGLE,UNKNOWN,DARK LIGHTS ON,NO CONTROLS,UNKNOWN,UNKNOWN,UNKNOWN,UNKNOWN,UNKNOWN,39.07610002,-77.13744466,7781945108562677,7781945108562677,0,0,0,2023120916,7712482939051552