ReportNumber,VehicleCrashKey,DriverAtFault,DriverInjurySeverity,DriverSubstanceAbuse,DriverDistractedBy,VehicleType,VehicleMovement,VehicleGoingDir,VehicleDamageExtent,SpeedLimit,ParkedVehicle,SubstanceAbuseContributed,VehiclesCrashedTotal,VehicleKey,LocalCaseNumber,AgencyName,ACRSReportType,HitRun,LaneDirection,LaneNumber,NumberOfLanes,RoadGrade,NonTraffic,OffRoadIncident,AccidentAtFault,CollisionType,SurfaceCondition,Light,TrafficControl,Junction,IntersectionType,RoadAlignment,RoadCondition,RoadDivision,Latitude,Longitude,RoadKey,CrossStreetKey,NonMotoristTotal,NonMotoristInjury,NonMotoristFatal,DateHourKey,LocationAreaKey
MCP3262003Q,5B40BF8060534D81B88B77AB11C49AE1,True,POSSIBLE INJURY,NONE,OTHER DISTRACTION,PASSENGER,SLOWING OR STOPPING,South,DISABLING,45,False,False,2,4204090587552149,230070953,Montgomery County Police,Injury ,False,South,2,3,LEVEL,False,False,DRIVER,SAME DIR REAR END,WET,DARK LIGHTS ON,TRAFFIC SIGNAL,INTERSECTION RELATED,FOUR-WAY INTERSECTION,STRAIGHT,NO DEFECTS,"TWO-WAY, DIVIDED, POSITIVE MEDIAN BARRIER",39.09637017,-76.93775417,2620072274155517,2503492495115873,0,0,0,2023121016,7693347839109025
MCP3262003Q,94935B6780194839967C52783F6A938D,False,POSSIBLE INJURY,NONE,NOT DISTRACTED,PASSENGER,STOPPED IN TRAFFIC LANE,South,DISABLING,45,False,False,2,4584394259399108,230070953,Montgomery County Police,Injury ,False,South,2,3,LEVEL,False,False,DRIVER,SAME DIR REAR END,WET,DARK LIGHTS ON,TRAFFIC SIGNAL,INTERSECTION RELATED,FOUR-WAY INTERSECTION,STRAIGHT,NO DEFECTS,"TWO-WAY, DIVIDED, POSITIVE MEDIAN BARRIER",39.09637017,-76.93775417,2620072274155517,2503492495115873,0,0,0,2023121016,7693347839109025
MCP3112006C,DBED5674228F4A009CB585FFB6D6734F,True,NO APPARENT INJURY,NONE,NOT DISTRACTED,PASSENGER,MOVING CONSTANT SPEED,East,DESTROYED,55,False,False,2,3097115431096871,230070963,Montgomery County Police,Property Damage ,True,East,1,4,LEVEL,False,False,DRIVER,SAME DIRECTION SIDESWIPE,WET,DARK NO LIGHTS,UNKNOWN,NON INTERSECTION,UNKNOWN,STRAIGHT,NO DEFECTS,"TWO-WAY, DIVIDED, POSITIVE MEDIAN BARRIER",39.01898833,-77.10696333,2262757322158515,6734471929870050,0,0,0,2023121017,7710519939016894
MCP3112006C,2B8A586887D14B9A94837747898D79A0,False,NO APPARENT INJURY,UNKNOWN,UNKNOWN,UNKNOWN,CHANGING LANES,East,UNKNOWN,55,False,False,2,8168321465439775,230070963,Montgomery County Police,Property Damage ,True,East,1,4,LEVEL,False,False,DRIVER,SAME DIRECTION SIDESWIPE,WET,DARK NO LIGHTS,UNKNOWN,NON INTERSECTION,UNKNOWN,STRAIGHT,NO DEFECTS,"TWO-WAY, DIVIDED, POSITIVE MEDIAN BARRIER",39.01898833,-77.10696333,2262757322158515,6734471929870050,0,0,0,2023121017,7710519939016894
MCP2159001K,EBA0BC0E966A442C8833A041F0B6473A,True,NO APPARENT INJURY,NONE,NOT DISTRACTED,PASSENGER,MOVING CONSTANT SPEED,North,DISABLING,30,False,False,1,8719887392522560,230070973,Montgomery County Police,Property Damage ,False,North,1,1,LEVEL,False,False,DRIVER,SINGLE VEHICLE,WET,DARK LIGHTS ON,UNKNOWN,UNKNOWN,UNKNOWN,CURVE LEFT,NO DEFECTS,"TWO-WAY, DIVIDED, UNPROTECTED PAINTED MIN 4 FEET",39.1510015,-77.268472,1390149187382918,9755542982050852,0,0,0,2023121017,7729807639132189
MCP32300051,C9FF56F31C604E22ADEB13A0F5A62044,False,NO APPARENT INJURY,NONE,NOT DISTRACTED,PASSENGER,STOPPED IN TRAFFIC LANE,North,SUPERFICIAL,35,False,False,3,1557048947459933,230070971,Montgomery County Police,Property Damage ,False,South,1,3,LEVEL,False,False,DRIVER,STRAIGHT MOVEMENT ANGLE,WET,DARK LIGHTS ON,TRAFFIC SIGNAL,INTERSECTION,FOUR-WAY INTERSECTION,STRAIGHT,NO DEFECTS,"TWO-WAY, DIVIDED, UNPROTECTED PAINTED MIN 4 FEET",39.06313831,-77.07347682,1627793738140795,3597642028494755,0,0,0,2023121018,7705486039088590
MCP32300051,AFB1A7275AB84CEFA0403972FDEDCB2C,False,NO APPARENT INJURY,NONE,NOT DISTRACTED,PASSENGER,MOVING CONSTANT SPEED,East,DISABLING,35,False,False,3,5867016801070383,230070971,Montgomery County Police,Property Damage ,False,South,1,3,LEVEL,False,False,DRIVER,STRAIGHT MOVEMENT ANGLE,WET,DARK LIGHTS ON,TRAFFIC SIGNAL,INTERSECTION,FOUR-WAY INTERSECTION,STRAIGHT,NO DEFECTS,"TWO-WAY, DIVIDED, UNPROTECTED PAINTED MIN 4 FEET",39.06313831,-77.07347682,1627793738140795,3597642028494755,0,0,0,2023121018,7705486039088590
MCP32300051,47192A10FE9F4C9B97AE7F2EE26B357B,True,NO APPARENT INJURY,NONE,NOT DISTRACTED,PASSENGER,MOVING CONSTANT SPEED,South,DISABLING,35,False,False,3,3097115246543062,230070971,Montgomery County Police,Property Damage ,False,South,1,3,LEVEL,False,False,DRIVER,STRAIGHT MOVEMENT ANGLE,WET,DARK LIGHTS ON,TRAFFIC SIGNAL,INTERSECTION,FOUR-WAY INTERSECTION,STRAIGHT,NO DEFECTS,"TWO-WAY, DIVIDED, UNPROTECTED PAINTED MIN 4 FEET",39.06313831,-77.07347682,1627793738140795,3597642028494755,0,0,0,2023121018,7705486039088590
DD5669000B,8C8DE970B8F347B590EF30A622F7C780,True,NO APPARENT INJURY,UNKNOWN,NOT DISTRACTED,PASSENGER,MOVING CONSTANT SPEED,South,DISABLING,30,False,False,1,4595510051903263,230070975,Rockville Police Departme,Property Damage ,False,South,1,1,LEVEL,False,False,DRIVER,SINGLE VEHICLE,WET,DARK LIGHTS ON,NO CONTROLS,UNKNOWN,UNKNOWN,STRAIGHT,VIEW OBSTRUCTED,ONE-WAY TRAFFICWAY,39.06976975,-77.1699206,3959662123727166,7928231202316247,0,0,0,2023121018,7722348939035838
MCP2674004M,C92C2D01325840F4AAE0D4C7EE982044,False,NO APPARENT INJURY,NONE,NOT DISTRACTED,PASSENGER,STOPPED IN TRAFFIC LANE,North,FUNCTIONAL,40,False,False,2,170151772987774,230070972,Montgomery County Police,Property Damage ,False,North,0,3,LEVEL,False,False,DRIVER,HEAD ON,WET,DARK LIGHTS ON,TRAFFIC SIGNAL,INTERSECTION RELATED,FOUR-WAY INTERSECTION,STRAIGHT,NO DEFECTS,"TWO-WAY, DIVIDED, POSITIVE MEDIAN BARRIER",39.20463033,-77.24658467,2800615797607229,4972572914805173,0,0,0,2023121018,7723271939208770
MCP2674004M,4C52975CCF4A45F1912FAD126A5D4D73,True,NO APPARENT INJURY,NONE,NOT DISTRACTED,PASSENGER,MOVING CONSTANT SPEED,South,DISABLING,40,False,False,2,2126610733193260,230070972,Montgomery County Police,Property Damage ,False,North,0,3,LEVEL,False,False,DRIVER,HEAD ON,WET,DARK LIGHTS ON,TRAFFIC SIGNAL,INTERSECTION RELATED,FOUR-WAY INTERSECTION,STRAIGHT,NO DEFECTS,"TWO-WAY, DIVIDED, POSITIVE MEDIAN BARRIER",39.20463033,-77.24658467,2800615797607229,4972572914805173,0,0,0,2023121018,7723271939208770
MCP3294001T,1D4F1C1E4C7C46988093AC050D2DCFDA,True,NO APPARENT INJURY,NONE,LOOKED BUT DID NOT SEE,PASSENGER,MAKING LEFT TURN,North,DISABLING,25,False,False,1,9914684012776740,230070977,Montgomery County Police,Property Damage ,False,UNKNOWN,0,0,UNKNOWN,True,True,DRIVER,SINGLE VEHICLE,UNKNOWN,DARK LIGHTS ON,OTHER,UNKNOWN,UNKNOWN,UNKNOWN,UNKNOWN,UNKNOWN,39.15291283,-77.20869483,7781945108562677,7781945108562677,0,0,0,2023121018,7718751639140820
EJ7876006P,B9CE41A6635B443295CE4CA7265DE391,False,NO APPARENT INJURY,NONE,NOT DISTRACTED,PASSENGER,SLOWING OR STOPPING,North,SUPERFICIAL,35,False,False,2,4584394309731965,230070978,Gaithersburg Police Depar,Property Damage ,False,North,3,3,LEVEL,False,False,DRIVER,SAME DIR REAR END,WET,DARK LIGHTS ON,YIELD SIGN,INTERSECTION RELATED,FOUR-WAY INTERSECTION,STRAIGHT,NO DEFECTS,"TWO-WAY, DIVIDED, POSITIVE MEDIAN BARRIER",39.12291887,-77.17799591,4972572914805173,3271787103587979,0,0,0,2023121018,7718751639140820
EJ7876006P,2BDAD24A21744A98B917CDB57972EDAC,True,NO APPARENT INJURY,NONE,NOT DISTRACTED,EMERGENCY,ACCELERATING,North,SUPERFICIAL,35,False,False,2,2218989129586392,230070978,Gaithersburg Police Depar,Property Damage ,False,North,3,3,LEVEL,False,False,DRIVER,SAME DIR REAR END,WET,DARK LIGHTS ON,YIELD SIGN,INTERSECTION RELATED,FOUR-WAY INTERSECTION,STRAIGHT,NO DEFECTS,"TWO-WAY, DIVIDED, POSITIVE MEDIAN BARRIER",39.12291887,-77.17799591,4972572914805173,3271787103587979,0,0,0,2023121018,7718751639140820
MCP9442003F,9A6760803CF1452E80376F88F6679010,False,NO APPARENT INJURY,NONE,NOT DISTRACTED,PASSENGER,SLOWING OR STOPPING,East,DISABLING,35,False,False,2,9523097921803649,230070984,Montgomery County Police,Property Damage ,True,North,0,2,GRADE DOWNHILL,False,False,DRIVER,OPPOSITE DIRECTION SIDESWIPE,WET,DARK LIGHTS ON,NO CONTROLS,INTERSECTION RELATED,T-INTERSECTION,STRAIGHT,NO DEFECTS,"TWO-WAY, NOT DIVIDED",39.15116583,-77.24627767,278210474574513,9236417170935997,0,0,0,2023121019,7724972439113159
MCP9442003F,39FCD36C63064282BEB32614A7CBA240,True,NO APPARENT INJURY,UNKNOWN,UNKNOWN,PASSENGER,MAKING RIGHT TURN,North,FUNCTIONAL,35,False,False,2,6359337503363540,230070984,Montgomery County Police,Property Damage ,True,North,0,2,GRADE DOWNHILL,False,False,DRIVER,OPPOSITE DIRECTION SIDESWIPE,WET,DARK LIGHTS ON,NO CONTROLS,INTERSECTION RELATED,T-INTERSECTION,STRAIGHT,NO DEFECTS,"TWO-WAY, NOT DIVIDED",39.15116583,-77.24627767,278210474574513,9236417170935997,0,0,0,2023121019,7724972439113159
MCP27830054,5BAFCAF3622F468B8F608A29BFB7C6F3,True,NO APPARENT INJURY,NONE,UNKNOWN,PASSENGER,MOVING CONSTANT SPEED,East,FUNCTIONAL,35,False,False,1,8865406005166619,230070990,Montgomery County Police,Property Damage ,False,East,1,1,LEVEL,False,False,DRIVER,SINGLE VEHICLE,WET,DARK LIGHTS ON,NO CONTROLS,NON INTERSECTION,UNKNOWN,STRAIGHT,NO DEFECTS,"TWO-WAY, NOT DIVIDED",39.149272,-77.01413717,3800611912574069,3453038839885798,0,0,0,2023121020,7699742339152403
EJ7870006K,F6B583F327914808A4A5E2F91C435DB9,True,NO APPARENT INJURY,NONE,LOOKED BUT DID NOT SEE,PASSENGER,MAKING U TURN,East,FUNCTIONAL,35,False,False,2,5709269989646123,230070995,Gaithersburg Police Depar,Property Damage ,False,West,2,2,LEVEL,False,False,DRIVER,OTHER,WET,DARK LIGHTS ON,TRAFFIC SIGNAL,INTERSECTION,FOUR-WAY INTERSECTION,CURVE LEFT,NO DEFECTS,"TWO-WAY, DIVIDED, POSITIVE MEDIAN BARRIER",39.11600173,-77.20403075,6732162884247709,4729781649448766,0,0,0,2023121020,7724972439113159
EJ7870006K,A56ADE5E207C4B2F875908AAC0171CBB,False,NO APPARENT INJURY,NONE,NOT DISTRACTED,PASSENGER,MAKING RIGHT TURN,South,DISABLING,35,False,False,2,2534137744596170,230070995,Gaithersburg Police Depar,Property Damage ,False,West,2,2,LEVEL,False,False,DRIVER,OTHER,WET,DARK LIGHTS ON,TRAFFIC SIGNAL,INTERSECTION,FOUR-WAY INTERSECTION,CURVE LEFT,NO DEFECTS,"TWO-WAY, DIVIDED, POSITIVE MEDIAN BARRIER",39.11600173,-77.20403075,6732162884247709,4729781649448766,0,0,0,2023121020,7724972439113159
MCP3360001B,48AC1D16B54F452FB2E7BD973088FA1B,True,NO APPARENT INJURY,NONE,NOT DISTRACTED,PASSENGER,MOVING CONSTANT SPEED,North,DISABLING,55,False,False,1,9088251225273189,230070997,Montgomery County Police,Injury ,False,North,0,3,LEVEL,False,False,DRIVER,SINGLE VEHICLE,WET,DARK LIGHTS ON,NO CONTROLS,CROSSOVER RELATED,UNKNOWN,STRAIGHT,NO DEFECTS,ONE-WAY TRAFFICWAY,39.13764667,-77.21082833,1257986858156867,2143914507962764,0,0,0,2023121021,7718751639140820
MCP2699001S,B4D9DBA453664DF4AE7AED73ADB35236,True,NO APPARENT INJURY,NONE,UNKNOWN,PASSENGER,MOVING CONSTANT SPEED,East,DISABLING,40,False,False,1,395683932512499,230070999,Montgomery County Police,Property Damage ,False,East,2,2,GRADE DOWNHILL,False,False,DRIVER,SINGLE VEHICLE,WATER(STANDING/MOVING),DARK NO LIGHTS,NO CONTROLS,NON INTERSECTION,UNKNOWN,STRAIGHT,NO DEFECTS,"TWO-WAY, DIVIDED, POSITIVE MEDIAN BARRIER",39.09460833,-77.11609,418179445979580,6995932442052456,0,0,0,2023121022,7709494939102237
MCP1425001K,13547B78C9F04A89B5A070EEB308DEB0,True,SUSPECTED SERIOUS INJURY,NONE,INATTENTIVE OR LOST IN THOUGHT,PASSENGER,MOVING CONSTANT SPEED,South,DESTROYED,30,False,False,1,7654138238105853,230071001,Montgomery County Police,Injury ,False,South,1,2,HILL CREST,False,False,DRIVER,SINGLE VEHICLE,WET,DARK LIGHTS ON,NO CONTROLS,NON INTERSECTION,UNKNOWN,STRAIGHT,NO DEFECTS,"TWO-WAY, NOT DIVIDED",39.08376539,-77.22976595,4096686202662173,5753505465950262,0,0,0,2023121022,7718114539090864
DD55380048,757DAB5663024D39A85E85931F814EC5,False,NO APPARENT INJURY,NONE,NOT DISTRACTED,OTHER,MOVING CONSTANT SPEED,South,DESTROYED,10,False,False,1,451902171786101,230071005,Rockville Police Departme,Property Damage ,False,UNKNOWN,0,0,UNKNOWN,True,True,UNKNOWN,SINGLE VEHICLE,UNKNOWN,DARK LIGHTS ON,NO CONTROLS,UNKNOWN,UNKNOWN,UNKNOWN,UNKNOWN,UNKNOWN,39.08591631,-77.15250123,7781945108562677,7781945108562677,0,0,0,2023121023,7718114539090864
MCP31070028,13A368D522034B4C9D9518BAE11A109F,True,NO APPARENT INJURY,NONE,NOT DISTRACTED,PASSENGER,MOVING CONSTANT SPEED,West,DISABLING,30,False,False,1,3706795429459167,230071006,Montgomery County Police,Property Damage ,False,West,1,1,GRADE DOWNHILL,False,False,DRIVER,SINGLE VEHICLE,WET,DARK LIGHTS ON,NO CONTROLS,NON INTERSECTION,UNKNOWN,CURVE LEFT,NO DEFECTS,"TWO-WAY, NOT DIVIDED",39.12868,-77.12896,9866041602977993,1431569093396660,0,0,0,2023121100,7713230839137712
EJ7870006L,1DD25C0830F741AFA8C851CB6C9AFECA,True,POSSIBLE INJURY,ALCOHOL,UNKNOWN,PASSENGER,MOVING CONSTANT SPEED,South,DISABLING,55,False,False,1,6860471128991440,230071008,Gaithersburg Police Depar,Injury ,False,South,0,4,LEVEL,False,False,DRIVER,SINGLE VEHICLE,WET,DARK LIGHTS ON,UNKNOWN,INTERCHANGE RELATED,UNKNOWN,STRAIGHT,NO DEFECTS,"TWO-WAY, DIVIDED, POSITIVE MEDIAN BARRIER",39.11469695,-77.19240862,3192026351731123,3407679307494955,0,0,0,2023121100,7724972439113159
MCP32080051,54678FAC1EDA4408868B231EC9735B8E,True,NO APPARENT INJURY,UNKNOWN,UNKNOWN,PASSENGER,UNKNOWN,East,DESTROYED,30,False,False,1,8224256037196652,230071009,Montgomery County Police,Property Damage ,True,East,1,1,LEVEL,False,False,DRIVER,SINGLE VEHICLE,WET,DARK LIGHTS ON,NO CONTROLS,NON INTERSECTION,UNKNOWN,STRAIGHT,NO DEFECTS,"TWO-WAY, NOT DIVIDED",38.99014967,-77.02256767,8368871616036332,6732058886739677,0,0,0,2023121102,7703596439001907
MCP3221002P,AB59F169F4C14873A87D1DAD63315688,True,NO APPARENT INJURY,UNKNOWN,UNKNOWN,PASSENGER,BACKING,East,SUPERFICIAL,45,False,False,2,9530107300230689,230071172,Montgomery County Police,Property Damage ,True,East,2,3,LEVEL,False,False,DRIVER,SAME DIR REAR END,DRY,UNKNOWN,TRAFFIC SIGNAL,INTERSECTION RELATED,FOUR-WAY INTERSECTION,STRAIGHT,NO DEFECTS,"TWO-WAY, DIVIDED, POSITIVE MEDIAN BARRIER",39.05306389,-77.07710841,9290911226978796,4705353737830373,0,0,0,2023121104,7705486039088590
MCP3221002P,D24BBAEAD8724249B4A751E588D199FB,False,NO APPARENT INJURY,NONE,NOT DISTRACTED,PASSENGER,STOPPED IN TRAFFIC LANE,East,SUPERFICIAL,45,False,False,2,7004010272090074,230071172,Montgomery County Police,Property Damage ,True,East,2,3,LEVEL,False,False,DRIVER,SAME DIR REAR END,DRY,UNKNOWN,TRAFFIC SIGNAL,INTERSECTION RELATED,FOUR-WAY INTERSECTION,STRAIGHT,NO DEFECTS,"TWO-WAY, DIVIDED, POSITIVE MEDIAN BARRIER",39.05306389,-77.07710841,9290911226978796,4705353737830373,0,0,0,2023121104,7705486039088590
EJ7837007K,F41035E8B76C45ADA47759E1A4B8BDB4,True,NO APPARENT INJURY,UNKNOWN,NOT DISTRACTED,PASSENGER,MOVING CONSTANT SPEED,South,DISABLING,50,False,False,1,8583918126629361,230071014,Gaithersburg Police Depar,Property Damage ,False,South,1,2,LEVEL,False,False,DRIVER,SINGLE VEHICLE,SLUSH,DARK LIGHTS ON,UNKNOWN,UNKNOWN,UNKNOWN,STRAIGHT,NO DEFECTS,"TWO-WAY, DIVIDED, POSITIVE MEDIAN BARRIER",39.13506793,-77.24929455,7771692879388507,2205205769894179,0,0,0,2023121104,7724972439113159
MCP2118001V,3A4A7B3C4DE04732A23AA91950386A2A,False,NO APPARENT INJURY,UNKNOWN,NOT DISTRACTED,TRUCK,MOVING CONSTANT SPEED,South,UNKNOWN,55,False,False,2,8168321465439775,230071013,Montgomery County Police,Property Damage ,True,South,2,3,LEVEL,False,False,DRIVER,SAME DIR REAR END,SLUSH,DARK LIGHTS ON,UNKNOWN,NON INTERSECTION,UNKNOWN,STRAIGHT,VIEW OBSTRUCTED,"TWO-WAY, DIVIDED, POSITIVE MEDIAN BARRIER",39.2761725,-77.323328,1257986858156867,1689831147389840,0,0,0,2023121105,7728275839257602
MCP2118001V,58B6589A240E4006B226C03FC0051B7F,True,NO APPARENT INJURY,NONE,NOT DISTRACTED,PASSENGER,MOVING CONSTANT SPEED,South,DISABLING,55,False,False,2,4516563769684019,230071013,Montgomery County Police,Property Damage ,True,South,2,3,LEVEL,False,False,DRIVER,SAME DIR REAR END,SLUSH,DARK LIGHTS ON,UNKNOWN,NON INTERSECTION,UNKNOWN,STRAIGHT,VIEW OBSTRUCTED,"TWO-WAY, DIVIDED, POSITIVE MEDIAN BARRIER",39.2761725,-77.323328,1257986858156867,1689831147389840,0,0,0,2023121105,7728275839257602
MCP9386009S,9817B70871B14772BFC805FC318E98D2,False,NO APPARENT INJURY,NONE,NOT DISTRACTED,MOTORCYCLE,ACCELERATING,North,DISABLING,40,False,False,2,617570202275685,230071017,Montgomery County Police,Property Damage ,False,North,1,2,LEVEL,False,False,DRIVER,SAME DIR REAR END,SNOW,DAWN,TRAFFIC SIGNAL,INTERCHANGE RELATED,T-INTERSECTION,STRAIGHT,NO DEFECTS,"TWO-WAY, DIVIDED, POSITIVE MEDIAN BARRIER",39.18279833,-77.2583,3202275317843380,5042457318836313,0,0,0,2023121106,7729807639132189
MCP9386009S,3A711AFC6F6E451FB403550EF6354D28,True,NO APPARENT INJURY,NONE,NOT DISTRACTED,PASSENGER,SLOWING OR STOPPING,North,FUNCTIONAL,40,False,False,2,1032943015775874,230071017,Montgomery County Police,Property Damage ,False,North,1,2,LEVEL,False,False,DRIVER,SAME DIR REAR END,SNOW,DAWN,TRAFFIC SIGNAL,INTERCHANGE RELATED,T-INTERSECTION,STRAIGHT,NO DEFECTS,"TWO-WAY, DIVIDED, POSITIVE MEDIAN BARRIER",39.18279833,-77.2583,3202275317843380,5042457318836313,0,0,0,2023121106,7729807639132189
MCP32010056,E7472E53CC3D4694A95B856C22AAD18E,True,SUSPECTED MINOR INJURY,NONE,LOOKED BUT DID NOT SEE,PASSENGER,MAKING RIGHT TURN,West,DESTROYED,40,False,False,2,1143200118883287,230071016,Montgomery County Police,Injury ,False,South,3,3,LEVEL,False,False,DRIVER,SAME DIR REAR END,WET,DARK LIGHTS ON,TRAFFIC SIGNAL,INTERSECTION,FOUR-WAY INTERSECTION,STRAIGHT,NO DEFECTS,"TWO-WAY, DIVIDED, POSITIVE MEDIAN BARRIER",39.2015495,-77.2544,6418383227647657,4231212482043262,0,0,0,2023121106,7723271939208770
MCP32010056,AA41799D2B1F42CB9D4383F4D2123243,False,NO APPARENT INJURY,NONE,NOT DISTRACTED,PASSENGER,MOVING CONSTANT SPEED,South,DISABLING,40,False,False,2,660615385035114,230071016,Montgomery County Police,Injury ,False,South,3,3,LEVEL,False,False,DRIVER,SAME DIR REAR END,WET,DARK LIGHTS ON,TRAFFIC SIGNAL,INTERSECTION,FOUR-WAY INTERSECTION,STRAIGHT,NO DEFECTS,"TWO-WAY, DIVIDED, POSITIVE MEDIAN BARRIER",39.2015495,-77.2544,6418383227647657,4231212482043262,0,0,0,2023121106,7723271939208770
MCP3268003J,0D865C4C8A24437689EA85645FC0A00D,True,NO APPARENT INJURY,NONE,NOT DISTRACTED,PASSENGER,CHANGING LANES,South,DISABLING,45,False,False,1,4894151675122634,230071018,Montgomery County Police,Property Damage ,False,South,3,3,LEVEL,False,False,DRIVER,SINGLE VEHICLE,WET,DAWN,NO CONTROLS,OTHER,OTHER,STRAIGHT,NO DEFECTS,ONE-WAY TRAFFICWAY,39.06475033,-76.96172317,2620072274155517,9602507256907128,0,0,0,2023121106,7698062539067210
MCP3341002X,3EA72B0271D14DD4AA22D03BE128A045,True,NO APPARENT INJURY,UNKNOWN,NOT DISTRACTED,PASSENGER,SLOWING OR STOPPING,South,FUNCTIONAL,35,False,False,2,1683704792972663,230071019,Montgomery County Police,Property Damage ,False,South,3,3,LEVEL,False,False,DRIVER,SAME DIR REAR END,WET,DAWN,TRAFFIC SIGNAL,INTERSECTION,FOUR-WAY INTERSECTION,STRAIGHT,NO DEFECTS,"TWO-WAY, DIVIDED, POSITIVE MEDIAN BARRIER",39.0837785,-77.078117,8554262040045692,1627793738140795,0,0,0,2023121107,7705486039088590
MCP3341002X,9446CE965C6840DEA5941EDF8311520A,False,NO APPARENT INJURY,UNKNOWN,NOT DISTRACTED,PASSENGER,SLOWING OR STOPPING,South,FUNCTIONAL,35,False,False,2,5867016935291335,230071019,Montgomery County Police,Property Damage ,False,South,3,3,LEVEL,False,False,DRIVER,SAME DIR REAR END,WET,DAWN,TRAFFIC SIGNAL,INTERSECTION,FOUR-WAY INTERSECTION,STRAIGHT,NO DEFECTS,"TWO-WAY, DIVIDED, POSITIVE MEDIAN BARRIER",39.0837785,-77.078117,8554262040045692,1627793738140795,0,0,0,2023121107,7705486039088590
MCP1550004Y,AE62AEA3382C496885781D9654480E25,False,NO APPARENT INJURY,NONE,NOT DISTRACTED,PASSENGER,MOVING CONSTANT SPEED,South,DISABLING,25,False,False,2,4909102112133355,230071023,Montgomery County Police,Property Damage ,False,North,1,1,LEVEL,False,False,DRIVER,STRAIGHT MOVEMENT ANGLE,WET,DAYLIGHT,NO CONTROLS,INTERSECTION,T-INTERSECTION,STRAIGHT,NO DEFECTS,"TWO-WAY, DIVIDED, UNPROTECTED PAINTED MIN 4 FEET",38.998898,-77.0523395,5228183453489777,8698572861437387,0,0,0,2023121107,7703596439001907
MCP1550004Y,8AB9E067221246D58512AD3287FB9BBC,True,NO APPARENT INJURY,NONE,NOT DISTRACTED,PASSENGER,MAKING LEFT TURN,North,DISABLING,25,False,False,2,9565689074009127,230071023,Montgomery County Police,Property Damage ,False,North,1,1,LEVEL,False,False,DRIVER,STRAIGHT MOVEMENT ANGLE,WET,DAYLIGHT,NO CONTROLS,INTERSECTION,T-INTERSECTION,STRAIGHT,NO DEFECTS,"TWO-WAY, DIVIDED, UNPROTECTED PAINTED MIN 4 FEET",38.998898,-77.0523395,5228183453489777,8698572861437387,0,0,0,2023121107,7703596439001907
MCP3190005L,14C29C9BFB6042ABA31C3A4FB6079386,True,POSSIBLE INJURY,NONE,UNKNOWN,PASSENGER,MOVING CONSTANT SPEED,West,DISABLING,40,False,False,2,1330356563710407,230071025,Montgomery County Police,Injury ,False,West,1,1,LEVEL,False,False,DRIVER,SAME DIR REAR END,WET,DAWN,NO CONTROLS,UNKNOWN,UNKNOWN,STRAIGHT,NO DEFECTS,"TWO-WAY, NOT DIVIDED",39.12080783,-77.03858283,418179445979580,3854530352961563,0,0,0,2023121107,7705486039088590
MCP3190005L,69E7DCBAD3A545C787110130430DEF43,False,NO APPARENT INJURY,NONE,NOT DISTRACTED,PASSENGER,SLOWING OR STOPPING,West,FUNCTIONAL,40,False,False,2,5071914236850804,230071025,Montgomery County Police,Injury ,False,West,1,1,LEVEL,False,False,DRIVER,SAME DIR REAR END,WET,DAWN,NO CONTROLS,UNKNOWN,UNKNOWN,STRAIGHT,NO DEFECTS,"TWO-WAY, NOT DIVIDED",39.12080783,-77.03858283,418179445979580,3854530352961563,0,0,0,2023121107,7705486039088590
MCP3229001S,E31484E4E3744FDDA95FB131491A19CB,True,NO APPARENT INJURY,NONE,NOT DISTRACTED,OTHER,MOVING CONSTANT SPEED,East,SUPERFICIAL,10,False,False,1,213975767330911,230071026,Montgomery County Police,Property Damage ,False,East,0,1,LEVEL,False,False,DRIVER,SAME DIRECTION SIDESWIPE,WET,DAYLIGHT,NO CONTROLS,UNKNOWN,UNKNOWN,STRAIGHT,UNKNOWN,"TWO-WAY, NOT DIVIDED",38.95429683,-77.10145583,4255822905320016,9100274948423401,0,0,0,2023121108,7711806238956479
DD5567001X,84A2A7AEFF64402583A88B98A28231FF,True,NO APPARENT INJURY,NONE,UNKNOWN,PASSENGER,MOVING CONSTANT SPEED,East,DISABLING,25,False,False,2,5165463429716194,230071027,Rockville Police Departme,Property Damage ,False,West,1,2,LEVEL,False,False,DRIVER,HEAD ON,WET,DAYLIGHT,UNKNOWN,NON INTERSECTION,UNKNOWN,STRAIGHT,NO DEFECTS,"TWO-WAY, NOT DIVIDED",39.0932858,-77.16116557,7928231202316247,8967796628962237,0,0,0,2023121108,7718114539090864