ReportNumber,VehicleCrashKey,DriverAtFault,DriverInjurySeverity,DriverSubstanceAbuse,DriverDistractedBy,VehicleType,VehicleMovement,VehicleGoingDir,VehicleDamageExtent,SpeedLimit,ParkedVehicle,SubstanceAbuseContributed,VehiclesCrashedTotal,VehicleKey,LocalCaseNumber,AgencyName,ACRSReportType,HitRun,LaneDirection,LaneNumber,NumberOfLanes,RoadGrade,NonTraffic,OffRoadIncident,AccidentAtFault,CollisionType,SurfaceCondition,Light,TrafficControl,Junction,IntersectionType,RoadAlignment,RoadCondition,RoadDivision,Latitude,Longitude,RoadKey,CrossStreetKey,NonMotoristTotal,NonMotoristInjury,NonMotoristFatal,DateHourKey,LocationAreaKey
DM85030016,50A31C3EF3A74FF5B50200770CC5D5B2,True,NO APPARENT INJURY,UNKNOWN,NOT DISTRACTED,BUS,STARTING FROM PARKED,East,SUPERFICIAL,20,False,False,1,8719887392522560,230071466,Takoma Park Police Depart,Property Damage ,False,East,0,1,UNKNOWN,False,False,DRIVER,SINGLE VEHICLE,DRY,DAYLIGHT,UNKNOWN,UNKNOWN,UNKNOWN,STRAIGHT,UNKNOWN,"TWO-WAY, DIVIDED, UNPROTECTED PAINTED MIN 4 FEET",38.98622467,-77.02088017,5799511491379277,5884259832762275,0,0,0,2023121312,7700204038982546
MCP2586006V,6A9B6DB2A49F462888A3E6F8BC937A78,True,NO APPARENT INJURY,UNKNOWN,UNKNOWN,PASSENGER,MOVING CONSTANT SPEED,West,SUPERFICIAL,35,False,False,2,7004010037203408,230071584,Montgomery County Police,Property Damage ,True,West,0,3,LEVEL,False,False,DRIVER,SAME DIR REAR END,DRY,DAYLIGHT,NO CONTROLS,INTERSECTION,T-INTERSECTION,STRAIGHT,NO DEFECTS,"TWO-WAY, DIVIDED, POSITIVE MEDIAN BARRIER",39.10615274,-77.20810994,9356671326851435,7771692879388507,0,0,0,2023121314,7718114539090864
MCP2586006V,585C9F962B0849AAAC7D9CA565AF812E,False,NO APPARENT INJURY,NONE,NOT DISTRACTED,PASSENGER,STOPPED IN TRAFFIC LANE,West,SUPERFICIAL,35,False,False,2,7871367536682665,230071584,Montgomery County Police,Property Damage ,True,West,0,3,LEVEL,False,False,DRIVER,SAME DIR REAR END,DRY,DAYLIGHT,NO CONTROLS,INTERSECTION,T-INTERSECTION,STRAIGHT,NO DEFECTS,"TWO-WAY, DIVIDED, POSITIVE MEDIAN BARRIER",39.10615274,-77.20810994,9356671326851435,7771692879388507,0,0,0,2023121314,7718114539090864
MCP21820034,C07768A0DCF24AEDA2D389855A4A855B,True,NO APPARENT INJURY,UNKNOWN,NOT DISTRACTED,PASSENGER,BACKING,West,FUNCTIONAL,5,False,False,1,8168321465439775,230071674,Montgomery County Police,Property Damage ,True,UNKNOWN,0,0,UNKNOWN,True,True,DRIVER,OTHER,UNKNOWN,DAYLIGHT,NO CONTROLS,UNKNOWN,UNKNOWN,UNKNOWN,UNKNOWN,UNKNOWN,39.08685739,-76.94791347,7781945108562677,7781945108562677,0,0,0,2023121314,7693347839109025
MCP320000B4,A7B2125C59E442EDB05E840F5C844D72,False,NO APPARENT INJURY,NONE,NOT DISTRACTED,PASSENGER,STOPPED IN TRAFFIC LANE,South,FUNCTIONAL,35,False,False,2,9523097888248411,230071507,Montgomery County Police,Property Damage ,False,South,3,3,LEVEL,False,False,DRIVER,SAME DIR REAR END,DRY,DAYLIGHT,UNKNOWN,NON INTERSECTION,UNKNOWN,STRAIGHT,NO DEFECTS,"TWO-WAY, DIVIDED, POSITIVE MEDIAN BARRIER",39.03553817,-77.12452917,4494898042244063,5080022737134299,0,0,0,2023121314,7712482939051552
MCP320000B4,D01BF6186B96431BA6E7C7070D5C6A03,True,NO APPARENT INJURY,NONE,UNKNOWN,TRUCK,SLOWING OR STOPPING,South,SUPERFICIAL,35,False,False,2,3063454677846732,230071507,Montgomery County Police,Property Damage ,False,South,3,3,LEVEL,False,False,DRIVER,SAME DIR REAR END,DRY,DAYLIGHT,UNKNOWN,NON INTERSECTION,UNKNOWN,STRAIGHT,NO DEFECTS,"TWO-WAY, DIVIDED, POSITIVE MEDIAN BARRIER",39.03553817,-77.12452917,4494898042244063,5080022737134299,0,0,0,2023121314,7712482939051552
MCP292300BD,2D0FE63BAF964336A0BF8EE9335D29D2,False,NO APPARENT INJURY,NONE,NOT DISTRACTED,PASSENGER,STOPPED IN TRAFFIC LANE,South,SUPERFICIAL,35,False,False,3,7364392806788074,230071515,Montgomery County Police,Property Damage ,True,South,1,3,LEVEL,False,False,DRIVER,OTHER,DRY,DAYLIGHT,NO CONTROLS,INTERSECTION,FOUR-WAY INTERSECTION,STRAIGHT,NO DEFECTS,"TWO-WAY, DIVIDED, POSITIVE MEDIAN BARRIER",39.1842335,-77.26373167,2856714500567665,8554262040045692,0,0,0,2023121315,7729807639132189
MCP292300BD,7795424A581A4307BCFDF11912D590B6,False,NO APPARENT INJURY,NONE,NOT DISTRACTED,PASSENGER,STOPPED IN TRAFFIC LANE,South,SUPERFICIAL,35,False,False,3,776190494908212,230071515,Montgomery County Police,Property Damage ,True,South,1,3,LEVEL,False,False,DRIVER,OTHER,DRY,DAYLIGHT,NO CONTROLS,INTERSECTION,FOUR-WAY INTERSECTION,STRAIGHT,NO DEFECTS,"TWO-WAY, DIVIDED, POSITIVE MEDIAN BARRIER",39.1842335,-77.26373167,2856714500567665,8554262040045692,0,0,0,2023121315,7729807639132189
MCP292300BD,1E8098B146944354BB7F7ED6997F8489,True,NO APPARENT INJURY,UNKNOWN,UNKNOWN,PASSENGER,SLOWING OR STOPPING,South,UNKNOWN,35,False,False,3,4595510051903263,230071515,Montgomery County Police,Property Damage ,True,South,1,3,LEVEL,False,False,DRIVER,OTHER,DRY,DAYLIGHT,NO CONTROLS,INTERSECTION,FOUR-WAY INTERSECTION,STRAIGHT,NO DEFECTS,"TWO-WAY, DIVIDED, POSITIVE MEDIAN BARRIER",39.1842335,-77.26373167,2856714500567665,8554262040045692,0,0,0,2023121315,7729807639132189
MCP2466004N,8A77AABFECB64E3E92D4D06A9F14BB67,False,NO APPARENT INJURY,NONE,NOT DISTRACTED,PASSENGER,SLOWING OR STOPPING,East,SUPERFICIAL,30,False,False,3,1973747201943979,230071512,Montgomery County Police,Injury ,False,East,2,3,LEVEL,False,False,DRIVER,SAME DIR REAR END,DRY,DAYLIGHT,TRAFFIC SIGNAL,INTERSECTION,FOUR-WAY INTERSECTION,STRAIGHT,NO DEFECTS,"TWO-WAY, DIVIDED, POSITIVE MEDIAN BARRIER",39.11582043,-77.24668618,7885715244532191,8928842525483223,0,0,0,2023121315,7724972439113159
MCP2466004N,1A308E9FA01241D6881D861DA53A155B,False,NO APPARENT INJURY,NONE,NOT DISTRACTED,PASSENGER,SLOWING OR STOPPING,East,DISABLING,30,False,False,3,9514804749463505,230071512,Montgomery County Police,Injury ,False,East,2,3,LEVEL,False,False,DRIVER,SAME DIR REAR END,DRY,DAYLIGHT,TRAFFIC SIGNAL,INTERSECTION,FOUR-WAY INTERSECTION,STRAIGHT,NO DEFECTS,"TWO-WAY, DIVIDED, POSITIVE MEDIAN BARRIER",39.11582043,-77.24668618,7885715244532191,8928842525483223,0,0,0,2023121315,7724972439113159
MCP2466004N,65F64B98C65141A1880915244AAC0A71,True,POSSIBLE INJURY,NONE,UNKNOWN,PASSENGER,MOVING CONSTANT SPEED,East,DISABLING,30,False,False,3,2662486709766517,230071512,Montgomery County Police,Injury ,False,East,2,3,LEVEL,False,False,DRIVER,SAME DIR REAR END,DRY,DAYLIGHT,TRAFFIC SIGNAL,INTERSECTION,FOUR-WAY INTERSECTION,STRAIGHT,NO DEFECTS,"TWO-WAY, DIVIDED, POSITIVE MEDIAN BARRIER",39.11582043,-77.24668618,7885715244532191,8928842525483223,0,0,0,2023121315,7724972439113159
EJ7875004D,5F946FF5AABD4D1F8ECB1C3062BCB81C,True,NO APPARENT INJURY,UNKNOWN,UNKNOWN,PASSENGER,MOVING CONSTANT SPEED,East,FUNCTIONAL,35,False,False,2,7031206422626044,2230071529,Gaithersburg Police Depar,Property Damage ,False,East,3,3,LEVEL,False,False,DRIVER,ANGLE MEETS LEFT TURN,DRY,DAYLIGHT,TRAFFIC SIGNAL,INTERSECTION,T-INTERSECTION,STRAIGHT,NO DEFECTS,"TWO-WAY, NOT DIVIDED",39.14042283,-77.21027052,6421645165822542,457201288438442,0,0,0,2023121315,7718751639140820
EJ7875004D,F0CAE654455D4F6FA5398875DBF2A216,False,NO APPARENT INJURY,UNKNOWN,NOT DISTRACTED,PASSENGER,MOVING CONSTANT SPEED,South,FUNCTIONAL,35,False,False,2,805691474398614,2230071529,Gaithersburg Police Depar,Property Damage ,False,East,3,3,LEVEL,False,False,DRIVER,ANGLE MEETS LEFT TURN,DRY,DAYLIGHT,TRAFFIC SIGNAL,INTERSECTION,T-INTERSECTION,STRAIGHT,NO DEFECTS,"TWO-WAY, NOT DIVIDED",39.14042283,-77.21027052,6421645165822542,457201288438442,0,0,0,2023121315,7718751639140820
MCP3220004H,0CC653EEBDB04937AE27358BF09DCC1F,False,NO APPARENT INJURY,NONE,UNKNOWN,PASSENGER,MOVING CONSTANT SPEED,East,FUNCTIONAL,40,False,False,2,3233063173565461,230071527,Montgomery County Police,Property Damage ,False,South,2,3,LEVEL,False,False,UNKNOWN,STRAIGHT MOVEMENT ANGLE,DRY,DAYLIGHT,TRAFFIC SIGNAL,INTERSECTION,T-INTERSECTION,STRAIGHT,NO DEFECTS,"TWO-WAY, DIVIDED, POSITIVE MEDIAN BARRIER",39.1095325,-77.188257,1611524329361443,523615619173073,0,0,0,2023121315,7718114539090864
MCP3220004H,76340AD835E3493DA19553F37C3CC611,False,NO APPARENT INJURY,NONE,UNKNOWN,PASSENGER,MOVING CONSTANT SPEED,South,DISABLING,40,False,False,2,4595510051903263,230071527,Montgomery County Police,Property Damage ,False,South,2,3,LEVEL,False,False,UNKNOWN,STRAIGHT MOVEMENT ANGLE,DRY,DAYLIGHT,TRAFFIC SIGNAL,INTERSECTION,T-INTERSECTION,STRAIGHT,NO DEFECTS,"TWO-WAY, DIVIDED, POSITIVE MEDIAN BARRIER",39.1095325,-77.188257,1611524329361443,523615619173073,0,0,0,2023121315,7718114539090864
MCP2466004P,A99ECFADAB1241FD81DD064ECB6F6BF3,True,NO APPARENT INJURY,NONE,UNKNOWN,BUS,MOVING CONSTANT SPEED,East,SUPERFICIAL,10,False,False,1,6691677547236723,230071531,Montgomery County Police,Property Damage ,False,UNKNOWN,0,0,UNKNOWN,True,True,DRIVER,SINGLE VEHICLE,UNKNOWN,DAYLIGHT,UNKNOWN,UNKNOWN,UNKNOWN,UNKNOWN,UNKNOWN,UNKNOWN,39.08343599,-77.23235782,7781945108562677,7781945108562677,0,0,0,2023121316,7718114539090864
MCP3347001J,F38EC2EC47024F86962BC6580650A43D,False,NO APPARENT INJURY,UNKNOWN,UNKNOWN,UNKNOWN,LEAVING TRAFFIC LANE,South,FUNCTIONAL,35,False,False,2,8168321465439775,230071546,Montgomery County Police,Property Damage ,True,South,2,3,LEVEL,False,False,DRIVER,SAME DIRECTION SIDESWIPE,DRY,DAYLIGHT,NO CONTROLS,NON INTERSECTION,UNKNOWN,STRAIGHT,NO DEFECTS,"TWO-WAY, DIVIDED, POSITIVE MEDIAN BARRIER",39.01469675,-77.1186692,4494898042244063,9940346461937018,0,0,0,2023121316,7710519939016894
MCP3347001J,A622B8604BBB44629FF57F30FFAF0B62,True,NO APPARENT INJURY,NONE,NOT DISTRACTED,BUS,PASSING,South,SUPERFICIAL,35,False,False,2,6259949909495943,230071546,Montgomery County Police,Property Damage ,True,South,2,3,LEVEL,False,False,DRIVER,SAME DIRECTION SIDESWIPE,DRY,DAYLIGHT,NO CONTROLS,NON INTERSECTION,UNKNOWN,STRAIGHT,NO DEFECTS,"TWO-WAY, DIVIDED, POSITIVE MEDIAN BARRIER",39.01469675,-77.1186692,4494898042244063,9940346461937018,0,0,0,2023121316,7710519939016894
MCP1213008W,A7029F6813B246C29B639FD99F6BBF5D,True,NO APPARENT INJURY,NONE,LOOKED BUT DID NOT SEE,PASSENGER,MAKING LEFT TURN,East,DESTROYED,30,False,False,2,7436885782084413,230071538,Montgomery County Police,Injury ,False,West,1,2,HILL CREST,False,False,DRIVER,HEAD ON LEFT TURN,DRY,DAYLIGHT,TRAFFIC SIGNAL,INTERSECTION,FOUR-WAY INTERSECTION,CURVE LEFT,NO DEFECTS,"TWO-WAY, NOT DIVIDED",39.14943833,-77.01226167,730071629750289,8901981419077344,0,0,0,2023121316,7699742339152403
MCP1213008W,335416EFC7D9421EA64704344DA15195,False,SUSPECTED MINOR INJURY,NONE,NOT DISTRACTED,PASSENGER,MOVING CONSTANT SPEED,West,DESTROYED,30,False,False,2,6801964070250583,230071538,Montgomery County Police,Injury ,False,West,1,2,HILL CREST,False,False,DRIVER,HEAD ON LEFT TURN,DRY,DAYLIGHT,TRAFFIC SIGNAL,INTERSECTION,FOUR-WAY INTERSECTION,CURVE LEFT,NO DEFECTS,"TWO-WAY, NOT DIVIDED",39.14943833,-77.01226167,730071629750289,8901981419077344,0,0,0,2023121316,7699742339152403
MCP33560015,A08DC4A255FA41768F8CC471AF4058F8,True,NO APPARENT INJURY,NONE,INATTENTIVE OR LOST IN THOUGHT,PASSENGER,ACCELERATING,South,DISABLING,35,False,False,2,8012571945264990,230071542,Montgomery County Police,Property Damage ,False,West,1,2,LEVEL,False,False,DRIVER,STRAIGHT MOVEMENT ANGLE,DRY,DARK LIGHTS ON,STOP SIGN,INTERSECTION,T-INTERSECTION,STRAIGHT,NO DEFECTS,"TWO-WAY, NOT DIVIDED",39.262826,-77.1726745,2327274142119442,2324428790333089,0,0,0,2023121316,7714766839231538
MCP33560015,30B8C1ED42D9443E90664212BEAA27E7,False,NO APPARENT INJURY,NONE,NOT DISTRACTED,PASSENGER,MOVING CONSTANT SPEED,West,DISABLING,35,False,False,2,1093417152191206,230071542,Montgomery County Police,Property Damage ,False,West,1,2,LEVEL,False,False,DRIVER,STRAIGHT MOVEMENT ANGLE,DRY,DARK LIGHTS ON,STOP SIGN,INTERSECTION,T-INTERSECTION,STRAIGHT,NO DEFECTS,"TWO-WAY, NOT DIVIDED",39.262826,-77.1726745,2327274142119442,2324428790333089,0,0,0,2023121316,7714766839231538
MCP3220004J,33BD0CBC5FA740C48AE5AA31F7E6CF30,False,POSSIBLE INJURY,NONE,NOT DISTRACTED,PASSENGER,MOVING CONSTANT SPEED,North,DISABLING,45,False,False,2,4595510051903263,230071551,Montgomery County Police,Injury ,False,North,2,2,LEVEL,False,False,DRIVER,STRAIGHT MOVEMENT ANGLE,DRY,DUSK,TRAFFIC SIGNAL,INTERSECTION,FOUR-WAY INTERSECTION,STRAIGHT,NO DEFECTS,"TWO-WAY, DIVIDED, POSITIVE MEDIAN BARRIER",39.13650267,-77.2054085,4261994559990100,6149184508965314,0,0,0,2023121317,7718751639140820
MCP3220004J,08AE718A87E84926926746E82536A0FB,True,NO APPARENT INJURY,NONE,UNKNOWN,PASSENGER,MAKING LEFT TURN,South,DISABLING,45,False,False,2,8865405988389000,230071551,Montgomery County Police,Injury ,False,North,2,2,LEVEL,False,False,DRIVER,STRAIGHT MOVEMENT ANGLE,DRY,DUSK,TRAFFIC SIGNAL,INTERSECTION,FOUR-WAY INTERSECTION,STRAIGHT,NO DEFECTS,"TWO-WAY, DIVIDED, POSITIVE MEDIAN BARRIER",39.13650267,-77.2054085,4261994559990100,6149184508965314,0,0,0,2023121317,7718751639140820
MCP2760004L,6E8D8D6CE3024289BA03FCA8FEB9964F,True,NO APPARENT INJURY,UNKNOWN,NOT DISTRACTED,PASSENGER,SLOWING OR STOPPING,North,DISABLING,50,False,False,2,6312893571399229,230071552,Montgomery County Police,Injury ,False,North,1,2,HILL UPHILL,False,False,DRIVER,SAME DIR REAR END,DRY,DARK LIGHTS ON,TRAFFIC SIGNAL,INTERSECTION RELATED,T-INTERSECTION,STRAIGHT,NO DEFECTS,"TWO-WAY, DIVIDED, POSITIVE MEDIAN BARRIER",39.15922,-77.197975,3882055954319754,5306503214892163,0,0,0,2023121317,7719610239179289
MCP2760004L,99DC0827BE70422E949C7FBDA3D98636,False,NO APPARENT INJURY,UNKNOWN,NOT DISTRACTED,PASSENGER,SLOWING OR STOPPING,North,SUPERFICIAL,50,False,False,2,660615385035114,230071552,Montgomery County Police,Injury ,False,North,1,2,HILL UPHILL,False,False,DRIVER,SAME DIR REAR END,DRY,DARK LIGHTS ON,TRAFFIC SIGNAL,INTERSECTION RELATED,T-INTERSECTION,STRAIGHT,NO DEFECTS,"TWO-WAY, DIVIDED, POSITIVE MEDIAN BARRIER",39.15922,-77.197975,3882055954319754,5306503214892163,0,0,0,2023121317,7719610239179289
MCP2780007K,A0F9ABB882AA43B3B0164D3E563004F2,True,POSSIBLE INJURY,NONE,LOOKED BUT DID NOT SEE,PASSENGER,MAKING LEFT TURN,North,FUNCTIONAL,45,False,False,2,1032942931887779,230071565,Montgomery County Police,Injury ,False,South,2,3,LEVEL,False,False,DRIVER,HEAD ON LEFT TURN,DRY,DARK LIGHTS ON,TRAFFIC SIGNAL,INTERSECTION,FOUR-WAY INTERSECTION,STRAIGHT,NO DEFECTS,"TWO-WAY, DIVIDED, POSITIVE MEDIAN BARRIER",39.198274,-77.245238,4972572914805173,697993049681148,0,0,0,2023121318,7723271939208770
MCP2780007K,F90EB2CAB8254D648C53E723808BF61B,False,POSSIBLE INJURY,NONE,NOT DISTRACTED,PASSENGER,MOVING CONSTANT SPEED,South,FUNCTIONAL,45,False,False,2,6326503058426550,230071565,Montgomery County Police,Injury ,False,South,2,3,LEVEL,False,False,DRIVER,HEAD ON LEFT TURN,DRY,DARK LIGHTS ON,TRAFFIC SIGNAL,INTERSECTION,FOUR-WAY INTERSECTION,STRAIGHT,NO DEFECTS,"TWO-WAY, DIVIDED, POSITIVE MEDIAN BARRIER",39.198274,-77.245238,4972572914805173,697993049681148,0,0,0,2023121318,7723271939208770
MCP3228005K,98F02DA4F73B46E88D093583F80447F4,True,SUSPECTED MINOR INJURY,NONE,LOOKED BUT DID NOT SEE,PASSENGER,MOVING CONSTANT SPEED,West,DESTROYED,25,False,False,1,7589879993697787,230071571,Montgomery County Police,Injury ,False,West,1,1,LEVEL,False,False,DRIVER,SAME DIR REAR END,DRY,DARK LIGHTS ON,NO CONTROLS,NON INTERSECTION,UNKNOWN,CURVE LEFT,NO DEFECTS,"TWO-WAY, NOT DIVIDED",39.09845183,-77.14195217,1032926203017574,3584291198431868,0,0,0,2023121319,7718114539090864
MCP2875007Y,ED425292E7894DA2931E5948D5EBFE6F,False,NO APPARENT INJURY,NONE,NOT DISTRACTED,PASSENGER,ACCELERATING,North,DESTROYED,40,False,False,2,8525273589105345,230071586,Montgomery County Police,Property Damage ,False,North,1,2,LEVEL,False,False,DRIVER,SAME DIR REAR END,DRY,DARK LIGHTS ON,NO CONTROLS,UNKNOWN,UNKNOWN,STRAIGHT,NO DEFECTS,"TWO-WAY, NOT DIVIDED",39.25580167,-77.22655,2800615797607229,7921687312045249,0,0,0,2023121320,7721721839291851
MCP2875007Y,D094CCA6855142A4BA87D50BA06BD79E,True,NO APPARENT INJURY,ALCOHOL,UNKNOWN,PASSENGER,MOVING CONSTANT SPEED,North,DISABLING,40,False,False,2,257262976346791,230071586,Montgomery County Police,Property Damage ,False,North,1,2,LEVEL,False,False,DRIVER,SAME DIR REAR END,DRY,DARK LIGHTS ON,NO CONTROLS,UNKNOWN,UNKNOWN,STRAIGHT,NO DEFECTS,"TWO-WAY, NOT DIVIDED",39.25580167,-77.22655,2800615797607229,7921687312045249,0,0,0,2023121320,7721721839291851
MCP93990020,01F934CFA9E04DDD8A3934DCF2488268,False,NO APPARENT INJURY,NONE,NOT DISTRACTED,PASSENGER,STARTING FROM LANE,North,FUNCTIONAL,30,False,False,2,9530107283453070,230071589,Montgomery County Police,Property Damage ,False,North,1,1,LEVEL,False,False,UNKNOWN,STRAIGHT MOVEMENT ANGLE,DRY,DARK NO LIGHTS,STOP SIGN,INTERSECTION,FOUR-WAY INTERSECTION,STRAIGHT,NO DEFECTS,"TWO-WAY, NOT DIVIDED",39.04873833,-77.233165,1912189349021402,5386409165832801,0,0,0,2023121321,7722348939035838
MCP93990020,C2CBCE01F8324F059AC1ED2C2D86B988,False,NO APPARENT INJURY,NONE,NOT DISTRACTED,PASSENGER,STARTING FROM LANE,East,DISABLING,30,False,False,2,582567308549091,230071589,Montgomery County Police,Property Damage ,False,North,1,1,LEVEL,False,False,UNKNOWN,STRAIGHT MOVEMENT ANGLE,DRY,DARK NO LIGHTS,STOP SIGN,INTERSECTION,FOUR-WAY INTERSECTION,STRAIGHT,NO DEFECTS,"TWO-WAY, NOT DIVIDED",39.04873833,-77.233165,1912189349021402,5386409165832801,0,0,0,2023121321,7722348939035838
MCP32310014,E67E39DF78BF4B60862BC3C1352942C9,True,NO APPARENT INJURY,NONE,LOOKED BUT DID NOT SEE,PASSENGER,MAKING RIGHT TURN,East,DISABLING,45,False,False,2,2156627424545385,230071591,Montgomery County Police,Injury ,False,South,3,3,LEVEL,False,False,DRIVER,SAME DIRECTION RIGHT TURN,DRY,DARK LIGHTS ON,NO CONTROLS,NON INTERSECTION,UNKNOWN,STRAIGHT,NO DEFECTS,OTHER,39.02583483,-77.10349333,5925405510732472,9624603609515706,0,0,0,2023121322,7712482939051552
MCP32310014,C537CDE651D04E58B1018B15F19FC04A,False,SUSPECTED MINOR INJURY,NONE,NOT DISTRACTED,PASSENGER,MOVING CONSTANT SPEED,South,DISABLING,45,False,False,2,990885284519502,230071591,Montgomery County Police,Injury ,False,South,3,3,LEVEL,False,False,DRIVER,SAME DIRECTION RIGHT TURN,DRY,DARK LIGHTS ON,NO CONTROLS,NON INTERSECTION,UNKNOWN,STRAIGHT,NO DEFECTS,OTHER,39.02583483,-77.10349333,5925405510732472,9624603609515706,0,0,0,2023121322,7712482939051552
MCP23350023,0480458F4C564A95B8BA3370B679D14F,True,NO APPARENT INJURY,NONE,NOT DISTRACTED,PASSENGER,MOVING CONSTANT SPEED,North,DISABLING,40,False,False,1,3841644889055545,230071592,Montgomery County Police,Property Damage ,False,South,1,2,LEVEL,False,False,DRIVER,SINGLE VEHICLE,DRY,DARK LIGHTS ON,NO CONTROLS,NON INTERSECTION,UNKNOWN,STRAIGHT,NO DEFECTS,"TWO-WAY, DIVIDED, POSITIVE MEDIAN BARRIER",38.99365383,-77.06043167,3511703588335565,8985811296347603,0,0,0,2023121323,7707842038983818
MCP2108001R,F31DF632C1704C88BD65FC17AC2C5242,True,NO APPARENT INJURY,NONE,NOT DISTRACTED,PASSENGER,MOVING CONSTANT SPEED,South,DISABLING,35,False,False,1,7956982515640561,230071594,Montgomery County Police,Property Damage ,False,South,3,6,LEVEL,False,False,DRIVER,SINGLE VEHICLE,DRY,DARK LIGHTS ON,NO CONTROLS,NON INTERSECTION,UNKNOWN,STRAIGHT,NO DEFECTS,"TWO-WAY, DIVIDED, POSITIVE MEDIAN BARRIER",39.09555667,-77.153365,4906760034738084,8967796628962237,0,0,0,2023121323,7718114539090864
MCP30210077,DF7D62BFD1264880828A93574450D354,True,NO APPARENT INJURY,UNKNOWN,UNKNOWN,UNKNOWN,MOVING CONSTANT SPEED,North,UNKNOWN,50,False,False,3,8168321465439775,230071614,Montgomery County Police,Property Damage ,True,North,3,4,LEVEL,False,False,DRIVER,SAME DIR REAR END,DRY,DARK LIGHTS ON,TRAFFIC SIGNAL,UNKNOWN,FOUR-WAY INTERSECTION,STRAIGHT,NO DEFECTS,"TWO-WAY, DIVIDED, POSITIVE MEDIAN BARRIER",39.06759333,-76.95857167,2620072274155517,1364097556565912,0,0,0,2023121406,7698062539067210
MCP30210077,E20E3A75D44648479E36E5AA5BF064D5,False,NO APPARENT INJURY,NONE,NOT DISTRACTED,PASSENGER,STOPPED IN TRAFFIC LANE,North,DISABLING,50,False,False,3,6967384074606414,230071614,Montgomery County Police,Property Damage ,True,North,3,4,LEVEL,False,False,DRIVER,SAME DIR REAR END,DRY,DARK LIGHTS ON,TRAFFIC SIGNAL,UNKNOWN,FOUR-WAY INTERSECTION,STRAIGHT,NO DEFECTS,"TWO-WAY, DIVIDED, POSITIVE MEDIAN BARRIER",39.06759333,-76.95857167,2620072274155517,1364097556565912,0,0,0,2023121406,7698062539067210
MCP30210077,31BE532AE33847ED98CB2C4A6583D54B,False,NO APPARENT INJURY,NONE,NOT DISTRACTED,PASSENGER,STOPPED IN TRAFFIC LANE,North,FUNCTIONAL,50,False,False,3,7379790539269169,230071614,Montgomery County Police,Property Damage ,True,North,3,4,LEVEL,False,False,DRIVER,SAME DIR REAR END,DRY,DARK LIGHTS ON,TRAFFIC SIGNAL,UNKNOWN,FOUR-WAY INTERSECTION,STRAIGHT,NO DEFECTS,"TWO-WAY, DIVIDED, POSITIVE MEDIAN BARRIER",39.06759333,-76.95857167,2620072274155517,1364097556565912,0,0,0,2023121406,7698062539067210
MCP3280004F,69281496B8ED419C87A48E0F63D8A2E7,True,SUSPECTED MINOR INJURY,NONE,UNKNOWN,EMERGENCY,MOVING CONSTANT SPEED,South,DESTROYED,50,False,False,2,4621936626675321,230071615,Montgomery County Police,Injury ,False,South,1,4,LEVEL,False,False,DRIVER,SAME DIR REAR END,DRY,DARK NO LIGHTS,NO CONTROLS,NON INTERSECTION,UNKNOWN,STRAIGHT,NO DEFECTS,"TWO-WAY, DIVIDED, POSITIVE MEDIAN BARRIER",39.071487,-76.95714667,2620072274155517,1121551715469239,0,0,0,2023121406,7698062539067210
MCP3280004F,89901928DDF943BBA41CDDF1E225EEDA,False,NO APPARENT INJURY,NONE,UNKNOWN,PASSENGER,MOVING CONSTANT SPEED,South,FUNCTIONAL,50,False,False,2,7449593822546195,230071615,Montgomery County Police,Injury ,False,South,1,4,LEVEL,False,False,DRIVER,SAME DIR REAR END,DRY,DARK NO LIGHTS,NO CONTROLS,NON INTERSECTION,UNKNOWN,STRAIGHT,NO DEFECTS,"TWO-WAY, DIVIDED, POSITIVE MEDIAN BARRIER",39.071487,-76.95714667,2620072274155517,1121551715469239,0,0,0,2023121406,7698062539067210
MCP1564007R,AB16F682F28C45D99C8B722E53D5EB25,False,NO APPARENT INJURY,NONE,NOT DISTRACTED,PASSENGER,MOVING CONSTANT SPEED,South,DISABLING,40,False,False,1,8290245732476758,230071621,Montgomery County Police,Property Damage ,False,South,1,2,LEVEL,False,False,UNKNOWN,SINGLE VEHICLE,DRY,DARK LIGHTS ON,NO CONTROLS,NON INTERSECTION,UNKNOWN,STRAIGHT,NO DEFECTS,"TWO-WAY, DIVIDED, UNPROTECTED PAINTED MIN 4 FEET",39.16325233,-77.06175933,8554262040045692,7263391799459511,0,0,0,2023121407,7705685339203696