ReportNumber,VehicleCrashKey,DriverAtFault,DriverInjurySeverity,DriverSubstanceAbuse,DriverDistractedBy,VehicleType,VehicleMovement,VehicleGoingDir,VehicleDamageExtent,SpeedLimit,ParkedVehicle,SubstanceAbuseContributed,VehiclesCrashedTotal,VehicleKey,LocalCaseNumber,AgencyName,ACRSReportType,HitRun,LaneDirection,LaneNumber,NumberOfLanes,RoadGrade,NonTraffic,OffRoadIncident,AccidentAtFault,CollisionType,SurfaceCondition,Light,TrafficControl,Junction,IntersectionType,RoadAlignment,RoadCondition,RoadDivision,Latitude,Longitude,RoadKey,CrossStreetKey,NonMotoristTotal,NonMotoristInjury,NonMotoristFatal,DateHourKey,LocationAreaKey
MCP1174006N,75456598CF4A48029E8B84050FFC25C2,False,NO APPARENT INJURY,NONE,NOT DISTRACTED,EMERGENCY,STOPPED IN TRAFFIC LANE,West,SUPERFICIAL,25,False,False,2,7871367503127427,230071740,Montgomery County Police,Property Damage ,False,West,3,4,LEVEL,False,False,DRIVER,SAME DIR REAR END,DRY,DAYLIGHT,TRAFFIC SIGNAL,INTERSECTION,FOUR-WAY INTERSECTION,STRAIGHT,NO DEFECTS,"TWO-WAY, NOT DIVIDED",38.99695461,-77.0966575,8313298178840333,5925405510732472,0,0,0,2023121415,7710269338999892
MCP1174006N,62E16B6538BF4DBD9FE9DC7138C0AD60,True,NO APPARENT INJURY,NONE,LOOKED BUT DID NOT SEE,PASSENGER,MOVING CONSTANT SPEED,West,SUPERFICIAL,25,False,False,2,3097115414319252,230071740,Montgomery County Police,Property Damage ,False,West,3,4,LEVEL,False,False,DRIVER,SAME DIR REAR END,DRY,DAYLIGHT,TRAFFIC SIGNAL,INTERSECTION,FOUR-WAY INTERSECTION,STRAIGHT,NO DEFECTS,"TWO-WAY, NOT DIVIDED",38.99695461,-77.0966575,8313298178840333,5925405510732472,0,0,0,2023121415,7710269338999892
MCP30580055,0071E98AAF1748C89E21E31DB5F4F8C2,False,NO APPARENT INJURY,NONE,NOT DISTRACTED,TRUCK,SLOWING OR STOPPING,West,FUNCTIONAL,30,False,False,3,8826451213849072,230071742,Montgomery County Police,Injury ,False,West,2,2,LEVEL,False,False,DRIVER,SAME DIR REAR END,DRY,DAYLIGHT,NO CONTROLS,NON INTERSECTION,UNKNOWN,STRAIGHT,NO DEFECTS,"TWO-WAY, NOT DIVIDED",39.11606333,-77.264295,7885715244532191,2704746831746605,0,0,0,2023121415,7724972439113159
MCP30580055,63F2C17FA8874C6FBA4CACC8B833260E,False,POSSIBLE INJURY,NONE,NOT DISTRACTED,PASSENGER,STOPPED IN TRAFFIC LANE,West,FUNCTIONAL,30,False,False,3,2128459714197245,230071742,Montgomery County Police,Injury ,False,West,2,2,LEVEL,False,False,DRIVER,SAME DIR REAR END,DRY,DAYLIGHT,NO CONTROLS,NON INTERSECTION,UNKNOWN,STRAIGHT,NO DEFECTS,"TWO-WAY, NOT DIVIDED",39.11606333,-77.264295,7885715244532191,2704746831746605,0,0,0,2023121415,7724972439113159
MCP30580055,2E007E1545B544169B642ED775BF7293,True,NO APPARENT INJURY,NONE,NOT DISTRACTED,PASSENGER,MOVING CONSTANT SPEED,West,DISABLING,35,False,False,3,6880218977007057,230071742,Montgomery County Police,Injury ,False,West,2,2,LEVEL,False,False,DRIVER,SAME DIR REAR END,DRY,DAYLIGHT,NO CONTROLS,NON INTERSECTION,UNKNOWN,STRAIGHT,NO DEFECTS,"TWO-WAY, NOT DIVIDED",39.11606333,-77.264295,7885715244532191,2704746831746605,0,0,0,2023121415,7724972439113159
MCP2466004Q,5361C3A50E8B41A58D905C47C7CCB555,True,NO APPARENT INJURY,NONE,DISTRACTED BY OUTSIDE PERSON OBJECT OR EVENT,PASSENGER,STARTING FROM PARKED,West,NO DAMAGE,40,False,False,1,3956042264250423,230071743,Montgomery County Police,Property Damage ,False,West,2,2,LEVEL,False,False,DRIVER,SAME DIR REAR END,DRY,DAYLIGHT,TRAFFIC SIGNAL,INTERSECTION,FOUR-WAY INTERSECTION,STRAIGHT,NO DEFECTS,"TWO-WAY, NOT DIVIDED",39.11773549,-77.26153288,7885715244532191,2766380734310586,0,0,0,2023121415,7724972439113159
MCP2875007Z,8FFB195D36204405A7ECF913A21AC1AB,True,NO APPARENT INJURY,UNKNOWN,UNKNOWN,PASSENGER,MAKING RIGHT TURN,South,SUPERFICIAL,0,False,False,1,7871367503127427,230071773,Montgomery County Police,Property Damage ,True,UNKNOWN,0,0,UNKNOWN,True,True,DRIVER,OPPOSITE DIRECTION SIDESWIPE,UNKNOWN,DAYLIGHT,NO CONTROLS,UNKNOWN,UNKNOWN,UNKNOWN,UNKNOWN,UNKNOWN,39.17967086,-77.23938866,7781945108562677,7781945108562677,0,0,0,2023121416,7723271939208770
DD55670022,6B653BAC8ED0448C8C34A0C1C20C8452,True,NO APPARENT INJURY,NONE,OTHER DISTRACTION,PASSENGER,MOVING CONSTANT SPEED,South,DISABLING,40,False,False,3,5029281226459110,230071752,Rockville Police Departme,Injury ,False,South,3,3,LEVEL,False,False,DRIVER,SAME DIR REAR END,DRY,DAYLIGHT,UNKNOWN,UNKNOWN,UNKNOWN,STRAIGHT,NO DEFECTS,"TWO-WAY, DIVIDED, POSITIVE MEDIAN BARRIER",39.06867874,-77.12985213,5925405510732472,3061516663743910,0,0,0,2023121416,7712482939051552
DD55670022,EFA60FAA3AA948DB98F32A1D459EA356,False,POSSIBLE INJURY,NONE,NOT DISTRACTED,PASSENGER,STOPPED IN TRAFFIC LANE,South,NO DAMAGE,40,False,False,3,8640615826951734,230071752,Rockville Police Departme,Injury ,False,South,3,3,LEVEL,False,False,DRIVER,SAME DIR REAR END,DRY,DAYLIGHT,UNKNOWN,UNKNOWN,UNKNOWN,STRAIGHT,NO DEFECTS,"TWO-WAY, DIVIDED, POSITIVE MEDIAN BARRIER",39.06867874,-77.12985213,5925405510732472,3061516663743910,0,0,0,2023121416,7712482939051552
DD55670022,0117B502F989434E838E2AE5B866386E,False,POSSIBLE INJURY,NONE,NOT DISTRACTED,PASSENGER,STOPPED IN TRAFFIC LANE,South,DISABLING,40,False,False,3,7379790539269169,230071752,Rockville Police Departme,Injury ,False,South,3,3,LEVEL,False,False,DRIVER,SAME DIR REAR END,DRY,DAYLIGHT,UNKNOWN,UNKNOWN,UNKNOWN,STRAIGHT,NO DEFECTS,"TWO-WAY, DIVIDED, POSITIVE MEDIAN BARRIER",39.06867874,-77.12985213,5925405510732472,3061516663743910,0,0,0,2023121416,7712482939051552
MCP31610063,183D10E2F0B94A5C853AAEA2787C0008,True,NO APPARENT INJURY,NONE,UNKNOWN,BUS,MOVING CONSTANT SPEED,North,SUPERFICIAL,35,False,False,2,6691677547236723,230071764,Montgomery County Police,Property Damage ,False,North,2,4,LEVEL,False,False,DRIVER,SAME DIRECTION SIDESWIPE,DRY,DUSK,TRAFFIC SIGNAL,INTERSECTION,FOUR-WAY INTERSECTION,STRAIGHT,NO DEFECTS,"TWO-WAY, DIVIDED, POSITIVE MEDIAN BARRIER",39.00017983,-77.076875,1627793738140795,8313298178840333,0,0,0,2023121417,7707842038983818
MCP31610063,5441B4CAA6304B86A8D4F292378B0BCC,True,NO APPARENT INJURY,NONE,UNKNOWN,PASSENGER,MOVING CONSTANT SPEED,North,SUPERFICIAL,35,False,False,2,1374907396372743,230071764,Montgomery County Police,Property Damage ,False,North,2,4,LEVEL,False,False,DRIVER,SAME DIRECTION SIDESWIPE,DRY,DUSK,TRAFFIC SIGNAL,INTERSECTION,FOUR-WAY INTERSECTION,STRAIGHT,NO DEFECTS,"TWO-WAY, DIVIDED, POSITIVE MEDIAN BARRIER",39.00017983,-77.076875,1627793738140795,8313298178840333,0,0,0,2023121417,7707842038983818
MCP30310054,CD4D9B5B06AF48B2888081D3984719C2,True,NO APPARENT INJURY,NONE,LOOKED BUT DID NOT SEE,PASSENGER,ACCELERATING,South,DISABLING,35,False,False,1,2556345995888572,230071769,Montgomery County Police,Property Damage ,False,South,1,1,LEVEL,False,False,DRIVER,SAME DIRECTION SIDESWIPE,UNKNOWN,DARK LIGHTS ON,STOP SIGN,INTERSECTION RELATED,FOUR-WAY INTERSECTION,STRAIGHT,NO DEFECTS,"TWO-WAY, NOT DIVIDED",39.08682333,-77.037102,201871292194761,9777097860995004,0,0,0,2023121417,7705486039088590
MCP2799007K,797C03E1C7CB41E5BEE38ABD25F308D2,False,NO APPARENT INJURY,NONE,NOT DISTRACTED,PASSENGER,MOVING CONSTANT SPEED,North,SUPERFICIAL,35,False,False,2,8243785693790468,230071778,Montgomery County Police,Property Damage ,False,North,1,6,LEVEL,False,False,DRIVER,SAME DIRECTION LEFT TURN,DRY,DARK LIGHTS ON,NO CONTROLS,INTERSECTION,T-INTERSECTION,STRAIGHT,NO DEFECTS,"TWO-WAY, NOT DIVIDED",39.00171733,-77.025143,7228418003688286,154586384219221,0,0,0,2023121418,7703596439001907
MCP2799007K,4C8B4F3467544A02AC9E9A50D29CB12A,True,NO APPARENT INJURY,NONE,LOOKED BUT DID NOT SEE,PASSENGER,MAKING LEFT TURN,West,DISABLING,35,False,False,2,1032943149996826,230071778,Montgomery County Police,Property Damage ,False,North,1,6,LEVEL,False,False,DRIVER,SAME DIRECTION LEFT TURN,DRY,DARK LIGHTS ON,NO CONTROLS,INTERSECTION,T-INTERSECTION,STRAIGHT,NO DEFECTS,"TWO-WAY, NOT DIVIDED",39.00171733,-77.025143,7228418003688286,154586384219221,0,0,0,2023121418,7703596439001907
MCP3192004D,88225E654F2B491499643B93252A3460,True,NO APPARENT INJURY,NONE,UNKNOWN,PASSENGER,CHANGING LANES,North,SUPERFICIAL,35,False,False,2,4962802021749587,230071783,Montgomery County Police,Property Damage ,False,North,2,3,LEVEL,False,False,DRIVER,STRAIGHT MOVEMENT ANGLE,DRY,DARK LIGHTS ON,TRAFFIC SIGNAL,INTERSECTION,FOUR-WAY INTERSECTION,STRAIGHT,NO DEFECTS,"TWO-WAY, DIVIDED, POSITIVE MEDIAN BARRIER",39.05296508,-77.05087464,8554262040045692,1463388824341263,0,0,0,2023121418,7704240439043964
MCP3192004D,8F3C4D2B687A41798358F2CB37EF6005,False,NO APPARENT INJURY,UNKNOWN,NOT DISTRACTED,TRUCK,ACCELERATING,North,SUPERFICIAL,35,False,False,2,4875846912795590,230071783,Montgomery County Police,Property Damage ,False,North,2,3,LEVEL,False,False,DRIVER,STRAIGHT MOVEMENT ANGLE,DRY,DARK LIGHTS ON,TRAFFIC SIGNAL,INTERSECTION,FOUR-WAY INTERSECTION,STRAIGHT,NO DEFECTS,"TWO-WAY, DIVIDED, POSITIVE MEDIAN BARRIER",39.05296508,-77.05087464,8554262040045692,1463388824341263,0,0,0,2023121418,7704240439043964
MCP3145004F,547B7CD451304F05B3991318F0AD1470,True,NO APPARENT INJURY,NONE,LOOKED BUT DID NOT SEE,PASSENGER,CHANGING LANES,North,SUPERFICIAL,40,False,False,2,5376091160887863,230071785,Montgomery County Police,Property Damage ,False,North,2,3,LEVEL,False,False,DRIVER,SAME DIRECTION RIGHT TURN,DRY,UNKNOWN,NO CONTROLS,UNKNOWN,UNKNOWN,STRAIGHT,NO DEFECTS,"TWO-WAY, DIVIDED, POSITIVE MEDIAN BARRIER",39.0212805,-76.97654883,8901981419077344,6418727789277950,0,0,0,2023121418,7698354239018293
MCP3145004F,45C79CE46BB5437F8A1D6947BBFF9FC3,False,NO APPARENT INJURY,NONE,NOT DISTRACTED,PASSENGER,CHANGING LANES,North,NO DAMAGE,40,False,False,2,8278686888605801,230071785,Montgomery County Police,Property Damage ,False,North,2,3,LEVEL,False,False,DRIVER,SAME DIRECTION RIGHT TURN,DRY,UNKNOWN,NO CONTROLS,UNKNOWN,UNKNOWN,STRAIGHT,NO DEFECTS,"TWO-WAY, DIVIDED, POSITIVE MEDIAN BARRIER",39.0212805,-76.97654883,8901981419077344,6418727789277950,0,0,0,2023121418,7698354239018293
MCP3121005F,68E2AABCCC434AE5BB47403FCC62904B,True,NO APPARENT INJURY,NONE,LOOKED BUT DID NOT SEE,EMERGENCY,BACKING,West,FUNCTIONAL,15,False,False,1,4621936626675321,230071781,Montgomery County Police,Property Damage ,False,UNKNOWN,0,0,UNKNOWN,True,True,DRIVER,OTHER,UNKNOWN,DARK LIGHTS ON,UNKNOWN,UNKNOWN,UNKNOWN,UNKNOWN,UNKNOWN,UNKNOWN,39.15713309,-77.20291444,7781945108562677,7781945108562677,0,0,0,2023121418,7719610239179289
MCP30310055,834D019E7E9D4DA188507FC84B6371F8,False,NO APPARENT INJURY,NONE,NOT DISTRACTED,PASSENGER,ACCELERATING,East,DISABLING,25,False,False,2,3906767897429111,230071789,Montgomery County Police,Property Damage ,False,North,1,2,LEVEL,False,False,DRIVER,STRAIGHT MOVEMENT ANGLE,DRY,DARK LIGHTS ON,NO CONTROLS,INTERSECTION,FOUR-WAY INTERSECTION,STRAIGHT,NO DEFECTS,"TWO-WAY, NOT DIVIDED",39.109783,-76.99672617,8901981419077344,3963453046762053,0,0,0,2023121419,7699078639113935
MCP30310055,E3793C5CA06A42009692731CBCD3EE6C,True,NO APPARENT INJURY,NONE,LOOKED BUT DID NOT SEE,PASSENGER,MOVING CONSTANT SPEED,North,DISABLING,45,False,False,2,7379790522491550,230071789,Montgomery County Police,Property Damage ,False,North,1,2,LEVEL,False,False,DRIVER,STRAIGHT MOVEMENT ANGLE,DRY,DARK LIGHTS ON,NO CONTROLS,INTERSECTION,FOUR-WAY INTERSECTION,STRAIGHT,NO DEFECTS,"TWO-WAY, NOT DIVIDED",39.109783,-76.99672617,8901981419077344,3963453046762053,0,0,0,2023121419,7699078639113935
MCP33560016,B1C8114EAECE4C61A9F667C8DF28E433,False,NO APPARENT INJURY,UNKNOWN,NOT DISTRACTED,PASSENGER,MOVING CONSTANT SPEED,North,FUNCTIONAL,45,False,False,2,8922103722266611,230071790,Montgomery County Police,Property Damage ,False,North,4,4,LEVEL,False,False,DRIVER,STRAIGHT MOVEMENT ANGLE,DRY,DARK LIGHTS ON,NO CONTROLS,INTERSECTION RELATED,UNKNOWN,STRAIGHT,NO DEFECTS,"TWO-WAY, DIVIDED, POSITIVE MEDIAN BARRIER",39.17797967,-77.238487,4972572914805173,5890474799012741,0,0,0,2023121419,7723271939208770
MCP33560016,69BB303F6F4E48DCAD8307A943F15245,True,NO APPARENT INJURY,NONE,LOOKED BUT DID NOT SEE,PASSENGER,MOVING CONSTANT SPEED,West,DISABLING,45,False,False,2,8922103739044230,230071790,Montgomery County Police,Property Damage ,False,North,4,4,LEVEL,False,False,DRIVER,STRAIGHT MOVEMENT ANGLE,DRY,DARK LIGHTS ON,NO CONTROLS,INTERSECTION RELATED,UNKNOWN,STRAIGHT,NO DEFECTS,"TWO-WAY, DIVIDED, POSITIVE MEDIAN BARRIER",39.17797967,-77.238487,4972572914805173,5890474799012741,0,0,0,2023121419,7723271939208770
MCP29870089,21003BF1B58D4C839856F6C61CBB7CBD,False,SUSPECTED MINOR INJURY,NONE,NOT DISTRACTED,PASSENGER,STOPPED IN TRAFFIC LANE,South,DESTROYED,50,False,False,2,6474519236709112,230071804,Montgomery County Police,Injury ,False,South,2,3,LEVEL,False,False,DRIVER,SAME DIR REAR END,DRY,DARK LIGHTS ON,TRAFFIC SIGNAL,INTERSECTION,FOUR-WAY INTERSECTION,STRAIGHT,NO DEFECTS,"TWO-WAY, DIVIDED, POSITIVE MEDIAN BARRIER",39.07373667,-76.95565167,2620072274155517,1121551715469239,0,0,0,2023121421,7698062539067210
MCP29870089,CA184DE2A7DA4257A2718B2D3A5D1929,True,NO APPARENT INJURY,NONE,INATTENTIVE OR LOST IN THOUGHT,PASSENGER,MOVING CONSTANT SPEED,South,DISABLING,50,False,False,2,7004010087536265,230071804,Montgomery County Police,Injury ,False,South,2,3,LEVEL,False,False,DRIVER,SAME DIR REAR END,DRY,DARK LIGHTS ON,TRAFFIC SIGNAL,INTERSECTION,FOUR-WAY INTERSECTION,STRAIGHT,NO DEFECTS,"TWO-WAY, DIVIDED, POSITIVE MEDIAN BARRIER",39.07373667,-76.95565167,2620072274155517,1121551715469239,0,0,0,2023121421,7698062539067210
MCP3270002D,4ED59062271E441D913BE68546F61CAB,True,NO APPARENT INJURY,NONE,INATTENTIVE OR LOST IN THOUGHT,PASSENGER,MOVING CONSTANT SPEED,South,SUPERFICIAL,35,False,False,2,8243785677012849,230071808,Montgomery County Police,Property Damage ,False,South,1,3,LEVEL,False,False,DRIVER,STRAIGHT MOVEMENT ANGLE,DRY,DARK LIGHTS ON,TRAFFIC SIGNAL,INTERSECTION,FOUR-WAY INTERSECTION,STRAIGHT,NO DEFECTS,"TWO-WAY, DIVIDED, POSITIVE MEDIAN BARRIER",39.01971733,-77.0134195,7228418003688286,5005946941929880,0,0,0,2023121421,7700923739021308
MCP3270002D,056D5CF34D844F1297EF14B80AD348F3,False,NO APPARENT INJURY,NONE,NOT DISTRACTED,PASSENGER,MOVING CONSTANT SPEED,East,SUPERFICIAL,35,False,False,2,1691124060065692,230071808,Montgomery County Police,Property Damage ,False,South,1,3,LEVEL,False,False,DRIVER,STRAIGHT MOVEMENT ANGLE,DRY,DARK LIGHTS ON,TRAFFIC SIGNAL,INTERSECTION,FOUR-WAY INTERSECTION,STRAIGHT,NO DEFECTS,"TWO-WAY, DIVIDED, POSITIVE MEDIAN BARRIER",39.01971733,-77.0134195,7228418003688286,5005946941929880,0,0,0,2023121421,7700923739021308
MCP31050058,71A40B135A604529BF6425FCA328B7B7,True,NO APPARENT INJURY,NONE,LOOKED BUT DID NOT SEE,PASSENGER,ACCELERATING,South,FUNCTIONAL,35,False,False,2,8243785693790468,230071818,Montgomery County Police,Injury ,False,South,2,2,LEVEL,False,False,DRIVER,STRAIGHT MOVEMENT ANGLE,DRY,DARK LIGHTS ON,FLASHING TRAFFIC SIGNAL,INTERSECTION,FOUR-WAY INTERSECTION,STRAIGHT,NO DEFECTS,"TWO-WAY, DIVIDED, POSITIVE MEDIAN BARRIER",39.181564,-77.27623683,1482134744854050,756079554807696,0,0,0,2023121500,7729807639132189
MCP31050058,B811EA5908C64B23A7146ABFF54E6A84,False,SUSPECTED MINOR INJURY,NONE,NOT DISTRACTED,PASSENGER,STARTING FROM LANE,West,DISABLING,30,False,False,2,4621936576342464,230071818,Montgomery County Police,Injury ,False,South,2,2,LEVEL,False,False,DRIVER,STRAIGHT MOVEMENT ANGLE,DRY,DARK LIGHTS ON,FLASHING TRAFFIC SIGNAL,INTERSECTION,FOUR-WAY INTERSECTION,STRAIGHT,NO DEFECTS,"TWO-WAY, DIVIDED, POSITIVE MEDIAN BARRIER",39.181564,-77.27623683,1482134744854050,756079554807696,0,0,0,2023121500,7729807639132189
MCP91180048,C248754627264A8298E1493A029632C2,False,NO APPARENT INJURY,NONE,NOT DISTRACTED,PASSENGER,STOPPED IN TRAFFIC LANE,North,FUNCTIONAL,35,False,False,2,2553140290734483,230071828,Montgomery County Police,Property Damage ,True,North,3,3,LEVEL,False,False,DRIVER,SAME DIR REAR END,DRY,UNKNOWN,TRAFFIC SIGNAL,INTERSECTION RELATED,OTHER,STRAIGHT,NO DEFECTS,"TWO-WAY, NOT DIVIDED",39.0128439,-77.041631,8554262040045692,6642601588594235,0,0,0,2023121504,7703596439001907
MCP91180048,0AAA000B982D4A0AB3EAC4F315A52DBC,True,NO APPARENT INJURY,UNKNOWN,UNKNOWN,PASSENGER,MOVING CONSTANT SPEED,North,DISABLING,35,False,False,2,2534137744596170,230071828,Montgomery County Police,Property Damage ,True,North,3,3,LEVEL,False,False,DRIVER,SAME DIR REAR END,DRY,UNKNOWN,TRAFFIC SIGNAL,INTERSECTION RELATED,OTHER,STRAIGHT,NO DEFECTS,"TWO-WAY, NOT DIVIDED",39.0128439,-77.041631,8554262040045692,6642601588594235,0,0,0,2023121504,7703596439001907
MCP33010020,566333A738804D8086BD857B5216AB92,True,NO APPARENT INJURY,UNKNOWN,UNKNOWN,PASSENGER,UNKNOWN,South,DISABLING,25,False,False,1,6492669469253117,230071831,Montgomery County Police,Property Damage ,False,South,1,1,LEVEL,False,False,DRIVER,SAME DIR REAR END,DRY,DARK LIGHTS ON,NO CONTROLS,UNKNOWN,UNKNOWN,CURVE LEFT,NO DEFECTS,"TWO-WAY, NOT DIVIDED",39.06215483,-76.9480055,7229145318986710,5131968304339646,0,0,0,2023121505,7698062539067210
MCP2965007X,D833DABCF0964F3DA920B60C0495307F,True,NO APPARENT INJURY,NONE,NOT DISTRACTED,PASSENGER,MAKING LEFT TURN,East,FUNCTIONAL,35,False,False,2,4909102112133355,230071839,Montgomery County Police,Property Damage ,False,South,0,4,LEVEL,False,False,DRIVER,SAME DIR BOTH LEFT TURN,DRY,DAYLIGHT,TRAFFIC SIGNAL,UNKNOWN,FOUR-WAY INTERSECTION,STRAIGHT,NO DEFECTS,"TWO-WAY, DIVIDED, POSITIVE MEDIAN BARRIER",39.06303796,-77.05478133,8554262040045692,670409629174736,0,0,0,2023121507,7705486039088590
MCP2965007X,4CF30743CEB04C929D4749D0567D85C8,True,NO APPARENT INJURY,NONE,NOT DISTRACTED,BUS,MAKING LEFT TURN,East,SUPERFICIAL,35,False,False,2,6691677547236723,230071839,Montgomery County Police,Property Damage ,False,South,0,4,LEVEL,False,False,DRIVER,SAME DIR BOTH LEFT TURN,DRY,DAYLIGHT,TRAFFIC SIGNAL,UNKNOWN,FOUR-WAY INTERSECTION,STRAIGHT,NO DEFECTS,"TWO-WAY, DIVIDED, POSITIVE MEDIAN BARRIER",39.06303796,-77.05478133,8554262040045692,670409629174736,0,0,0,2023121507,7705486039088590
MCP302600C5,2B7D6DF177844F42A16285E5641038ED,True,NO APPARENT INJURY,NONE,NOT DISTRACTED,PASSENGER,BACKING,East,NO DAMAGE,15,False,False,1,8801448013568044,230071853,Montgomery County Police,Property Damage ,True,East,0,2,LEVEL,False,False,DRIVER,OTHER,DRY,DAYLIGHT,NO CONTROLS,NON INTERSECTION,UNKNOWN,STRAIGHT,NO DEFECTS,"TWO-WAY, NOT DIVIDED",38.98445183,-77.12774367,6595845602937835,3134929711281422,0,0,0,2023121508,7715220038996189
MCP3347001K,1B88B54B03FD49ED90E966AF5BE286C7,True,NO APPARENT INJURY,NONE,LOOKED BUT DID NOT SEE,PASSENGER,MOVING CONSTANT SPEED,West,FUNCTIONAL,25,False,False,5,3851345397707231,230071848,Montgomery County Police,Property Damage ,False,West,1,2,LEVEL,False,False,DRIVER,SAME DIR REAR END,DRY,DAYLIGHT,NO CONTROLS,NON INTERSECTION,UNKNOWN,STRAIGHT,NO DEFECTS,ONE-WAY TRAFFICWAY,38.98554882,-77.0882731,9985750448851330,2188062254524453,0,0,0,2023121508,7710072538987731
MCP3347001K,6AD4090ABEE1476597DC157BD6A574B7,False,NO APPARENT INJURY,NONE,NOT DISTRACTED,PASSENGER,STOPPED IN TRAFFIC LANE,West,SUPERFICIAL,25,False,False,5,4475991830750733,230071848,Montgomery County Police,Property Damage ,False,West,1,2,LEVEL,False,False,DRIVER,SAME DIR REAR END,DRY,DAYLIGHT,NO CONTROLS,NON INTERSECTION,UNKNOWN,STRAIGHT,NO DEFECTS,ONE-WAY TRAFFICWAY,38.98554882,-77.0882731,9985750448851330,2188062254524453,0,0,0,2023121508,7710072538987731
MCP3347001K,875E893E95DA46CE9FBAD83DC67A045D,False,NO APPARENT INJURY,NONE,NOT DISTRACTED,PASSENGER,STOPPED IN TRAFFIC LANE,West,FUNCTIONAL,25,False,False,5,7026902021977563,230071848,Montgomery County Police,Property Damage ,False,West,1,2,LEVEL,False,False,DRIVER,SAME DIR REAR END,DRY,DAYLIGHT,NO CONTROLS,NON INTERSECTION,UNKNOWN,STRAIGHT,NO DEFECTS,ONE-WAY TRAFFICWAY,38.98554882,-77.0882731,9985750448851330,2188062254524453,0,0,0,2023121508,7710072538987731
MCP3347001K,B2705CC0824E442FABE57FDD7AA04F7D,False,NO APPARENT INJURY,NONE,NOT DISTRACTED,PASSENGER,STOPPED IN TRAFFIC LANE,West,SUPERFICIAL,25,False,False,5,2408098796284327,230071848,Montgomery County Police,Property Damage ,False,West,1,2,LEVEL,False,False,DRIVER,SAME DIR REAR END,DRY,DAYLIGHT,NO CONTROLS,NON INTERSECTION,UNKNOWN,STRAIGHT,NO DEFECTS,ONE-WAY TRAFFICWAY,38.98554882,-77.0882731,9985750448851330,2188062254524453,0,0,0,2023121508,7710072538987731
MCP3347001K,DFD49B7027DA4AF1BCFE91F3A1DC9C3C,False,NO APPARENT INJURY,NONE,NOT DISTRACTED,PASSENGER,STOPPED IN TRAFFIC LANE,West,FUNCTIONAL,25,False,False,5,8243785744123325,230071848,Montgomery County Police,Property Damage ,False,West,1,2,LEVEL,False,False,DRIVER,SAME DIR REAR END,DRY,DAYLIGHT,NO CONTROLS,NON INTERSECTION,UNKNOWN,STRAIGHT,NO DEFECTS,ONE-WAY TRAFFICWAY,38.98554882,-77.0882731,9985750448851330,2188062254524453,0,0,0,2023121508,7710072538987731
MCP28440077,BCE9A6325E5543AE8A459F587D4C40F7,True,POSSIBLE INJURY,NONE,UNKNOWN,PASSENGER,UNKNOWN,North,DESTROYED,20,False,False,2,3777471212635933,230071856,Montgomery County Police,Injury ,False,West,3,4,LEVEL,False,False,DRIVER,STRAIGHT MOVEMENT ANGLE,DRY,DAYLIGHT,TRAFFIC SIGNAL,INTERSECTION,FOUR-WAY INTERSECTION,STRAIGHT,NO DEFECTS,"TWO-WAY, DIVIDED, POSITIVE MEDIAN BARRIER",39.15089485,-77.06210375,3800611912574069,7457796982308481,0,0,0,2023121509,7707322739151114
MCP28440077,182875A596AB4CA68A9110F9D4275E2B,False,POSSIBLE INJURY,NONE,NOT DISTRACTED,PASSENGER,MOVING CONSTANT SPEED,West,DISABLING,35,False,False,2,7871367620570760,230071856,Montgomery County Police,Injury ,False,West,3,4,LEVEL,False,False,DRIVER,STRAIGHT MOVEMENT ANGLE,DRY,DAYLIGHT,TRAFFIC SIGNAL,INTERSECTION,FOUR-WAY INTERSECTION,STRAIGHT,NO DEFECTS,"TWO-WAY, DIVIDED, POSITIVE MEDIAN BARRIER",39.15089485,-77.06210375,3800611912574069,7457796982308481,0,0,0,2023121509,7707322739151114
MCP2678004K,24C11F50037B4995BA2D89598DE34F60,True,POSSIBLE INJURY,NONE,LOOKED BUT DID NOT SEE,PASSENGER,MAKING RIGHT TURN,East,DESTROYED,30,False,False,2,3097115280098300,230071857,Montgomery County Police,Injury ,False,West,2,3,LEVEL,False,False,DRIVER,SAME DIRECTION SIDESWIPE,DRY,DAYLIGHT,TRAFFIC SIGNAL,INTERSECTION,FOUR-WAY INTERSECTION,STRAIGHT,NO DEFECTS,"TWO-WAY, NOT DIVIDED",39.03990067,-77.0556785,5963249679537482,3291173601304642,0,0,0,2023121510,7704240439043964