ReportNumber,VehicleCrashKey,DriverAtFault,DriverInjurySeverity,DriverSubstanceAbuse,DriverDistractedBy,VehicleType,VehicleMovement,VehicleGoingDir,VehicleDamageExtent,SpeedLimit,ParkedVehicle,SubstanceAbuseContributed,VehiclesCrashedTotal,VehicleKey,LocalCaseNumber,AgencyName,ACRSReportType,HitRun,LaneDirection,LaneNumber,NumberOfLanes,RoadGrade,NonTraffic,OffRoadIncident,AccidentAtFault,CollisionType,SurfaceCondition,Light,TrafficControl,Junction,IntersectionType,RoadAlignment,RoadCondition,RoadDivision,Latitude,Longitude,RoadKey,CrossStreetKey,NonMotoristTotal,NonMotoristInjury,NonMotoristFatal,DateHourKey,LocationAreaKey
MCP2678004K,2D75B2F7F0BD4F84B68A38303EA2EC55,False,NO APPARENT INJURY,NONE,NOT DISTRACTED,PASSENGER,ACCELERATING,West,SUPERFICIAL,30,False,False,2,3777471128747838,230071857,Montgomery County Police,Injury ,False,West,2,3,LEVEL,False,False,DRIVER,SAME DIRECTION SIDESWIPE,DRY,DAYLIGHT,TRAFFIC SIGNAL,INTERSECTION,FOUR-WAY INTERSECTION,STRAIGHT,NO DEFECTS,"TWO-WAY, NOT DIVIDED",39.03990067,-77.0556785,5963249679537482,3291173601304642,0,0,0,2023121510,7704240439043964
MCP235300CQ,93DF104B82CF4C14B7CAA7EAEEFCBC44,True,NO APPARENT INJURY,NONE,LOOKED BUT DID NOT SEE,PASSENGER,ACCELERATING,East,DISABLING,25,False,False,3,2834630501360782,230071836,Montgomery County Police,Injury ,False,North,3,3,LEVEL,False,False,DRIVER,STRAIGHT MOVEMENT ANGLE,DRY,DAYLIGHT,STOP SIGN,INTERSECTION,FOUR-WAY INTERSECTION,STRAIGHT,NO DEFECTS,"TWO-WAY, DIVIDED, POSITIVE MEDIAN BARRIER",39.01799667,-77.07803183,1627793738140795,9534183081985644,0,0,0,2023121510,7707527239025656
MCP235300CQ,C7903E15AA4C45F186CF355CB236C033,False,NO APPARENT INJURY,NONE,NOT DISTRACTED,PASSENGER,STOPPED IN TRAFFIC LANE,West,DISABLING,25,False,False,3,751452972925765,230071836,Montgomery County Police,Injury ,False,North,3,3,LEVEL,False,False,DRIVER,STRAIGHT MOVEMENT ANGLE,DRY,DAYLIGHT,STOP SIGN,INTERSECTION,FOUR-WAY INTERSECTION,STRAIGHT,NO DEFECTS,"TWO-WAY, DIVIDED, POSITIVE MEDIAN BARRIER",39.01799667,-77.07803183,1627793738140795,9534183081985644,0,0,0,2023121510,7707527239025656
MCP235300CQ,A2BAF1FC47D9448B9D54F1DCF9D4F6E6,False,SUSPECTED MINOR INJURY,NONE,NOT DISTRACTED,PASSENGER,MOVING CONSTANT SPEED,North,DISABLING,35,False,False,3,8243785626679992,230071836,Montgomery County Police,Injury ,False,North,3,3,LEVEL,False,False,DRIVER,STRAIGHT MOVEMENT ANGLE,DRY,DAYLIGHT,STOP SIGN,INTERSECTION,FOUR-WAY INTERSECTION,STRAIGHT,NO DEFECTS,"TWO-WAY, DIVIDED, POSITIVE MEDIAN BARRIER",39.01799667,-77.07803183,1627793738140795,9534183081985644,0,0,0,2023121510,7707527239025656
HA2492000X,BC4EDD75FF34477384678C97A643E7EB,True,NO APPARENT INJURY,NONE,UNKNOWN,TRUCK,STARTING FROM LANE,South,SUPERFICIAL,40,False,False,2,2250767647570290,23002364,Maryland-National Capital,Property Damage ,False,South,0,3,LEVEL,False,False,DRIVER,SAME DIR BOTH LEFT TURN,DRY,DAYLIGHT,TRAFFIC SIGNAL,INTERSECTION,FOUR-WAY INTERSECTION,STRAIGHT,NO DEFECTS,"TWO-WAY, DIVIDED, POSITIVE MEDIAN BARRIER",39.03014146,-77.12626069,4494898042244063,4418900388086204,0,0,0,2023121510,7710519939016894
HA2492000X,4733F51D475B41628D1561FCAACCB96C,False,NO APPARENT INJURY,NONE,NOT DISTRACTED,TRUCK,MAKING LEFT TURN,South,FUNCTIONAL,40,False,False,2,660615385035114,23002364,Maryland-National Capital,Property Damage ,False,South,0,3,LEVEL,False,False,DRIVER,SAME DIR BOTH LEFT TURN,DRY,DAYLIGHT,TRAFFIC SIGNAL,INTERSECTION,FOUR-WAY INTERSECTION,STRAIGHT,NO DEFECTS,"TWO-WAY, DIVIDED, POSITIVE MEDIAN BARRIER",39.03014146,-77.12626069,4494898042244063,4418900388086204,0,0,0,2023121510,7710519939016894
MCP2203007S,76FDAC329B924F048437DDC1CA55A7BF,False,POSSIBLE INJURY,NONE,NOT DISTRACTED,PASSENGER,STARTING FROM LANE,South,DISABLING,25,False,False,2,8771862990555967,230071883,Montgomery County Police,Injury ,False,West,1,1,GRADE DOWNHILL,False,False,DRIVER,STRAIGHT MOVEMENT ANGLE,DRY,DAYLIGHT,NO CONTROLS,INTERSECTION,FOUR-WAY INTERSECTION,STRAIGHT,NO DEFECTS,"TWO-WAY, DIVIDED, UNPROTECTED PAINTED MIN 4 FEET",39.03644383,-77.04827933,9625371494229735,2480366219871158,0,0,0,2023121511,7704240439043964
MCP2203007S,27A0694BF15A43D5A51AF13CC073FB88,True,POSSIBLE INJURY,NONE,NOT DISTRACTED,PASSENGER,MOVING CONSTANT SPEED,East,DISABLING,25,False,False,2,5552969887419870,230071883,Montgomery County Police,Injury ,False,West,1,1,GRADE DOWNHILL,False,False,DRIVER,STRAIGHT MOVEMENT ANGLE,DRY,DAYLIGHT,NO CONTROLS,INTERSECTION,FOUR-WAY INTERSECTION,STRAIGHT,NO DEFECTS,"TWO-WAY, DIVIDED, UNPROTECTED PAINTED MIN 4 FEET",39.03644383,-77.04827933,9625371494229735,2480366219871158,0,0,0,2023121511,7704240439043964
MCP2203007T,D94D28E883AC4C30BBBA267F7AF4076A,True,NO APPARENT INJURY,NONE,NOT DISTRACTED,PASSENGER,MAKING LEFT TURN,West,SUPERFICIAL,25,False,False,2,7387983325437032,230071903,Montgomery County Police,Property Damage ,False,East,1,1,LEVEL,False,False,DRIVER,OPPOSITE DIRECTION SIDESWIPE,DRY,DAYLIGHT,NO CONTROLS,INTERSECTION,FOUR-WAY INTERSECTION,STRAIGHT,NO DEFECTS,"TWO-WAY, DIVIDED, UNPROTECTED PAINTED MIN 4 FEET",39.05046167,-77.05963767,7855302190227580,2537840591753833,0,0,0,2023121512,7704240439043964
MCP2203007T,0BF8E254B87E42E88B5A0069C6F0FEE6,False,NO APPARENT INJURY,NONE,NOT DISTRACTED,PASSENGER,MOVING CONSTANT SPEED,North,SUPERFICIAL,25,False,False,2,1314430994978846,230071903,Montgomery County Police,Property Damage ,False,East,1,1,LEVEL,False,False,DRIVER,OPPOSITE DIRECTION SIDESWIPE,DRY,DAYLIGHT,NO CONTROLS,INTERSECTION,FOUR-WAY INTERSECTION,STRAIGHT,NO DEFECTS,"TWO-WAY, DIVIDED, UNPROTECTED PAINTED MIN 4 FEET",39.05046167,-77.05963767,7855302190227580,2537840591753833,0,0,0,2023121512,7704240439043964
MCP26220040,27F124443835469E80B101DD6CFE6C84,True,NO APPARENT INJURY,NONE,LOOKED BUT DID NOT SEE,EMERGENCY,PARKING,North,SUPERFICIAL,0,False,False,2,8882643648426704,230071890,Montgomery County Police,Property Damage ,False,UNKNOWN,0,0,UNKNOWN,True,True,DRIVER,OTHER,UNKNOWN,DAYLIGHT,UNKNOWN,UNKNOWN,UNKNOWN,UNKNOWN,UNKNOWN,UNKNOWN,39.1126081,-76.9352536,7781945108562677,7781945108562677,0,0,0,2023121512,7693347839109025
MCP26220040,494A266D81084398B99393E35405981B,False,NO APPARENT INJURY,NONE,NOT DISTRACTED,PASSENGER,PARKED,UNKNOWN,SUPERFICIAL,0,True,False,2,9523658846053682,230071890,Montgomery County Police,Property Damage ,False,UNKNOWN,0,0,UNKNOWN,True,True,DRIVER,OTHER,UNKNOWN,DAYLIGHT,UNKNOWN,UNKNOWN,UNKNOWN,UNKNOWN,UNKNOWN,UNKNOWN,39.1126081,-76.9352536,7781945108562677,7781945108562677,0,0,0,2023121512,7693347839109025
MCP2965007Z,00DA5DDA26C84A4DAD181D86837BAB84,True,NO APPARENT INJURY,NONE,USING DEVICE OBJECT BROUGHT INTO VEHICLE,PASSENGER,ACCELERATING,North,FUNCTIONAL,15,False,False,1,1423490017525384,230071894,Montgomery County Police,Property Damage ,False,UNKNOWN,0,0,UNKNOWN,True,True,DRIVER,OPPOSITE DIRECTION SIDESWIPE,UNKNOWN,DAYLIGHT,NO CONTROLS,UNKNOWN,UNKNOWN,UNKNOWN,UNKNOWN,UNKNOWN,39.13672932,-77.07565113,7781945108562677,7781945108562677,0,0,0,2023121512,7707322739151114
MCP291700CX,C0EE532E687B46F2BF16A7753540F3C3,False,POSSIBLE INJURY,NONE,NOT DISTRACTED,PASSENGER,STOPPED IN TRAFFIC LANE,South,FUNCTIONAL,35,False,False,5,7871367553460284,230071897,Montgomery County Police,Injury ,False,South,3,3,GRADE DOWNHILL,False,False,DRIVER,SAME DIRECTION SIDESWIPE,DRY,DAYLIGHT,NO CONTROLS,COMMERCIAL DRIVEWAY,T-INTERSECTION,STRAIGHT,NO DEFECTS,"TWO-WAY, DIVIDED, POSITIVE MEDIAN BARRIER",39.03919533,-77.05413233,5963249679537482,9290911226978796,0,0,0,2023121513,7704240439043964
MCP291700CX,C454A6D509584C0CB98F2A70BCDEAA1D,False,NO APPARENT INJURY,NONE,NOT DISTRACTED,PASSENGER,STOPPED IN TRAFFIC LANE,South,FUNCTIONAL,35,False,False,5,1032942915110160,230071897,Montgomery County Police,Injury ,False,South,3,3,GRADE DOWNHILL,False,False,DRIVER,SAME DIRECTION SIDESWIPE,DRY,DAYLIGHT,NO CONTROLS,COMMERCIAL DRIVEWAY,T-INTERSECTION,STRAIGHT,NO DEFECTS,"TWO-WAY, DIVIDED, POSITIVE MEDIAN BARRIER",39.03919533,-77.05413233,5963249679537482,9290911226978796,0,0,0,2023121513,7704240439043964
MCP291700CX,98C0CEA18C95427287DC6B98BCB612C1,True,NO APPARENT INJURY,NONE,NOT DISTRACTED,PASSENGER,MAKING RIGHT TURN,East,FUNCTIONAL,35,False,False,5,2296453514834001,230071897,Montgomery County Police,Injury ,False,South,3,3,GRADE DOWNHILL,False,False,DRIVER,SAME DIRECTION SIDESWIPE,DRY,DAYLIGHT,NO CONTROLS,COMMERCIAL DRIVEWAY,T-INTERSECTION,STRAIGHT,NO DEFECTS,"TWO-WAY, DIVIDED, POSITIVE MEDIAN BARRIER",39.03919533,-77.05413233,5963249679537482,9290911226978796,0,0,0,2023121513,7704240439043964
MCP291700CX,C7747A484D9B40CFAB8367399509CC55,False,NO APPARENT INJURY,NONE,NOT DISTRACTED,PASSENGER,STOPPED IN TRAFFIC LANE,South,SUPERFICIAL,35,False,False,5,6578981170029426,230071897,Montgomery County Police,Injury ,False,South,3,3,GRADE DOWNHILL,False,False,DRIVER,SAME DIRECTION SIDESWIPE,DRY,DAYLIGHT,NO CONTROLS,COMMERCIAL DRIVEWAY,T-INTERSECTION,STRAIGHT,NO DEFECTS,"TWO-WAY, DIVIDED, POSITIVE MEDIAN BARRIER",39.03919533,-77.05413233,5963249679537482,9290911226978796,0,0,0,2023121513,7704240439043964
MCP291700CX,3C46EF08BD644EA3850D01DC790EE9DB,False,NO APPARENT INJURY,NONE,NOT DISTRACTED,PASSENGER,STOPPED IN TRAFFIC LANE,South,FUNCTIONAL,35,False,False,5,1032942915110160,230071897,Montgomery County Police,Injury ,False,South,3,3,GRADE DOWNHILL,False,False,DRIVER,SAME DIRECTION SIDESWIPE,DRY,DAYLIGHT,NO CONTROLS,COMMERCIAL DRIVEWAY,T-INTERSECTION,STRAIGHT,NO DEFECTS,"TWO-WAY, DIVIDED, POSITIVE MEDIAN BARRIER",39.03919533,-77.05413233,5963249679537482,9290911226978796,0,0,0,2023121513,7704240439043964
MCP3009007G,A5A2A1CA80B547A3BA7C0FEF1979DEE6,True,NO APPARENT INJURY,UNKNOWN,LOOKED BUT DID NOT SEE,PASSENGER,ACCELERATING,West,FUNCTIONAL,40,False,False,2,8574589927950958,230071908,Montgomery County Police,Property Damage ,False,North,2,2,LEVEL,False,False,DRIVER,STRAIGHT MOVEMENT ANGLE,DRY,DAYLIGHT,STOP SIGN,UNKNOWN,FOUR-WAY INTERSECTION,STRAIGHT,NO DEFECTS,"TWO-WAY, DIVIDED, POSITIVE MEDIAN BARRIER",39.18574333,-77.23979167,4972572914805173,1950531025991496,0,0,0,2023121513,7723271939208770
MCP3009007G,D99AFEECE94D4AFAAE17ECDEFE02FEFD,False,NO APPARENT INJURY,UNKNOWN,NOT DISTRACTED,PASSENGER,MOVING CONSTANT SPEED,North,DISABLING,40,False,False,2,8243785643457611,230071908,Montgomery County Police,Property Damage ,False,North,2,2,LEVEL,False,False,DRIVER,STRAIGHT MOVEMENT ANGLE,DRY,DAYLIGHT,STOP SIGN,UNKNOWN,FOUR-WAY INTERSECTION,STRAIGHT,NO DEFECTS,"TWO-WAY, DIVIDED, POSITIVE MEDIAN BARRIER",39.18574333,-77.23979167,4972572914805173,1950531025991496,0,0,0,2023121513,7723271939208770
MCP3274001Z,1F20E82B6BB54DBE9024C34C78DC971D,True,NO APPARENT INJURY,UNKNOWN,UNKNOWN,UNKNOWN,UNKNOWN,UNKNOWN,SUPERFICIAL,10,False,False,1,8168321465439775,230072046,Montgomery County Police,Property Damage ,True,UNKNOWN,0,0,LEVEL,False,False,DRIVER,UNKNOWN,DRY,DAYLIGHT,NO CONTROLS,UNKNOWN,UNKNOWN,STRAIGHT,NO DEFECTS,OTHER,39.08626537,-76.99816894,8901981419077344,2461459327488486,0,0,0,2023121515,7698062539067210
MCP3350002C,22AC2434D6C8495EB940FF643D7142C1,False,NO APPARENT INJURY,NONE,NOT DISTRACTED,PASSENGER,ACCELERATING,West,SUPERFICIAL,30,False,False,2,8278686888605801,230071929,Montgomery County Police,Property Damage ,False,West,1,2,HILL UPHILL,False,False,DRIVER,SAME DIRECTION SIDESWIPE,DRY,DAYLIGHT,NO CONTROLS,NON INTERSECTION,UNKNOWN,CURVE RIGHT,NO DEFECTS,"TWO-WAY, NOT DIVIDED",38.98827083,-77.07541503,4570729910170239,9829260116017662,0,0,0,2023121515,7707842038983818
MCP3350002C,CF1FBDE67D6A496CB9713E5F75F1A89E,True,NO APPARENT INJURY,NONE,LOOKED BUT DID NOT SEE,PASSENGER,ACCELERATING,West,FUNCTIONAL,30,False,False,2,8208858388603652,230071929,Montgomery County Police,Property Damage ,False,West,1,2,HILL UPHILL,False,False,DRIVER,SAME DIRECTION SIDESWIPE,DRY,DAYLIGHT,NO CONTROLS,NON INTERSECTION,UNKNOWN,CURVE RIGHT,NO DEFECTS,"TWO-WAY, NOT DIVIDED",38.98827083,-77.07541503,4570729910170239,9829260116017662,0,0,0,2023121515,7707842038983818
DD56510048,A164F30AEC6B4954933FC45E1D87C9BB,True,NO APPARENT INJURY,NONE,UNKNOWN,PASSENGER,BACKING,North,DESTROYED,5,False,False,1,7026902072310420,230071927,Rockville Police Departme,Property Damage ,False,UNKNOWN,0,0,UNKNOWN,True,True,DRIVER,SINGLE VEHICLE,UNKNOWN,UNKNOWN,UNKNOWN,UNKNOWN,UNKNOWN,UNKNOWN,UNKNOWN,UNKNOWN,39.09773416,-77.1363986,7781945108562677,7781945108562677,0,0,0,2023121515,7718114539090864
MCP29660070,70EC33C536EE4F27BBAB0D2E33C5C601,True,NO APPARENT INJURY,NONE,NOT DISTRACTED,PASSENGER,MOVING CONSTANT SPEED,South,DISABLING,35,False,False,2,8243785643457611,230071937,Montgomery County Police,Injury ,False,North,1,1,LEVEL,False,False,DRIVER,HEAD ON,UNKNOWN,UNKNOWN,NO CONTROLS,UNKNOWN,UNKNOWN,STRAIGHT,NO DEFECTS,"TWO-WAY, NOT DIVIDED",39.32050167,-77.20024167,6529873378756977,2800615797607229,0,0,0,2023121515,7721721839291851
MCP29660070,05F8AF86A6D84423809FF878253EDFF0,False,POSSIBLE INJURY,NONE,NOT DISTRACTED,PASSENGER,MOVING CONSTANT SPEED,North,DISABLING,35,False,False,2,2296453481278763,230071937,Montgomery County Police,Injury ,False,North,1,1,LEVEL,False,False,DRIVER,HEAD ON,UNKNOWN,UNKNOWN,NO CONTROLS,UNKNOWN,UNKNOWN,STRAIGHT,NO DEFECTS,"TWO-WAY, NOT DIVIDED",39.32050167,-77.20024167,6529873378756977,2800615797607229,0,0,0,2023121515,7721721839291851
MCP27220051,5BA1347AED2C44DF8AFFFF7BADFC9DA2,True,NO APPARENT INJURY,NONE,NOT DISTRACTED,PASSENGER,MAKING RIGHT TURN,South,DISABLING,15,False,False,2,2815627401561042,230071931,Montgomery County Police,Property Damage ,False,West,1,3,GRADE DOWNHILL,False,False,DRIVER,SAME DIRECTION SIDESWIPE,DRY,DAYLIGHT,NO CONTROLS,INTERSECTION,T-INTERSECTION,STRAIGHT,NO DEFECTS,"TWO-WAY, DIVIDED, POSITIVE MEDIAN BARRIER",39.0565889,-77.08317992,9290911226978796,9432898328980746,0,0,0,2023121515,7705486039088590
MCP27220051,5653E1A8083B42ED9726A742EAEC3A3B,False,NO APPARENT INJURY,NONE,NOT DISTRACTED,PASSENGER,MOVING CONSTANT SPEED,West,DISABLING,35,False,False,2,3625279935003758,230071931,Montgomery County Police,Property Damage ,False,West,1,3,GRADE DOWNHILL,False,False,DRIVER,SAME DIRECTION SIDESWIPE,DRY,DAYLIGHT,NO CONTROLS,INTERSECTION,T-INTERSECTION,STRAIGHT,NO DEFECTS,"TWO-WAY, DIVIDED, POSITIVE MEDIAN BARRIER",39.0565889,-77.08317992,9290911226978796,9432898328980746,0,0,0,2023121515,7705486039088590
MCP3256002P,DE06BEFBF1CC4D5BABA7C85F7680138A,False,NO APPARENT INJURY,NONE,NOT DISTRACTED,PASSENGER,PARKED,UNKNOWN,SUPERFICIAL,0,True,False,2,2126610833858974,230071941,Montgomery County Police,Property Damage ,True,UNKNOWN,0,0,UNKNOWN,True,True,DRIVER,HEAD ON,UNKNOWN,DAYLIGHT,NO CONTROLS,UNKNOWN,UNKNOWN,UNKNOWN,UNKNOWN,UNKNOWN,39.05243537,-76.95539311,7781945108562677,7781945108562677,0,0,0,2023121516,7698062539067210
MCP2314002W,19F55E7193C44AF3BB05CBF64BE3CFC5,False,POSSIBLE INJURY,NONE,NOT DISTRACTED,OTHER,MOVING CONSTANT SPEED,South,DISABLING,40,False,False,2,4883975467290841,230071940,Montgomery County Police,Injury ,False,North,0,2,GRADE DOWNHILL,False,False,DRIVER,HEAD ON LEFT TURN,DRY,DAYLIGHT,TRAFFIC SIGNAL,UNKNOWN,FOUR-WAY INTERSECTION,STRAIGHT,NO DEFECTS,"TWO-WAY, NOT DIVIDED",39.08262998,-77.21697726,5386409165832801,8282144325195496,0,0,0,2023121516,7718114539090864
MCP3256002P,9458AC508A404AF8B962421D5CA77772,True,NO APPARENT INJURY,UNKNOWN,LOOKED BUT DID NOT SEE,PASSENGER,ACCELERATING,UNKNOWN,UNKNOWN,0,False,False,2,8243785727345706,230071941,Montgomery County Police,Property Damage ,True,UNKNOWN,0,0,UNKNOWN,True,True,DRIVER,HEAD ON,UNKNOWN,DAYLIGHT,NO CONTROLS,UNKNOWN,UNKNOWN,UNKNOWN,UNKNOWN,UNKNOWN,39.05243537,-76.95539311,7781945108562677,7781945108562677,0,0,0,2023121516,7698062539067210
MCP2314002W,4969C803BCF748429477F4D2C8F1E93D,True,NO APPARENT INJURY,NONE,NOT DISTRACTED,PASSENGER,MAKING LEFT TURN,North,FUNCTIONAL,40,False,False,2,6171912110486182,230071940,Montgomery County Police,Injury ,False,North,0,2,GRADE DOWNHILL,False,False,DRIVER,HEAD ON LEFT TURN,DRY,DAYLIGHT,TRAFFIC SIGNAL,UNKNOWN,FOUR-WAY INTERSECTION,STRAIGHT,NO DEFECTS,"TWO-WAY, NOT DIVIDED",39.08262998,-77.21697726,5386409165832801,8282144325195496,0,0,0,2023121516,7718114539090864
MCP2608005G,DF8EBDCE4DDA4D33B23B63355D5925EC,True,NO APPARENT INJURY,NONE,NOT DISTRACTED,PASSENGER,CHANGING LANES,North,FUNCTIONAL,25,False,False,2,8224256020419033,230071933,Montgomery County Police,Property Damage ,False,North,2,2,LEVEL,False,False,DRIVER,SAME DIRECTION SIDESWIPE,DRY,DAYLIGHT,TRAFFIC SIGNAL,INTERSECTION,FOUR-WAY INTERSECTION,STRAIGHT,NO DEFECTS,"TWO-WAY, NOT DIVIDED",38.99805711,-77.00350675,3492999203417397,7883959838840872,0,0,0,2023121516,7700204038982546
MCP2608005G,A81992B7D62C47BE86BC81AC033ED353,False,NO APPARENT INJURY,NONE,NOT DISTRACTED,PASSENGER,MOVING CONSTANT SPEED,North,FUNCTIONAL,25,False,False,2,6691677547236723,230071933,Montgomery County Police,Property Damage ,False,North,2,2,LEVEL,False,False,DRIVER,SAME DIRECTION SIDESWIPE,DRY,DAYLIGHT,TRAFFIC SIGNAL,INTERSECTION,FOUR-WAY INTERSECTION,STRAIGHT,NO DEFECTS,"TWO-WAY, NOT DIVIDED",38.99805711,-77.00350675,3492999203417397,7883959838840872,0,0,0,2023121516,7700204038982546
MCP27520061,9510AAB7EBB64E79BA7A8384C1C0720A,False,NO APPARENT INJURY,NONE,NOT DISTRACTED,PASSENGER,SLOWING OR STOPPING,West,NO DAMAGE,30,False,False,2,5552969803531775,230071949,Montgomery County Police,Property Damage ,False,West,1,1,LEVEL,False,False,DRIVER,SAME DIR REAR END,DRY,DAYLIGHT,NO CONTROLS,UNKNOWN,UNKNOWN,STRAIGHT,NO DEFECTS,"TWO-WAY, DIVIDED, UNPROTECTED PAINTED MIN 4 FEET",38.97408079,-77.14531362,2258501311527651,2694069219922073,0,0,0,2023121516,7715220038996189
MCP27520061,7C41FDB996C846739D7BB4ACD04B5538,True,NO APPARENT INJURY,NONE,LOOKED BUT DID NOT SEE,BUS,STARTING FROM LANE,West,SUPERFICIAL,30,False,False,2,764781073579675,230071949,Montgomery County Police,Property Damage ,False,West,1,1,LEVEL,False,False,DRIVER,SAME DIR REAR END,DRY,DAYLIGHT,NO CONTROLS,UNKNOWN,UNKNOWN,STRAIGHT,NO DEFECTS,"TWO-WAY, DIVIDED, UNPROTECTED PAINTED MIN 4 FEET",38.97408079,-77.14531362,2258501311527651,2694069219922073,0,0,0,2023121516,7715220038996189
MCP2871009D,54BED16AD77E4737B115BCF7554CB5DE,True,NO APPARENT INJURY,NONE,LOOKED BUT DID NOT SEE,PASSENGER,MOVING CONSTANT SPEED,North,SUPERFICIAL,35,False,False,2,8914648682558973,230071952,Montgomery County Police,Property Damage ,False,North,2,2,LEVEL,False,False,DRIVER,SAME DIR REAR END,DRY,DUSK,NO CONTROLS,UNKNOWN,UNKNOWN,STRAIGHT,NO DEFECTS,"TWO-WAY, DIVIDED, POSITIVE MEDIAN BARRIER",39.03929167,-77.12242167,4494898042244063,602815170577580,0,0,0,2023121516,7712482939051552
MCP2871009D,87CBBC29EAB141F28826B84AD18D71CA,False,NO APPARENT INJURY,NONE,NOT DISTRACTED,PASSENGER,STOPPED IN TRAFFIC LANE,North,SUPERFICIAL,35,False,False,2,8224256020419033,230071952,Montgomery County Police,Property Damage ,False,North,2,2,LEVEL,False,False,DRIVER,SAME DIR REAR END,DRY,DUSK,NO CONTROLS,UNKNOWN,UNKNOWN,STRAIGHT,NO DEFECTS,"TWO-WAY, DIVIDED, POSITIVE MEDIAN BARRIER",39.03929167,-77.12242167,4494898042244063,602815170577580,0,0,0,2023121516,7712482939051552
MCP289200FQ,C66B241D60314CF1B9FEF32CEC656652,True,NO APPARENT INJURY,ALCOHOL,OTHER DISTRACTION,PASSENGER,STARTING FROM LANE,UNKNOWN,SUPERFICIAL,15,False,False,3,4595510051903263,230071957,Montgomery County Police,Injury ,True,UNKNOWN,0,0,UNKNOWN,True,True,DRIVER,HEAD ON,UNKNOWN,DARK LIGHTS ON,NO CONTROLS,UNKNOWN,UNKNOWN,UNKNOWN,UNKNOWN,UNKNOWN,38.99686779,-77.02382004,7781945108562677,7781945108562677,1,1,0,2023121517,7703596439001907
MCP289200FQ,92330B5C760E496483D52788E58AB9EF,False,NO APPARENT INJURY,NONE,NOT DISTRACTED,PASSENGER,STOPPED IN TRAFFIC LANE,UNKNOWN,SUPERFICIAL,15,False,False,3,5029281360680062,230071957,Montgomery County Police,Injury ,True,UNKNOWN,0,0,UNKNOWN,True,True,DRIVER,HEAD ON,UNKNOWN,DARK LIGHTS ON,NO CONTROLS,UNKNOWN,UNKNOWN,UNKNOWN,UNKNOWN,UNKNOWN,38.99686779,-77.02382004,7781945108562677,7781945108562677,1,1,0,2023121517,7703596439001907
MCP289200FP,979448A24A444EE982D05D34F398493A,True,POSSIBLE INJURY,ALCOHOL,OTHER DISTRACTION,PASSENGER,MOVING CONSTANT SPEED,North,DISABLING,25,False,False,1,4595510051903263,230071960,Montgomery County Police,Injury ,False,South,1,1,LEVEL,False,False,DRIVER,HEAD ON,DRY,DARK LIGHTS ON,NO CONTROLS,UNKNOWN,UNKNOWN,STRAIGHT,NO DEFECTS,ONE-WAY TRAFFICWAY,38.99806285,-77.02302854,317676658113114,2529254307338988,0,0,0,2023121517,7703596439001907
MCP289200FQ,C28A06A20F234EBDAC31704A5957D14B,False,NO APPARENT INJURY,NONE,NOT DISTRACTED,PASSENGER,STOPPED IN TRAFFIC LANE,UNKNOWN,SUPERFICIAL,15,False,False,3,9844403043962882,230071957,Montgomery County Police,Injury ,True,UNKNOWN,0,0,UNKNOWN,True,True,DRIVER,HEAD ON,UNKNOWN,DARK LIGHTS ON,NO CONTROLS,UNKNOWN,UNKNOWN,UNKNOWN,UNKNOWN,UNKNOWN,38.99686779,-77.02382004,7781945108562677,7781945108562677,1,1,0,2023121517,7703596439001907
MCP30800046,87E6207622234539B64300C5B05E6E52,False,NO APPARENT INJURY,NONE,UNKNOWN,PASSENGER,SLOWING OR STOPPING,North,SUPERFICIAL,35,False,False,1,3291189881588579,230071955,Montgomery County Police,Injury ,False,North,1,1,LEVEL,False,False,UNKNOWN,OTHER,DRY,DARK LIGHTS ON,UNKNOWN,INTERSECTION,T-INTERSECTION,STRAIGHT,NO DEFECTS,"TWO-WAY, NOT DIVIDED",39.17235282,-77.26425105,756079554807696,2901022015657694,1,1,0,2023121517,7729807639132189
MCP29660071,1D2339C913854412A0542FADB9EE6215,False,NO APPARENT INJURY,NONE,NOT DISTRACTED,PASSENGER,SLOWING OR STOPPING,West,FUNCTIONAL,45,False,False,3,7589880077585882,230071958,Montgomery County Police,Property Damage ,False,West,3,3,LEVEL,False,False,DRIVER,SAME DIR REAR END,UNKNOWN,UNKNOWN,NO CONTROLS,UNKNOWN,UNKNOWN,STRAIGHT,UNKNOWN,"TWO-WAY, DIVIDED, POSITIVE MEDIAN BARRIER",39.18941833,-77.250765,3202275317843380,4291342577990531,0,0,0,2023121517,7723271939208770
MCP29660071,E6088169107E4D919CE5E97D6FD74091,True,NO APPARENT INJURY,NONE,NOT DISTRACTED,PASSENGER,MOVING CONSTANT SPEED,West,DISABLING,45,False,False,3,1032942965443017,230071958,Montgomery County Police,Property Damage ,False,West,3,3,LEVEL,False,False,DRIVER,SAME DIR REAR END,UNKNOWN,UNKNOWN,NO CONTROLS,UNKNOWN,UNKNOWN,STRAIGHT,UNKNOWN,"TWO-WAY, DIVIDED, POSITIVE MEDIAN BARRIER",39.18941833,-77.250765,3202275317843380,4291342577990531,0,0,0,2023121517,7723271939208770