ReportNumber,VehicleCrashKey,DriverAtFault,DriverInjurySeverity,DriverSubstanceAbuse,DriverDistractedBy,VehicleType,VehicleMovement,VehicleGoingDir,VehicleDamageExtent,SpeedLimit,ParkedVehicle,SubstanceAbuseContributed,VehiclesCrashedTotal,VehicleKey,LocalCaseNumber,AgencyName,ACRSReportType,HitRun,LaneDirection,LaneNumber,NumberOfLanes,RoadGrade,NonTraffic,OffRoadIncident,AccidentAtFault,CollisionType,SurfaceCondition,Light,TrafficControl,Junction,IntersectionType,RoadAlignment,RoadCondition,RoadDivision,Latitude,Longitude,RoadKey,CrossStreetKey,NonMotoristTotal,NonMotoristInjury,NonMotoristFatal,DateHourKey,LocationAreaKey
MCP29660071,CA8D455755684FEEB925CCC3C2E83E1D,False,NO APPARENT INJURY,NONE,NOT DISTRACTED,PASSENGER,SLOWING OR STOPPING,West,FUNCTIONAL,45,False,False,3,7379790505713931,230071958,Montgomery County Police,Property Damage ,False,West,3,3,LEVEL,False,False,DRIVER,SAME DIR REAR END,UNKNOWN,UNKNOWN,NO CONTROLS,UNKNOWN,UNKNOWN,STRAIGHT,UNKNOWN,"TWO-WAY, DIVIDED, POSITIVE MEDIAN BARRIER",39.18941833,-77.250765,3202275317843380,4291342577990531,0,0,0,2023121517,7723271939208770
MCP3347001L,38BA3CBDFC5644AC88EA780B71BE8D23,True,NO APPARENT INJURY,UNKNOWN,UNKNOWN,UNKNOWN,MAKING LEFT TURN,South,UNKNOWN,35,False,False,2,8168321465439775,230071966,Montgomery County Police,Property Damage ,True,North,1,2,LEVEL,False,False,DRIVER,HEAD ON LEFT TURN,DRY,DARK LIGHTS ON,TRAFFIC SIGNAL,INTERSECTION,FOUR-WAY INTERSECTION,STRAIGHT,NO DEFECTS,"TWO-WAY, DIVIDED, POSITIVE MEDIAN BARRIER",39.010088,-77.11483296,4494898042244063,6717126023639175,0,0,0,2023121518,7710519939016894
MCP3347001L,27659BFC6E1F439197FABDE46D5C7753,False,NO APPARENT INJURY,NONE,NOT DISTRACTED,BUS,ACCELERATING,North,SUPERFICIAL,35,False,False,2,6259949909495943,230071966,Montgomery County Police,Property Damage ,True,North,1,2,LEVEL,False,False,DRIVER,HEAD ON LEFT TURN,DRY,DARK LIGHTS ON,TRAFFIC SIGNAL,INTERSECTION,FOUR-WAY INTERSECTION,STRAIGHT,NO DEFECTS,"TWO-WAY, DIVIDED, POSITIVE MEDIAN BARRIER",39.010088,-77.11483296,4494898042244063,6717126023639175,0,0,0,2023121518,7710519939016894
MCP3243001S,50219F72403445B599DC5702E1B65A9B,True,NO APPARENT INJURY,NONE,NOT DISTRACTED,PASSENGER,MAKING LEFT TURN,South,DISABLING,35,False,False,2,9710989253300464,230071968,Montgomery County Police,Property Damage ,False,East,0,1,LEVEL,False,False,DRIVER,STRAIGHT MOVEMENT ANGLE,DRY,DARK LIGHTS ON,TRAFFIC SIGNAL,INTERSECTION,FOUR-WAY INTERSECTION,STRAIGHT,NO DEFECTS,"TWO-WAY, NOT DIVIDED",39.003266,-77.134907,8659486064429145,2341166317758158,0,0,0,2023121518,7715220038996189
MCP3243001S,338372B8427C4516BF73F1FBA845A9F5,True,NO APPARENT INJURY,NONE,NOT DISTRACTED,PASSENGER,MOVING CONSTANT SPEED,East,FUNCTIONAL,35,False,False,2,9465862306061401,230071968,Montgomery County Police,Property Damage ,False,East,0,1,LEVEL,False,False,DRIVER,STRAIGHT MOVEMENT ANGLE,DRY,DARK LIGHTS ON,TRAFFIC SIGNAL,INTERSECTION,FOUR-WAY INTERSECTION,STRAIGHT,NO DEFECTS,"TWO-WAY, NOT DIVIDED",39.003266,-77.134907,8659486064429145,2341166317758158,0,0,0,2023121518,7715220038996189
MCP28750080,E37950EEBD1146618BF60B31D4DD7FE8,True,NO APPARENT INJURY,UNKNOWN,UNKNOWN,PASSENGER,ACCELERATING,South,DISABLING,35,False,False,2,6326503024871312,230071973,Montgomery County Police,Injury ,True,East,1,1,LEVEL,False,False,DRIVER,STRAIGHT MOVEMENT ANGLE,DRY,DARK LIGHTS ON,STOP SIGN,INTERSECTION,FOUR-WAY INTERSECTION,STRAIGHT,NO DEFECTS,"TWO-WAY, NOT DIVIDED",39.18158659,-77.23175512,4357136094388064,7597896655482071,0,0,0,2023121518,7723271939208770
MCP28750080,01975F33F621464EAF4008FD299F5F29,False,SUSPECTED MINOR INJURY,NONE,NOT DISTRACTED,PASSENGER,MOVING CONSTANT SPEED,East,DESTROYED,35,False,False,2,9201232296564491,230071973,Montgomery County Police,Injury ,True,East,1,1,LEVEL,False,False,DRIVER,STRAIGHT MOVEMENT ANGLE,DRY,DARK LIGHTS ON,STOP SIGN,INTERSECTION,FOUR-WAY INTERSECTION,STRAIGHT,NO DEFECTS,"TWO-WAY, NOT DIVIDED",39.18158659,-77.23175512,4357136094388064,7597896655482071,0,0,0,2023121518,7723271939208770
MCP2552006W,6B3D8B7C0E514BA0B52A0E1A044F255A,True,NO APPARENT INJURY,ALCOHOL,UNKNOWN,PASSENGER,MOVING CONSTANT SPEED,South,DISABLING,35,False,False,2,4058961255486042,230071972,Montgomery County Police,Property Damage ,False,South,2,3,LEVEL,False,False,DRIVER,SAME DIR REAR END,DRY,DARK LIGHTS ON,UNKNOWN,UNKNOWN,UNKNOWN,STRAIGHT,NO DEFECTS,"TWO-WAY, DIVIDED, POSITIVE MEDIAN BARRIER",39.10839,-77.15977333,4972572914805173,3262464624971607,0,0,0,2023121519,7713230839137712
MCP2552006W,64DD508A54D44C2AAAAD2899F98D1809,False,NO APPARENT INJURY,UNKNOWN,NOT DISTRACTED,PASSENGER,STOPPED IN TRAFFIC LANE,South,FUNCTIONAL,35,False,False,2,4790424143667838,230071972,Montgomery County Police,Property Damage ,False,South,2,3,LEVEL,False,False,DRIVER,SAME DIR REAR END,DRY,DARK LIGHTS ON,UNKNOWN,UNKNOWN,UNKNOWN,STRAIGHT,NO DEFECTS,"TWO-WAY, DIVIDED, POSITIVE MEDIAN BARRIER",39.10839,-77.15977333,4972572914805173,3262464624971607,0,0,0,2023121519,7713230839137712
MCP3292001Z,BDB6E2B7BCF5427DBC4C0528206BC192,True,POSSIBLE INJURY,NONE,NOT DISTRACTED,PASSENGER,SLOWING OR STOPPING,North,DISABLING,35,False,False,1,2446108759661290,230071996,Montgomery County Police,Injury ,False,North,1,2,LEVEL,False,False,DRIVER,SINGLE VEHICLE,UNKNOWN,DARK LIGHTS ON,TRAFFIC SIGNAL,INTERSECTION,FOUR-WAY INTERSECTION,STRAIGHT,NO DEFECTS,"TWO-WAY, DIVIDED, POSITIVE MEDIAN BARRIER",39.05570211,-77.14933297,9223427877673206,7053241971029489,0,0,0,2023121521,7712482939051552
DM8515000B,617650BBD5C14188ACD51E308BB3CD82,False,NO APPARENT INJURY,UNKNOWN,NOT DISTRACTED,PASSENGER,MOVING CONSTANT SPEED,North,DISABLING,35,False,False,2,8961272653185289,230072003,Takoma Park Police Depart,Property Damage ,False,North,1,3,UNKNOWN,False,False,DRIVER,STRAIGHT MOVEMENT ANGLE,DRY,DARK LIGHTS ON,TRAFFIC SIGNAL,INTERSECTION,FOUR-WAY INTERSECTION,STRAIGHT,NO DEFECTS,"TWO-WAY, NOT DIVIDED",38.98152096,-76.98885099,3121955807577558,6648215738225491,0,0,0,2023121522,7700204038982546
DM8515000B,09B67304AEB94A45A59605DE6D3AF7F2,True,NO APPARENT INJURY,UNKNOWN,UNKNOWN,PASSENGER,MOVING CONSTANT SPEED,East,DISABLING,35,False,False,2,9530107283453070,230072003,Takoma Park Police Depart,Property Damage ,False,North,1,3,UNKNOWN,False,False,DRIVER,STRAIGHT MOVEMENT ANGLE,DRY,DARK LIGHTS ON,TRAFFIC SIGNAL,INTERSECTION,FOUR-WAY INTERSECTION,STRAIGHT,NO DEFECTS,"TWO-WAY, NOT DIVIDED",38.98152096,-76.98885099,3121955807577558,6648215738225491,0,0,0,2023121522,7700204038982546
MCP33510020,603A57F3E87841199A9078DC88275D7B,True,NO APPARENT INJURY,ALCOHOL,UNKNOWN,PASSENGER,UNKNOWN,South,DISABLING,50,False,False,2,5029281411012919,230072013,Montgomery County Police,Property Damage ,True,South,2,3,LEVEL,False,False,DRIVER,SAME DIR REAR END,DRY,DARK LIGHTS ON,TRAFFIC SIGNAL,INTERSECTION RELATED,FOUR-WAY INTERSECTION,STRAIGHT,NO DEFECTS,"TWO-WAY, DIVIDED, POSITIVE MEDIAN BARRIER",39.0579425,-76.96841721,2620072274155517,7440230099901702,0,0,0,2023121600,7698062539067210
MCP33510020,BC6211BED2D4473BB2018D95944876B4,False,NO APPARENT INJURY,NONE,NOT DISTRACTED,PASSENGER,STOPPED IN TRAFFIC LANE,South,SUPERFICIAL,50,False,False,2,6290172177814299,230072013,Montgomery County Police,Property Damage ,True,South,2,3,LEVEL,False,False,DRIVER,SAME DIR REAR END,DRY,DARK LIGHTS ON,TRAFFIC SIGNAL,INTERSECTION RELATED,FOUR-WAY INTERSECTION,STRAIGHT,NO DEFECTS,"TWO-WAY, DIVIDED, POSITIVE MEDIAN BARRIER",39.0579425,-76.96841721,2620072274155517,7440230099901702,0,0,0,2023121600,7698062539067210
MCP32760033,DC014BBF7E064F6EB5E68B0842BB6A56,True,NO APPARENT INJURY,UNKNOWN,UNKNOWN,PASSENGER,UNKNOWN,East,FUNCTIONAL,5,False,False,1,819104261510793,230072015,Montgomery County Police,Property Damage ,True,UNKNOWN,0,0,UNKNOWN,True,True,DRIVER,SINGLE VEHICLE,UNKNOWN,DARK LIGHTS ON,NO CONTROLS,UNKNOWN,UNKNOWN,UNKNOWN,UNKNOWN,UNKNOWN,38.99162048,-77.02681504,7781945108562677,7781945108562677,0,0,0,2023121601,7703596439001907
MCP3144002H,DD8228544489432A880941A768CCCFF2,False,NO APPARENT INJURY,NONE,NOT DISTRACTED,PASSENGER,PARKED,UNKNOWN,DISABLING,25,True,False,2,9192599811153742,230072016,Montgomery County Police,Property Damage ,False,North,0,1,LEVEL,False,False,DRIVER,HEAD ON,DRY,DARK LIGHTS ON,STOP SIGN,INTERSECTION RELATED,FOUR-WAY INTERSECTION,STRAIGHT,NO DEFECTS,"TWO-WAY, DIVIDED, UNPROTECTED PAINTED MIN 4 FEET",38.98942982,-77.09812666,9011314214305799,1753436384863877,0,0,0,2023121601,7710072538987731
MCP3144002H,FFC71607AC8A4EAE998BB7C6F72E75A7,True,NO APPARENT INJURY,ALCOHOL,NOT DISTRACTED,PASSENGER,MOVING CONSTANT SPEED,North,DISABLING,25,False,True,2,9523097921803649,230072016,Montgomery County Police,Property Damage ,False,North,0,1,LEVEL,False,False,DRIVER,HEAD ON,DRY,DARK LIGHTS ON,STOP SIGN,INTERSECTION RELATED,FOUR-WAY INTERSECTION,STRAIGHT,NO DEFECTS,"TWO-WAY, DIVIDED, UNPROTECTED PAINTED MIN 4 FEET",38.98942982,-77.09812666,9011314214305799,1753436384863877,0,0,0,2023121601,7710072538987731
MCP2347004L,F442EEC92B004C61ADD1A017CEECC019,False,NO APPARENT INJURY,NONE,NOT DISTRACTED,PASSENGER,MOVING CONSTANT SPEED,North,DISABLING,55,False,False,2,461252256902545,230072022,Montgomery County Police,Injury ,False,North,3,3,LEVEL,False,False,DRIVER,HEAD ON LEFT TURN,DRY,DAWN,TRAFFIC SIGNAL,INTERSECTION,FOUR-WAY INTERSECTION,STRAIGHT,NO DEFECTS,"TWO-WAY, DIVIDED, POSITIVE MEDIAN BARRIER",39.10410467,-76.93306567,2620072274155517,5009223039224662,0,0,0,2023121607,7693347839109025
MCP2347004L,CBA59122D20C4237AD7262088CCCF848,True,SUSPECTED MINOR INJURY,NONE,NOT DISTRACTED,PASSENGER,MAKING LEFT TURN,South,DISABLING,55,False,False,2,8525273538772488,230072022,Montgomery County Police,Injury ,False,North,3,3,LEVEL,False,False,DRIVER,HEAD ON LEFT TURN,DRY,DAWN,TRAFFIC SIGNAL,INTERSECTION,FOUR-WAY INTERSECTION,STRAIGHT,NO DEFECTS,"TWO-WAY, DIVIDED, POSITIVE MEDIAN BARRIER",39.10410467,-76.93306567,2620072274155517,5009223039224662,0,0,0,2023121607,7693347839109025
MCP9301004W,626C3A7D92D24A9792837D343C7F358A,True,NO APPARENT INJURY,UNKNOWN,NOT DISTRACTED,PASSENGER,MOVING CONSTANT SPEED,West,DISABLING,45,False,False,2,5222066510397174,230072027,Montgomery County Police,Property Damage ,False,West,3,3,LEVEL,False,False,DRIVER,SAME DIR REAR END,DRY,DAYLIGHT,TRAFFIC SIGNAL,INTERSECTION,T-INTERSECTION,STRAIGHT,NO DEFECTS,"TWO-WAY, DIVIDED, POSITIVE MEDIAN BARRIER",39.11620533,-77.20846688,729448775661521,6732162884247709,0,0,0,2023121608,7724972439113159
MCP9301004W,617BA434A2114886809D00F9D073CF32,False,NO APPARENT INJURY,UNKNOWN,NOT DISTRACTED,PASSENGER,STARTING FROM LANE,West,DISABLING,45,False,False,2,2815627418338661,230072027,Montgomery County Police,Property Damage ,False,West,3,3,LEVEL,False,False,DRIVER,SAME DIR REAR END,DRY,DAYLIGHT,TRAFFIC SIGNAL,INTERSECTION,T-INTERSECTION,STRAIGHT,NO DEFECTS,"TWO-WAY, DIVIDED, POSITIVE MEDIAN BARRIER",39.11620533,-77.20846688,729448775661521,6732162884247709,0,0,0,2023121608,7724972439113159
EJ7895004Y,A7AD306113FB4465A1E9DBBEBA00D833,False,NO APPARENT INJURY,NONE,NOT DISTRACTED,PASSENGER,MOVING CONSTANT SPEED,West,DISABLING,35,False,False,2,169882151489943,230072028,Gaithersburg Police Depar,Property Damage ,False,West,1,3,LEVEL,False,False,DRIVER,STRAIGHT MOVEMENT ANGLE,DRY,DAYLIGHT,NO CONTROLS,COMMERCIAL DRIVEWAY,T-INTERSECTION,STRAIGHT,NO DEFECTS,"TWO-WAY, DIVIDED, POSITIVE MEDIAN BARRIER",39.15470837,-77.20901088,6138553008285590,5282047677761920,0,0,0,2023121609,7722140839165105
EJ7895004Y,0E0CCD58CB9046D6BE16241C7BE6E935,True,NO APPARENT INJURY,NONE,LOOKED BUT DID NOT SEE,PASSENGER,ACCELERATING,South,FUNCTIONAL,35,False,False,2,7004010037203408,230072028,Gaithersburg Police Depar,Property Damage ,False,West,1,3,LEVEL,False,False,DRIVER,STRAIGHT MOVEMENT ANGLE,DRY,DAYLIGHT,NO CONTROLS,COMMERCIAL DRIVEWAY,T-INTERSECTION,STRAIGHT,NO DEFECTS,"TWO-WAY, DIVIDED, POSITIVE MEDIAN BARRIER",39.15470837,-77.20901088,6138553008285590,5282047677761920,0,0,0,2023121609,7722140839165105
MCP28140045,BCB79C60A145478A9A89C55A56610AAA,False,NO APPARENT INJURY,NONE,NOT DISTRACTED,PASSENGER,STOPPED IN TRAFFIC LANE,East,FUNCTIONAL,35,False,False,2,7004010104313884,230072030,Montgomery County Police,Property Damage ,False,East,1,2,LEVEL,False,False,DRIVER,SAME DIR REAR END,UNKNOWN,DAYLIGHT,TRAFFIC SIGNAL,INTERSECTION,FOUR-WAY INTERSECTION,STRAIGHT,NO DEFECTS,"TWO-WAY, NOT DIVIDED",39.14171191,-77.21760888,6421645165822542,5898066980602554,0,0,0,2023121609,7724972439113159
MCP28140045,257495E3ECC7400D8A61B5F6A0E89E7A,True,NO APPARENT INJURY,NONE,OTHER DISTRACTION,PASSENGER,MOVING CONSTANT SPEED,East,DISABLING,35,False,False,2,6308184759295812,230072030,Montgomery County Police,Property Damage ,False,East,1,2,LEVEL,False,False,DRIVER,SAME DIR REAR END,UNKNOWN,DAYLIGHT,TRAFFIC SIGNAL,INTERSECTION,FOUR-WAY INTERSECTION,STRAIGHT,NO DEFECTS,"TWO-WAY, NOT DIVIDED",39.14171191,-77.21760888,6421645165822542,5898066980602554,0,0,0,2023121609,7724972439113159
MCP34040008,5B8904E51BB6471DAE1A3013A01599CF,True,NO APPARENT INJURY,UNKNOWN,UNKNOWN,PASSENGER,CHANGING LANES,North,FUNCTIONAL,35,False,False,2,7004010137869122,230072041,Montgomery County Police,Property Damage ,True,North,3,3,LEVEL,False,False,DRIVER,SAME DIRECTION RIGHT TURN,DRY,DAYLIGHT,NO CONTROLS,NON INTERSECTION,UNKNOWN,STRAIGHT,UNKNOWN,"TWO-WAY, DIVIDED, POSITIVE MEDIAN BARRIER",39.1041937,-76.93303341,2620072274155517,5009223039224662,0,0,0,2023121610,7693347839109025
MCP34040008,100F8A3A3000462F99DD5BF6A7C33CEC,False,NO APPARENT INJURY,NONE,NOT DISTRACTED,PASSENGER,MOVING CONSTANT SPEED,North,FUNCTIONAL,35,False,False,2,9530107300230689,230072041,Montgomery County Police,Property Damage ,True,North,3,3,LEVEL,False,False,DRIVER,SAME DIRECTION RIGHT TURN,DRY,DAYLIGHT,NO CONTROLS,NON INTERSECTION,UNKNOWN,STRAIGHT,UNKNOWN,"TWO-WAY, DIVIDED, POSITIVE MEDIAN BARRIER",39.1041937,-76.93303341,2620072274155517,5009223039224662,0,0,0,2023121610,7693347839109025
MCP3254003K,6D16232C4E1E49A6B3A27FDEF7E506F2,False,NO APPARENT INJURY,NONE,NOT DISTRACTED,PASSENGER,MOVING CONSTANT SPEED,West,FUNCTIONAL,35,False,False,1,8224255986863795,230072050,Montgomery County Police,Injury ,False,West,0,2,LEVEL,False,False,NONMOTORIST,STRAIGHT MOVEMENT ANGLE,DRY,DAYLIGHT,TRAFFIC SIGNAL,INTERSECTION,FOUR-WAY INTERSECTION,STRAIGHT,NO DEFECTS,"TWO-WAY, DIVIDED, POSITIVE MEDIAN BARRIER",39.17877577,-77.26718974,3202275317843380,4357136094388064,1,1,0,2023121612,7729807639132189
MCP9301004X,5B7F0A25082A486CAE7448164B82E469,False,NO APPARENT INJURY,UNKNOWN,NOT DISTRACTED,PASSENGER,SLOWING OR STOPPING,East,FUNCTIONAL,30,False,False,4,4595510051903263,230072051,Montgomery County Police,Property Damage ,False,East,3,3,LEVEL,False,False,DRIVER,SAME DIR REAR END,DRY,DAYLIGHT,TRAFFIC SIGNAL,INTERSECTION,T-INTERSECTION,STRAIGHT,NO DEFECTS,"TWO-WAY, DIVIDED, POSITIVE MEDIAN BARRIER",39.15689872,-77.20595633,6138553008285590,9776776751541306,0,0,0,2023121613,7719610239179289
MCP9301004X,46D7985ED70C492FAE148AB825D574AB,False,NO APPARENT INJURY,UNKNOWN,NOT DISTRACTED,PASSENGER,SLOWING OR STOPPING,East,FUNCTIONAL,30,False,False,4,5592964621952693,230072051,Montgomery County Police,Property Damage ,False,East,3,3,LEVEL,False,False,DRIVER,SAME DIR REAR END,DRY,DAYLIGHT,TRAFFIC SIGNAL,INTERSECTION,T-INTERSECTION,STRAIGHT,NO DEFECTS,"TWO-WAY, DIVIDED, POSITIVE MEDIAN BARRIER",39.15689872,-77.20595633,6138553008285590,9776776751541306,0,0,0,2023121613,7719610239179289
MCP9301004X,1771E0C0D9B442CEA953106A3D335093,True,NO APPARENT INJURY,UNKNOWN,NOT DISTRACTED,PASSENGER,SLOWING OR STOPPING,East,DISABLING,30,False,False,4,5552969971307965,230072051,Montgomery County Police,Property Damage ,False,East,3,3,LEVEL,False,False,DRIVER,SAME DIR REAR END,DRY,DAYLIGHT,TRAFFIC SIGNAL,INTERSECTION,T-INTERSECTION,STRAIGHT,NO DEFECTS,"TWO-WAY, DIVIDED, POSITIVE MEDIAN BARRIER",39.15689872,-77.20595633,6138553008285590,9776776751541306,0,0,0,2023121613,7719610239179289
MCP9301004X,E455D3A706D743C2BB746DA228267D51,True,NO APPARENT INJURY,UNKNOWN,NOT DISTRACTED,PASSENGER,SLOWING OR STOPPING,East,DISABLING,30,False,False,4,771639449035383,230072051,Montgomery County Police,Property Damage ,False,East,3,3,LEVEL,False,False,DRIVER,SAME DIR REAR END,DRY,DAYLIGHT,TRAFFIC SIGNAL,INTERSECTION,T-INTERSECTION,STRAIGHT,NO DEFECTS,"TWO-WAY, DIVIDED, POSITIVE MEDIAN BARRIER",39.15689872,-77.20595633,6138553008285590,9776776751541306,0,0,0,2023121613,7719610239179289
MCP29650080,EFEC5F424E0246238AB7FCD7D6B7D0EA,False,NO APPARENT INJURY,NONE,NOT DISTRACTED,PASSENGER,STOPPED IN TRAFFIC LANE,North,FUNCTIONAL,35,False,False,2,5867016733959907,230072069,Montgomery County Police,Property Damage ,True,North,2,3,LEVEL,False,False,DRIVER,SAME DIR REAR END,DRY,DAYLIGHT,TRAFFIC SIGNAL,INTERSECTION,FOUR-WAY INTERSECTION,STRAIGHT,NO DEFECTS,"TWO-WAY, DIVIDED, POSITIVE MEDIAN BARRIER",39.103765,-77.07648281,8554262040045692,7364943818750980,0,0,0,2023121613,7705486039088590
MCP29650080,9C49490B901B419EB1CA52D8CD8147C5,True,NO APPARENT INJURY,UNKNOWN,UNKNOWN,PASSENGER,SLOWING OR STOPPING,North,FUNCTIONAL,35,False,False,2,8172605001568634,230072069,Montgomery County Police,Property Damage ,True,North,2,3,LEVEL,False,False,DRIVER,SAME DIR REAR END,DRY,DAYLIGHT,TRAFFIC SIGNAL,INTERSECTION,FOUR-WAY INTERSECTION,STRAIGHT,NO DEFECTS,"TWO-WAY, DIVIDED, POSITIVE MEDIAN BARRIER",39.103765,-77.07648281,8554262040045692,7364943818750980,0,0,0,2023121613,7705486039088590
MCP2940006W,6524724D909B47AFBFDFACEB4C966B37,True,SUSPECTED MINOR INJURY,NONE,LOOKED BUT DID NOT SEE,PASSENGER,STARTING FROM PARKED,East,DISABLING,35,False,False,2,1314430843980275,230072059,Montgomery County Police,Injury ,False,East,1,2,LEVEL,False,False,DRIVER,OTHER,DRY,DAYLIGHT,UNKNOWN,UNKNOWN,UNKNOWN,CURVE RIGHT,NO DEFECTS,"TWO-WAY, DIVIDED, UNPROTECTED PAINTED MIN 4 FEET",39.026697,-77.151229,1296267517137739,6898064682616040,0,0,0,2023121613,7715220038996189
MCP2940006W,369CB446E6F645B090D9852B1E8F90CB,False,NO APPARENT INJURY,NONE,NOT DISTRACTED,PASSENGER,MOVING CONSTANT SPEED,East,DISABLING,35,False,False,2,2556346046221429,230072059,Montgomery County Police,Injury ,False,East,1,2,LEVEL,False,False,DRIVER,OTHER,DRY,DAYLIGHT,UNKNOWN,UNKNOWN,UNKNOWN,CURVE RIGHT,NO DEFECTS,"TWO-WAY, DIVIDED, UNPROTECTED PAINTED MIN 4 FEET",39.026697,-77.151229,1296267517137739,6898064682616040,0,0,0,2023121613,7715220038996189
MCP27830055,9617343611B5416CBC991513CD0A0757,True,NO APPARENT INJURY,NONE,UNKNOWN,TRUCK,MOVING CONSTANT SPEED,East,FUNCTIONAL,35,False,False,2,6312893571399229,230072068,Montgomery County Police,Property Damage ,False,East,1,1,LEVEL,False,False,DRIVER,SAME DIR REAR END,DRY,DAYLIGHT,NO CONTROLS,NON INTERSECTION,UNKNOWN,STRAIGHT,NO DEFECTS,"TWO-WAY, NOT DIVIDED",39.12092433,-77.01462783,5351901845213740,4141248567534591,0,0,0,2023121615,7699078639113935
MCP27830055,6BC3EDACC0AC46BAB1271854ED7C09FD,False,NO APPARENT INJURY,NONE,UNKNOWN,PASSENGER,SLOWING OR STOPPING,East,FUNCTIONAL,35,False,False,2,7004010037203408,230072068,Montgomery County Police,Property Damage ,False,East,1,1,LEVEL,False,False,DRIVER,SAME DIR REAR END,DRY,DAYLIGHT,NO CONTROLS,NON INTERSECTION,UNKNOWN,STRAIGHT,NO DEFECTS,"TWO-WAY, NOT DIVIDED",39.12092433,-77.01462783,5351901845213740,4141248567534591,0,0,0,2023121615,7699078639113935
MCP3279002Y,32FF82B372A74B45BF4DAA59736B8F43,True,NO APPARENT INJURY,UNKNOWN,UNKNOWN,PASSENGER,CHANGING LANES,West,SUPERFICIAL,30,False,False,2,3777470977749267,230072070,Montgomery County Police,Injury ,False,North,3,5,LEVEL,False,False,DRIVER,SAME DIR REAR END,DRY,UNKNOWN,TRAFFIC SIGNAL,UNKNOWN,UNKNOWN,STRAIGHT,NO DEFECTS,"TWO-WAY, NOT DIVIDED",39.03589409,-77.04966269,8554262040045692,9625371494229735,0,0,0,2023121615,7704240439043964
MCP3279002Y,DDF8A17B174043BE8D98ED593DE07913,False,SUSPECTED MINOR INJURY,NONE,NOT DISTRACTED,PASSENGER,STOPPED IN TRAFFIC LANE,North,SUPERFICIAL,30,False,False,2,2408098678840994,230072070,Montgomery County Police,Injury ,False,North,3,5,LEVEL,False,False,DRIVER,SAME DIR REAR END,DRY,UNKNOWN,TRAFFIC SIGNAL,UNKNOWN,UNKNOWN,STRAIGHT,NO DEFECTS,"TWO-WAY, NOT DIVIDED",39.03589409,-77.04966269,8554262040045692,9625371494229735,0,0,0,2023121615,7704240439043964
MCP2586006W,6A124AB762A746D6A4DC45169156D502,True,NO APPARENT INJURY,NONE,UNKNOWN,PASSENGER,MAKING LEFT TURN,South,DISABLING,40,False,False,2,4181321802291222,230072086,Montgomery County Police,Property Damage ,False,North,2,3,LEVEL,False,False,DRIVER,STRAIGHT MOVEMENT ANGLE,DRY,DARK LIGHTS ON,TRAFFIC SIGNAL,INTERSECTION,FOUR-WAY INTERSECTION,STRAIGHT,NO DEFECTS,"TWO-WAY, DIVIDED, POSITIVE MEDIAN BARRIER",39.17552371,-77.23801416,4972572914805173,7597896655482071,0,0,0,2023121617,7723271939208770
MCP2586006W,95C97A07CC964356BA8B588544905754,False,NO APPARENT INJURY,NONE,NOT DISTRACTED,PASSENGER,MOVING CONSTANT SPEED,North,DISABLING,40,False,False,2,9565689090786746,230072086,Montgomery County Police,Property Damage ,False,North,2,3,LEVEL,False,False,DRIVER,STRAIGHT MOVEMENT ANGLE,DRY,DARK LIGHTS ON,TRAFFIC SIGNAL,INTERSECTION,FOUR-WAY INTERSECTION,STRAIGHT,NO DEFECTS,"TWO-WAY, DIVIDED, POSITIVE MEDIAN BARRIER",39.17552371,-77.23801416,4972572914805173,7597896655482071,0,0,0,2023121617,7723271939208770
MCP2177004X,635300304AFC41EB84DDB6DB8E407EEA,True,NO APPARENT INJURY,UNKNOWN,UNKNOWN,UNKNOWN,MAKING RIGHT TURN,East,UNKNOWN,25,False,False,1,8168321465439775,230072089,Montgomery County Police,Property Damage ,True,UNKNOWN,0,0,UNKNOWN,True,True,DRIVER,SAME DIRECTION SIDESWIPE,UNKNOWN,DARK LIGHTS ON,NO CONTROLS,UNKNOWN,UNKNOWN,UNKNOWN,UNKNOWN,UNKNOWN,39.03612684,-77.05750448,7781945108562677,7781945108562677,0,0,0,2023121617,7704240439043964
DD5668000M,CD552149FF794B91A9FF8E1ED2FA8930,False,NO APPARENT INJURY,UNKNOWN,NOT DISTRACTED,PASSENGER,MOVING CONSTANT SPEED,South,DISABLING,35,False,False,2,3942152416123395,230072087,Rockville Police Departme,Injury ,False,South,1,3,LEVEL,False,False,DRIVER,STRAIGHT MOVEMENT ANGLE,DRY,DARK LIGHTS ON,TRAFFIC SIGNAL,INTERSECTION,OTHER,STRAIGHT,NO DEFECTS,"TWO-WAY, DIVIDED, POSITIVE MEDIAN BARRIER",39.06687467,-77.12827353,5925405510732472,3061516663743910,0,0,0,2023121617,7712482939051552