ReportNumber,VehicleCrashKey,DriverAtFault,DriverInjurySeverity,DriverSubstanceAbuse,DriverDistractedBy,VehicleType,VehicleMovement,VehicleGoingDir,VehicleDamageExtent,SpeedLimit,ParkedVehicle,SubstanceAbuseContributed,VehiclesCrashedTotal,VehicleKey,LocalCaseNumber,AgencyName,ACRSReportType,HitRun,LaneDirection,LaneNumber,NumberOfLanes,RoadGrade,NonTraffic,OffRoadIncident,AccidentAtFault,CollisionType,SurfaceCondition,Light,TrafficControl,Junction,IntersectionType,RoadAlignment,RoadCondition,RoadDivision,Latitude,Longitude,RoadKey,CrossStreetKey,NonMotoristTotal,NonMotoristInjury,NonMotoristFatal,DateHourKey,LocationAreaKey
DD5649003J,68AB33994C9E4D2194B1D0F5F5731DB2,True,NO APPARENT INJURY,NONE,NOT DISTRACTED,PASSENGER,MAKING U TURN,East,DISABLING,35,False,False,2,9738049450735761,230072236,Rockville Police Departme,Property Damage ,False,East,1,2,LEVEL,False,False,DRIVER,OTHER,WET,DUSK,NO CONTROLS,UNKNOWN,UNKNOWN,STRAIGHT,NO DEFECTS,"TWO-WAY, DIVIDED, UNPROTECTED PAINTED MIN 4 FEET",39.07032108,-77.17210968,102562994615519,5906244329359293,0,0,0,2023121716,7722348939035838
DD5649003J,712C3B0D3A3F46BA9F0B63786CFBE898,False,NO APPARENT INJURY,NONE,NOT DISTRACTED,BUS,MOVING CONSTANT SPEED,East,SUPERFICIAL,35,False,False,2,240722642832247,230072236,Rockville Police Departme,Property Damage ,False,East,1,2,LEVEL,False,False,DRIVER,OTHER,WET,DUSK,NO CONTROLS,UNKNOWN,UNKNOWN,STRAIGHT,NO DEFECTS,"TWO-WAY, DIVIDED, UNPROTECTED PAINTED MIN 4 FEET",39.07032108,-77.17210968,102562994615519,5906244329359293,0,0,0,2023121716,7722348939035838
DD56510049,418F7AA27863436F80285172EDF218B8,True,NO APPARENT INJURY,NONE,LOOKED BUT DID NOT SEE,PASSENGER,MOVING CONSTANT SPEED,East,DISABLING,30,False,False,1,7942766346676542,230072237,Rockville Police Departme,Property Damage ,False,East,1,3,LEVEL,False,False,DRIVER,SINGLE VEHICLE,WET,DARK LIGHTS ON,TRAFFIC SIGNAL,INTERSECTION,FOUR-WAY INTERSECTION,STRAIGHT,NO DEFECTS,"TWO-WAY, DIVIDED, POSITIVE MEDIAN BARRIER",39.08931548,-77.17774091,9077163038200495,9554972459814571,0,0,0,2023121717,7718114539090864
MCP3039006P,C14C7261718E405591FC9B59B0C3510D,True,NO APPARENT INJURY,NONE,NOT DISTRACTED,PASSENGER,MAKING LEFT TURN,West,NO DAMAGE,35,False,False,1,1032942965443017,230072243,Montgomery County Police,Injury ,False,South,1,3,GRADE DOWNHILL,False,False,DRIVER,STRAIGHT MOVEMENT ANGLE,WET,DARK LIGHTS ON,TRAFFIC SIGNAL,UNKNOWN,FOUR-WAY INTERSECTION,STRAIGHT,NO DEFECTS,"TWO-WAY, NOT DIVIDED",38.99589921,-77.02818753,8554262040045692,7228418003688286,1,1,0,2023121717,7703596439001907
EJ7885003Y,739F5230EAD04E88ABF5558801CB7FBB,False,NO APPARENT INJURY,NONE,NOT DISTRACTED,PASSENGER,MOVING CONSTANT SPEED,South,FUNCTIONAL,50,False,False,2,6297797996420871,230072252,Gaithersburg Police Depar,Property Damage ,True,South,2,3,LEVEL,False,False,DRIVER,SAME DIR REAR END,WET,DARK LIGHTS ON,NO CONTROLS,INTERSECTION,FOUR-WAY INTERSECTION,STRAIGHT,NO DEFECTS,"TWO-WAY, DIVIDED, POSITIVE MEDIAN BARRIER",39.11228226,-77.2215796,7771692879388507,4261994559990100,0,0,0,2023121718,7724972439113159
EJ7885003Y,A65B12A9F78543A099A1399C3F5A9F71,True,NO APPARENT INJURY,UNKNOWN,UNKNOWN,UNKNOWN,MOVING CONSTANT SPEED,South,UNKNOWN,50,False,False,2,8168321465439775,230072252,Gaithersburg Police Depar,Property Damage ,True,South,2,3,LEVEL,False,False,DRIVER,SAME DIR REAR END,WET,DARK LIGHTS ON,NO CONTROLS,INTERSECTION,FOUR-WAY INTERSECTION,STRAIGHT,NO DEFECTS,"TWO-WAY, DIVIDED, POSITIVE MEDIAN BARRIER",39.11228226,-77.2215796,7771692879388507,4261994559990100,0,0,0,2023121718,7724972439113159
MCP32550050,ADC794E0481E4F1BB367FF3DDA80D0EF,True,NO APPARENT INJURY,UNKNOWN,UNKNOWN,PASSENGER,MAKING RIGHT TURN,East,UNKNOWN,35,False,False,2,6503795061467250,230072430,Montgomery County Police,Property Damage ,True,East,2,2,LEVEL,False,False,DRIVER,SAME DIRECTION SIDESWIPE,UNKNOWN,DARK LIGHTS ON,TRAFFIC SIGNAL,INTERSECTION,FOUR-WAY INTERSECTION,STRAIGHT,NO DEFECTS,"TWO-WAY, NOT DIVIDED",39.14057823,-77.21079076,6421645165822542,2143914507962764,0,0,0,2023121719,7718751639140820
MCP32550050,B8147D17EE0C46E19176024F93E1A0F5,False,NO APPARENT INJURY,UNKNOWN,NOT DISTRACTED,PASSENGER,MOVING CONSTANT SPEED,South,FUNCTIONAL,35,False,False,2,5082261773572766,230072430,Montgomery County Police,Property Damage ,True,East,2,2,LEVEL,False,False,DRIVER,SAME DIRECTION SIDESWIPE,UNKNOWN,DARK LIGHTS ON,TRAFFIC SIGNAL,INTERSECTION,FOUR-WAY INTERSECTION,STRAIGHT,NO DEFECTS,"TWO-WAY, NOT DIVIDED",39.14057823,-77.21079076,6421645165822542,2143914507962764,0,0,0,2023121719,7718751639140820
MCP28750081,1951A193BC9745839041550DF24FB7C4,True,NO APPARENT INJURY,NONE,NOT DISTRACTED,PASSENGER,NEGOTIATING A CURVE,North,DISABLING,55,False,False,1,8290245715699139,230072263,Montgomery County Police,Property Damage ,False,North,1,1,GRADE DOWNHILL,False,False,DRIVER,SINGLE VEHICLE,WET,DARK NO LIGHTS,NO CONTROLS,UNKNOWN,UNKNOWN,CURVE RIGHT,NO DEFECTS,ONE-WAY TRAFFICWAY,39.23092833,-77.28293167,7839795289588938,9983588472369911,0,0,0,2023121720,7728275839257602
MCP3347001M,A202F286FF1B42DEA5791E208D9D8780,True,NO APPARENT INJURY,UNKNOWN,NOT DISTRACTED,PASSENGER,SKIDDING,North,DISABLING,25,False,False,1,8252165448776514,230072639,Montgomery County Police,Property Damage ,False,North,1,1,LEVEL,False,False,DRIVER,SINGLE VEHICLE,WET,DARK NO LIGHTS,NO CONTROLS,NON INTERSECTION,UNKNOWN,CURVE RIGHT,NO DEFECTS,"TWO-WAY, NOT DIVIDED",39.03788832,-77.22738978,3004747629869164,5702496871489560,0,0,0,2023121721,7722348939035838
MCP33510021,0D52D4C1707841A485F0AEF7ACB265E4,False,NO APPARENT INJURY,NONE,NOT DISTRACTED,PASSENGER,MOVING CONSTANT SPEED,North,SUPERFICIAL,35,False,False,2,8961481787963722,230072266,Montgomery County Police,Property Damage ,True,North,3,3,LEVEL,False,False,DRIVER,SAME DIRECTION RIGHT TURN,WET,DARK LIGHTS ON,UNKNOWN,NON INTERSECTION,UNKNOWN,STRAIGHT,NO DEFECTS,"TWO-WAY, DIVIDED, POSITIVE MEDIAN BARRIER",39.02300164,-76.97796489,8901981419077344,2567472143707400,0,0,0,2023121721,7698354239018293
MCP33510021,232AEEC812C1470285B91829E64D503C,True,NO APPARENT INJURY,UNKNOWN,UNKNOWN,PASSENGER,CHANGING LANES,North,UNKNOWN,35,False,False,2,660615385035114,230072266,Montgomery County Police,Property Damage ,True,North,3,3,LEVEL,False,False,DRIVER,SAME DIRECTION RIGHT TURN,WET,DARK LIGHTS ON,UNKNOWN,NON INTERSECTION,UNKNOWN,STRAIGHT,NO DEFECTS,"TWO-WAY, DIVIDED, POSITIVE MEDIAN BARRIER",39.02300164,-76.97796489,8901981419077344,2567472143707400,0,0,0,2023121721,7698354239018293
MCP28000063,3F34A30B7D6547B7AA0D9EDA043BB191,True,NO APPARENT INJURY,NONE,LOOKED BUT DID NOT SEE,PASSENGER,MOVING CONSTANT SPEED,North,FUNCTIONAL,40,False,False,1,9424908114659619,230072269,Montgomery County Police,Property Damage ,False,North,1,3,LEVEL,False,False,DRIVER,SINGLE VEHICLE,WET,DARK LIGHTS ON,TRAFFIC SIGNAL,INTERSECTION,FOUR-WAY INTERSECTION,STRAIGHT,NO DEFECTS,"TWO-WAY, DIVIDED, POSITIVE MEDIAN BARRIER",39.14587,-77.14686,4494898042244063,5080022737134299,0,0,0,2023121722,7713230839137712
EJ7870006M,104BD0669F244971B0555748EF3C7AD9,False,NO APPARENT INJURY,UNKNOWN,NOT DISTRACTED,PASSENGER,MOVING CONSTANT SPEED,South,UNKNOWN,55,False,False,2,6860471128991440,230072270,Gaithersburg Police Depar,Property Damage ,True,South,2,4,LEVEL,False,False,DRIVER,SAME DIR REAR END,WET,DARK LIGHTS ON,NO CONTROLS,NON INTERSECTION,UNKNOWN,STRAIGHT,NO DEFECTS,"TWO-WAY, DIVIDED, POSITIVE MEDIAN BARRIER",39.13923073,-77.21231765,1257986858156867,5564758570385402,0,0,0,2023121722,7724972439113159
EJ7870006M,9DC2A74B2A274161B24F33D30D663D92,True,NO APPARENT INJURY,NONE,NOT DISTRACTED,PASSENGER,SKIDDING,South,DISABLING,55,False,False,2,6297493643822167,230072270,Gaithersburg Police Depar,Property Damage ,True,South,2,4,LEVEL,False,False,DRIVER,SAME DIR REAR END,WET,DARK LIGHTS ON,NO CONTROLS,NON INTERSECTION,UNKNOWN,STRAIGHT,NO DEFECTS,"TWO-WAY, DIVIDED, POSITIVE MEDIAN BARRIER",39.13923073,-77.21231765,1257986858156867,5564758570385402,0,0,0,2023121722,7724972439113159
MCP23540021,476C5FFC07714914B601279A058616E9,True,NO APPARENT INJURY,NONE,NOT DISTRACTED,PASSENGER,MOVING CONSTANT SPEED,South,FUNCTIONAL,35,False,False,1,8243785626679992,230072275,Montgomery County Police,Property Damage ,False,South,1,2,LEVEL,False,False,DRIVER,SINGLE VEHICLE,WET,DARK LIGHTS ON,TRAFFIC SIGNAL,INTERSECTION,FOUR-WAY INTERSECTION,STRAIGHT,NO DEFECTS,"TWO-WAY, DIVIDED, POSITIVE MEDIAN BARRIER",38.99181,-77.09802167,4494898042244063,5682945118739953,0,0,0,2023121722,7710072538987731
MCP3377000X,04B60891DA3F4104B9F553F7832BA9C2,False,NO APPARENT INJURY,UNKNOWN,UNKNOWN,UNKNOWN,UNKNOWN,South,UNKNOWN,0,False,False,2,8168321465439775,230072273,Montgomery County Police,Property Damage ,True,South,1,4,LEVEL,False,False,DRIVER,SAME DIR REAR END,WET,DARK NO LIGHTS,NO CONTROLS,UNKNOWN,UNKNOWN,STRAIGHT,UNKNOWN,"TWO-WAY, DIVIDED, POSITIVE MEDIAN BARRIER",38.9894955,-77.15726067,2262757322158515,5249777599148989,0,0,0,2023121722,7715220038996189
MCP3377000X,E518ED05E1D14C9ABB64B8130E31886C,True,NO APPARENT INJURY,UNKNOWN,NOT DISTRACTED,PASSENGER,MOVING CONSTANT SPEED,South,NO DAMAGE,35,False,False,2,538750787773573,230072273,Montgomery County Police,Property Damage ,True,South,1,4,LEVEL,False,False,DRIVER,SAME DIR REAR END,WET,DARK NO LIGHTS,NO CONTROLS,UNKNOWN,UNKNOWN,STRAIGHT,UNKNOWN,"TWO-WAY, DIVIDED, POSITIVE MEDIAN BARRIER",38.9894955,-77.15726067,2262757322158515,5249777599148989,0,0,0,2023121722,7715220038996189
MCP3061002B,DA96AFA07247417D8023DB7C7C652AE7,True,NO APPARENT INJURY,NONE,NOT DISTRACTED,PASSENGER,MOVING CONSTANT SPEED,South,DISABLING,55,False,False,1,7589880044030644,230072276,Montgomery County Police,Property Damage ,False,South,3,3,LEVEL,False,False,DRIVER,SINGLE VEHICLE,WET,DARK LIGHTS ON,NO CONTROLS,NON INTERSECTION,UNKNOWN,STRAIGHT,NO DEFECTS,"TWO-WAY, DIVIDED, POSITIVE MEDIAN BARRIER",39.19221317,-77.26011683,1257986858156867,5069412600965814,0,0,0,2023121722,7729807639132189
MCP30580056,F1E2E17251F647DC8489EDED53B6ACC5,True,NO APPARENT INJURY,NONE,INATTENTIVE OR LOST IN THOUGHT,PASSENGER,MOVING CONSTANT SPEED,North,DISABLING,40,False,False,1,6722519977575680,230072279,Montgomery County Police,Property Damage ,False,North,2,2,GRADE DOWNHILL,False,False,DRIVER,SINGLE VEHICLE,WET,DARK NO LIGHTS,NO CONTROLS,NON INTERSECTION,UNKNOWN,CURVE LEFT,NO DEFECTS,"TWO-WAY, NOT DIVIDED",39.13731667,-77.12841333,9915941979319439,5160157020376117,0,0,0,2023121722,7713230839137712
MCP32080052,A82164DE83104BC1B866EDC9A3841442,False,NO APPARENT INJURY,NONE,NOT DISTRACTED,PASSENGER,MOVING CONSTANT SPEED,West,DISABLING,55,False,False,1,195013346298034,230072282,Montgomery County Police,Property Damage ,False,West,1,4,LEVEL,False,False,UNKNOWN,SINGLE VEHICLE,WET,DARK LIGHTS ON,NO CONTROLS,NON INTERSECTION,UNKNOWN,CURVE LEFT,NO DEFECTS,"TWO-WAY, DIVIDED, POSITIVE MEDIAN BARRIER",39.01450167,-77.06043383,2262757322158515,6150688899000214,0,0,0,2023121800,7707527239025656
MCP2535002Q,1D3C323EA662446684C08D2C61497E39,True,NO APPARENT INJURY,NONE,NOT DISTRACTED,PASSENGER,MOVING CONSTANT SPEED,East,FUNCTIONAL,35,False,False,1,3233063173565461,230072286,Montgomery County Police,Property Damage ,False,East,0,2,HILL UPHILL,False,False,DRIVER,SINGLE VEHICLE,WET,DARK LIGHTS ON,NO CONTROLS,NON INTERSECTION,UNKNOWN,STRAIGHT,NO DEFECTS,"TWO-WAY, DIVIDED, POSITIVE MEDIAN BARRIER",38.9921865,-77.05758117,4570729910170239,194106284319688,0,0,0,2023121801,7707842038983818
MCP33010021,3FD8F84F1A2D4CBF9B6F91A33902F6E2,True,NO APPARENT INJURY,UNKNOWN,UNKNOWN,PASSENGER,UNKNOWN,South,DESTROYED,45,False,False,1,169882185045181,230072292,Montgomery County Police,Property Damage ,False,South,2,3,GRADE DOWNHILL,False,False,DRIVER,UNKNOWN,WET,DARK -- UNKNOWN LIGHTING,TRAFFIC SIGNAL,UNKNOWN,FOUR-WAY INTERSECTION,STRAIGHT,NO DEFECTS,"TWO-WAY, DIVIDED, POSITIVE MEDIAN BARRIER",39.00795067,-77.01976833,7228418003688286,8891242047416743,0,0,0,2023121802,7700923739021308
MCP33090026,848D275B7EEC4EB89FEBFD91486E19B6,True,NO APPARENT INJURY,NONE,NOT DISTRACTED,EMERGENCY,MOVING CONSTANT SPEED,East,SUPERFICIAL,35,False,False,1,7752613674833350,230072298,Montgomery County Police,Property Damage ,False,East,1,1,HILL UPHILL,False,False,DRIVER,SAME DIRECTION SIDESWIPE,WATER(STANDING/MOVING),DARK NO LIGHTS,NO CONTROLS,NON INTERSECTION,UNKNOWN,STRAIGHT,FOREIGN MATERIAL,"TWO-WAY, DIVIDED, UNPROTECTED PAINTED MIN 4 FEET",39.19365166,-77.04073894,6029061482250078,5908035808316963,0,0,0,2023121805,7705685339203696
MCP3350002F,AAC0714904F443EC8400F150D7604D0E,True,NO APPARENT INJURY,NONE,LOOKED BUT DID NOT SEE,PASSENGER,MAKING LEFT TURN,North,DISABLING,35,False,False,2,3063454677846732,230072300,Montgomery County Police,Injury ,False,South,2,3,HILL CREST,False,False,DRIVER,STRAIGHT MOVEMENT ANGLE,WET,DARK LIGHTS ON,TRAFFIC SIGNAL,NON INTERSECTION,UNKNOWN,STRAIGHT,NO DEFECTS,"TWO-WAY, DIVIDED, POSITIVE MEDIAN BARRIER",39.04705833,-77.075995,1627793738140795,3598064012334404,0,0,0,2023121805,7704240439043964
MCP3350002F,5CA06DF3408047A4A0FB709A9B0E7651,False,POSSIBLE INJURY,NONE,NOT DISTRACTED,PASSENGER,MOVING CONSTANT SPEED,South,DESTROYED,35,False,False,2,196173887850659,230072300,Montgomery County Police,Injury ,False,South,2,3,HILL CREST,False,False,DRIVER,STRAIGHT MOVEMENT ANGLE,WET,DARK LIGHTS ON,TRAFFIC SIGNAL,NON INTERSECTION,UNKNOWN,STRAIGHT,NO DEFECTS,"TWO-WAY, DIVIDED, POSITIVE MEDIAN BARRIER",39.04705833,-77.075995,1627793738140795,3598064012334404,0,0,0,2023121805,7704240439043964
MCP2974004Z,9879F138A29440DFABB0417E8EFC4110,False,POSSIBLE INJURY,NONE,NOT DISTRACTED,PASSENGER,SLOWING OR STOPPING,South,FUNCTIONAL,55,False,False,2,5457129244180002,230072305,Montgomery County Police,Injury ,False,South,1,3,LEVEL,False,False,DRIVER,SAME DIR REAR END,WET,DAWN,TRAFFIC SIGNAL,INTERSECTION,FOUR-WAY INTERSECTION,STRAIGHT,NO DEFECTS,"TWO-WAY, DIVIDED, UNPROTECTED PAINTED MIN 4 FEET",39.05811881,-76.9684369,2620072274155517,2405534894087622,0,0,0,2023121807,7698062539067210
MCP2974004Z,6113BD88FCD94E46AA1B7607A3F11350,True,NO APPARENT INJURY,NONE,NOT DISTRACTED,PASSENGER,MOVING CONSTANT SPEED,South,DISABLING,55,False,False,2,4237795721983856,230072305,Montgomery County Police,Injury ,False,South,1,3,LEVEL,False,False,DRIVER,SAME DIR REAR END,WET,DAWN,TRAFFIC SIGNAL,INTERSECTION,FOUR-WAY INTERSECTION,STRAIGHT,NO DEFECTS,"TWO-WAY, DIVIDED, UNPROTECTED PAINTED MIN 4 FEET",39.05811881,-76.9684369,2620072274155517,2405534894087622,0,0,0,2023121807,7698062539067210
MCP3268003L,99415D8026B94D1386D64F51BB267B6A,False,NO APPARENT INJURY,NONE,NOT DISTRACTED,PASSENGER,MOVING CONSTANT SPEED,East,SUPERFICIAL,35,False,False,5,8814876310749037,230072312,Montgomery County Police,Injury ,False,West,2,4,LEVEL,False,False,DRIVER,HEAD ON,WET,DAWN,UNKNOWN,UNKNOWN,UNKNOWN,CURVE RIGHT,NO DEFECTS,"TWO-WAY, DIVIDED, POSITIVE MEDIAN BARRIER",39.06530783,-76.97868583,6352331937544090,1025702632083752,0,0,0,2023121807,7698062539067210
MCP3268003L,6CE747F776B242CE97528536BCF64A54,False,NO APPARENT INJURY,NONE,NOT DISTRACTED,PASSENGER,MOVING CONSTANT SPEED,East,DISABLING,35,False,False,5,4834438381084471,230072312,Montgomery County Police,Injury ,False,West,2,4,LEVEL,False,False,DRIVER,HEAD ON,WET,DAWN,UNKNOWN,UNKNOWN,UNKNOWN,CURVE RIGHT,NO DEFECTS,"TWO-WAY, DIVIDED, POSITIVE MEDIAN BARRIER",39.06530783,-76.97868583,6352331937544090,1025702632083752,0,0,0,2023121807,7698062539067210
MCP3268003L,C7DF0E4CD8754B6F98A81513BD0DB127,False,NO APPARENT INJURY,NONE,NOT DISTRACTED,PASSENGER,MOVING CONSTANT SPEED,West,SUPERFICIAL,35,False,False,5,6026696679427126,230072312,Montgomery County Police,Injury ,False,West,2,4,LEVEL,False,False,DRIVER,HEAD ON,WET,DAWN,UNKNOWN,UNKNOWN,UNKNOWN,CURVE RIGHT,NO DEFECTS,"TWO-WAY, DIVIDED, POSITIVE MEDIAN BARRIER",39.06530783,-76.97868583,6352331937544090,1025702632083752,0,0,0,2023121807,7698062539067210
MCP3268003L,6001E92467A04F4CB9D1637F336B262B,True,POSSIBLE INJURY,NONE,NOT DISTRACTED,PASSENGER,MOVING CONSTANT SPEED,West,DISABLING,35,False,False,5,1314430827202656,230072312,Montgomery County Police,Injury ,False,West,2,4,LEVEL,False,False,DRIVER,HEAD ON,WET,DAWN,UNKNOWN,UNKNOWN,UNKNOWN,CURVE RIGHT,NO DEFECTS,"TWO-WAY, DIVIDED, POSITIVE MEDIAN BARRIER",39.06530783,-76.97868583,6352331937544090,1025702632083752,0,0,0,2023121807,7698062539067210
MCP3268003L,A1FE54E75DB5400AAB90A73A112F8168,False,NO APPARENT INJURY,NONE,NOT DISTRACTED,PASSENGER,MOVING CONSTANT SPEED,East,DISABLING,35,False,False,5,2528170710340621,230072312,Montgomery County Police,Injury ,False,West,2,4,LEVEL,False,False,DRIVER,HEAD ON,WET,DAWN,UNKNOWN,UNKNOWN,UNKNOWN,CURVE RIGHT,NO DEFECTS,"TWO-WAY, DIVIDED, POSITIVE MEDIAN BARRIER",39.06530783,-76.97868583,6352331937544090,1025702632083752,0,0,0,2023121807,7698062539067210
MCP2832008W,53CE1021ED6B4AFC83431886D5111911,True,NO APPARENT INJURY,NONE,LOOKED BUT DID NOT SEE,PASSENGER,STARTING FROM LANE,West,DISABLING,30,False,False,2,1852659822320540,230072318,Montgomery County Police,Injury ,False,North,1,1,GRADE DOWNHILL,False,False,DRIVER,STRAIGHT MOVEMENT ANGLE,WET,DAYLIGHT,STOP SIGN,INTERSECTION,FOUR-WAY INTERSECTION,STRAIGHT,NO DEFECTS,"TWO-WAY, NOT DIVIDED",39.0036485,-77.137197,8659486064429145,2497563982975434,0,0,0,2023121808,7715220038996189
MCP2832008W,7FBF8E5CE1EF4AE3831A4E24ED196273,False,SUSPECTED MINOR INJURY,NONE,NOT DISTRACTED,PASSENGER,MOVING CONSTANT SPEED,North,DISABLING,30,False,False,2,9180769642767284,230072318,Montgomery County Police,Injury ,False,North,1,1,GRADE DOWNHILL,False,False,DRIVER,STRAIGHT MOVEMENT ANGLE,WET,DAYLIGHT,STOP SIGN,INTERSECTION,FOUR-WAY INTERSECTION,STRAIGHT,NO DEFECTS,"TWO-WAY, NOT DIVIDED",39.0036485,-77.137197,8659486064429145,2497563982975434,0,0,0,2023121808,7715220038996189
MCP1564007S,E393EE81D4D640BD8456BED0EFFE4862,False,NO APPARENT INJURY,NONE,NOT DISTRACTED,PASSENGER,MOVING CONSTANT SPEED,South,DISABLING,30,False,False,2,7285498133849713,230072320,Montgomery County Police,Property Damage ,False,South,1,4,LEVEL,False,False,DRIVER,HEAD ON LEFT TURN,WET,DAYLIGHT,NO CONTROLS,INTERSECTION,FOUR-WAY INTERSECTION,STRAIGHT,NO DEFECTS,"TWO-WAY, DIVIDED, POSITIVE MEDIAN BARRIER",39.14854117,-77.066948,8554262040045692,3754379552950906,0,0,0,2023121808,7707322739151114
MCP1564007S,3953EC58892E48E8A76632A849DD5ABE,True,NO APPARENT INJURY,NONE,LOOKED BUT DID NOT SEE,PASSENGER,ACCELERATING,West,DISABLING,30,False,False,2,9922223786106669,230072320,Montgomery County Police,Property Damage ,False,South,1,4,LEVEL,False,False,DRIVER,HEAD ON LEFT TURN,WET,DAYLIGHT,NO CONTROLS,INTERSECTION,FOUR-WAY INTERSECTION,STRAIGHT,NO DEFECTS,"TWO-WAY, DIVIDED, POSITIVE MEDIAN BARRIER",39.14854117,-77.066948,8554262040045692,3754379552950906,0,0,0,2023121808,7707322739151114
MCP302600C6,53214FA1B2F24B0F90687B8F04CCAF71,False,NO APPARENT INJURY,NONE,NOT DISTRACTED,BUS,PARKED,UNKNOWN,FUNCTIONAL,0,True,False,2,6691677547236723,230072327,Montgomery County Police,Property Damage ,False,UNKNOWN,0,0,UNKNOWN,True,True,DRIVER,SAME DIRECTION RIGHT TURN,UNKNOWN,DAYLIGHT,NO CONTROLS,UNKNOWN,UNKNOWN,UNKNOWN,UNKNOWN,UNKNOWN,39.02265767,-77.11451517,7781945108562677,7781945108562677,0,0,0,2023121809,7710519939016894
MCP302600C6,096D0B3D271A47A6AB30FD309BA84B2B,True,NO APPARENT INJURY,NONE,NOT DISTRACTED,BUS,PASSING,North,SUPERFICIAL,15,False,False,2,6691677547236723,230072327,Montgomery County Police,Property Damage ,False,UNKNOWN,0,0,UNKNOWN,True,True,DRIVER,SAME DIRECTION RIGHT TURN,UNKNOWN,DAYLIGHT,NO CONTROLS,UNKNOWN,UNKNOWN,UNKNOWN,UNKNOWN,UNKNOWN,39.02265767,-77.11451517,7781945108562677,7781945108562677,0,0,0,2023121809,7710519939016894
MCP2039009N,04C6389175ED475685D0F60636976C72,True,NO APPARENT INJURY,UNKNOWN,LOOKED BUT DID NOT SEE,PASSENGER,MAKING LEFT TURN,West,FUNCTIONAL,35,False,False,3,5115928356824104,230072375,Montgomery County Police,Injury ,False,West,1,1,HILL UPHILL,False,False,DRIVER,ANGLE MEETS LEFT TURN,DRY,DAYLIGHT,STOP SIGN,INTERSECTION,T-INTERSECTION,STRAIGHT,NO DEFECTS,"TWO-WAY, NOT DIVIDED",39.11561833,-77.09789333,9915941979319439,4857578159945724,0,0,0,2023121813,7709494939102237
MCP2039009N,D81543B1B2944452B3C0B82AE87A9AAB,False,POSSIBLE INJURY,UNKNOWN,NOT DISTRACTED,PASSENGER,MOVING CONSTANT SPEED,West,FUNCTIONAL,35,False,False,3,3233063173565461,230072375,Montgomery County Police,Injury ,False,West,1,1,HILL UPHILL,False,False,DRIVER,ANGLE MEETS LEFT TURN,DRY,DAYLIGHT,STOP SIGN,INTERSECTION,T-INTERSECTION,STRAIGHT,NO DEFECTS,"TWO-WAY, NOT DIVIDED",39.11561833,-77.09789333,9915941979319439,4857578159945724,0,0,0,2023121813,7709494939102237
MCP2039009N,4E7E268DF59A42BEAC9DB251D7E87B15,False,NO APPARENT INJURY,UNKNOWN,NOT DISTRACTED,PASSENGER,MOVING CONSTANT SPEED,East,DISABLING,35,False,False,3,9530107300230689,230072375,Montgomery County Police,Injury ,False,West,1,1,HILL UPHILL,False,False,DRIVER,ANGLE MEETS LEFT TURN,DRY,DAYLIGHT,STOP SIGN,INTERSECTION,T-INTERSECTION,STRAIGHT,NO DEFECTS,"TWO-WAY, NOT DIVIDED",39.11561833,-77.09789333,9915941979319439,4857578159945724,0,0,0,2023121813,7709494939102237
MCP2832008X,871B9F02DC4C46399A2A0303B41BC145,True,NO APPARENT INJURY,NONE,LOOKED BUT DID NOT SEE,PASSENGER,MAKING LEFT TURN,North,DISABLING,30,False,False,2,2220025368136754,230072393,Montgomery County Police,Property Damage ,False,South,2,2,GRADE DOWNHILL,False,False,DRIVER,ANGLE MEETS LEFT TURN,DRY,DAYLIGHT,NO CONTROLS,INTERSECTION RELATED,FOUR-WAY INTERSECTION,STRAIGHT,NO DEFECTS,"TWO-WAY, NOT DIVIDED",38.97897117,-77.09878983,9003752369377532,8659486064429145,0,0,0,2023121814,7710072538987731
MCP2832008X,830056EEBA444B64810628EDEAD79453,False,NO APPARENT INJURY,NONE,NOT DISTRACTED,PASSENGER,MOVING CONSTANT SPEED,South,DISABLING,30,False,False,2,2553140391400197,230072393,Montgomery County Police,Property Damage ,False,South,2,2,GRADE DOWNHILL,False,False,DRIVER,ANGLE MEETS LEFT TURN,DRY,DAYLIGHT,NO CONTROLS,INTERSECTION RELATED,FOUR-WAY INTERSECTION,STRAIGHT,NO DEFECTS,"TWO-WAY, NOT DIVIDED",38.97897117,-77.09878983,9003752369377532,8659486064429145,0,0,0,2023121814,7710072538987731