ReportNumber,VehicleCrashKey,DriverAtFault,DriverInjurySeverity,DriverSubstanceAbuse,DriverDistractedBy,VehicleType,VehicleMovement,VehicleGoingDir,VehicleDamageExtent,SpeedLimit,ParkedVehicle,SubstanceAbuseContributed,VehiclesCrashedTotal,VehicleKey,LocalCaseNumber,AgencyName,ACRSReportType,HitRun,LaneDirection,LaneNumber,NumberOfLanes,RoadGrade,NonTraffic,OffRoadIncident,AccidentAtFault,CollisionType,SurfaceCondition,Light,TrafficControl,Junction,IntersectionType,RoadAlignment,RoadCondition,RoadDivision,Latitude,Longitude,RoadKey,CrossStreetKey,NonMotoristTotal,NonMotoristInjury,NonMotoristFatal,DateHourKey,LocationAreaKey
MCP304800BV,0228B56537534ADBAABAFC4A3312EC01,True,NO APPARENT INJURY,UNKNOWN,UNKNOWN,EMERGENCY,BACKING,East,SUPERFICIAL,5,False,False,1,2250767647570290,230072391,Montgomery County Police,Property Damage ,False,UNKNOWN,0,0,UNKNOWN,True,True,DRIVER,OTHER,UNKNOWN,DAYLIGHT,UNKNOWN,UNKNOWN,UNKNOWN,UNKNOWN,UNKNOWN,UNKNOWN,38.97921233,-77.10042583,7781945108562677,7781945108562677,0,0,0,2023121814,7707842038983818
EJ7888005K,B198DFAFD76047B9A9B995799B7332D7,True,NO APPARENT INJURY,NONE,LOOKED BUT DID NOT SEE,EMERGENCY,MOVING CONSTANT SPEED,North,SUPERFICIAL,25,False,False,1,9029915557031419,230072404,Gaithersburg Police Depar,Property Damage ,False,North,1,1,LEVEL,False,False,DRIVER,SAME DIRECTION SIDESWIPE,DRY,DAYLIGHT,NO CONTROLS,INTERSECTION,ROUNDABOUT,STRAIGHT,NO DEFECTS,"TWO-WAY, NOT DIVIDED",39.12269967,-77.2385155,4660710126194218,2123523869737848,0,0,0,2023121814,7724972439113159
MCP28750082,A81F813ADF384D22B47B60AF9AAA577D,False,NO APPARENT INJURY,NONE,NOT DISTRACTED,BUS,ACCELERATING,East,SUPERFICIAL,35,False,False,1,6691677547236723,230072403,Montgomery County Police,Property Damage ,False,East,1,2,LEVEL,False,False,UNKNOWN,OTHER,DRY,DAYLIGHT,NO CONTROLS,UNKNOWN,UNKNOWN,STRAIGHT,NO DEFECTS,"TWO-WAY, NOT DIVIDED",39.23898833,-77.20931,51767433804253,1533193728578043,0,0,0,2023121814,7721721839291851
MCP2683006Y,C53FF463CA4D4F0BAB4156767A8A1D81,False,NO APPARENT INJURY,NONE,NOT DISTRACTED,PASSENGER,SLOWING OR STOPPING,North,FUNCTIONAL,35,False,False,2,6711480671568823,230072406,Montgomery County Police,Property Damage ,False,North,2,2,LEVEL,False,False,DRIVER,SAME DIR REAR END,DRY,DAYLIGHT,TRAFFIC SIGNAL,INTERSECTION,T-INTERSECTION,CURVE LEFT,NO DEFECTS,"TWO-WAY, NOT DIVIDED",39.05953,-77.16124167,776419263324954,4658149589874103,0,0,0,2023121815,7722348939035838
MCP2683006Y,1B53A810A3704D988DFD26C50764EFEE,True,NO APPARENT INJURY,NONE,NOT DISTRACTED,PASSENGER,SLOWING OR STOPPING,North,DISABLING,35,False,False,2,5856527056065849,230072406,Montgomery County Police,Property Damage ,False,North,2,2,LEVEL,False,False,DRIVER,SAME DIR REAR END,DRY,DAYLIGHT,TRAFFIC SIGNAL,INTERSECTION,T-INTERSECTION,CURVE LEFT,NO DEFECTS,"TWO-WAY, NOT DIVIDED",39.05953,-77.16124167,776419263324954,4658149589874103,0,0,0,2023121815,7722348939035838
MCP3095004V,AEC7A739EDB849318873F69FF7D0A6C4,False,NO APPARENT INJURY,UNKNOWN,NOT DISTRACTED,PASSENGER,STARTING FROM LANE,East,DISABLING,15,False,False,3,819104211177936,230072408,Montgomery County Police,Property Damage ,False,South,3,3,LEVEL,False,False,DRIVER,STRAIGHT MOVEMENT ANGLE,DRY,UNKNOWN,TRAFFIC SIGNAL,INTERSECTION,FOUR-WAY INTERSECTION,STRAIGHT,NO DEFECTS,"TWO-WAY, DIVIDED, POSITIVE MEDIAN BARRIER",39.04659683,-76.98708017,2620072274155517,4258050122640121,0,0,0,2023121815,7698062539067210
MCP3095004V,C5D73B702D56437B8492A8503A473C39,True,NO APPARENT INJURY,UNKNOWN,UNKNOWN,PASSENGER,MOVING CONSTANT SPEED,South,DISABLING,45,False,False,3,9976787154076509,230072408,Montgomery County Police,Property Damage ,False,South,3,3,LEVEL,False,False,DRIVER,STRAIGHT MOVEMENT ANGLE,DRY,UNKNOWN,TRAFFIC SIGNAL,INTERSECTION,FOUR-WAY INTERSECTION,STRAIGHT,NO DEFECTS,"TWO-WAY, DIVIDED, POSITIVE MEDIAN BARRIER",39.04659683,-76.98708017,2620072274155517,4258050122640121,0,0,0,2023121815,7698062539067210
MCP3095004V,FF860EBBEA76469BB8E6A1B7F09B9C9A,False,NO APPARENT INJURY,UNKNOWN,NOT DISTRACTED,PASSENGER,MOVING CONSTANT SPEED,North,SUPERFICIAL,45,False,False,3,2781967118084235,230072408,Montgomery County Police,Property Damage ,False,South,3,3,LEVEL,False,False,DRIVER,STRAIGHT MOVEMENT ANGLE,DRY,UNKNOWN,TRAFFIC SIGNAL,INTERSECTION,FOUR-WAY INTERSECTION,STRAIGHT,NO DEFECTS,"TWO-WAY, DIVIDED, POSITIVE MEDIAN BARRIER",39.04659683,-76.98708017,2620072274155517,4258050122640121,0,0,0,2023121815,7698062539067210
MCP31380065,6B23AEA111B34BA78C7449E34198F075,True,NO APPARENT INJURY,NONE,LOOKED BUT DID NOT SEE,PASSENGER,ACCELERATING,North,DESTROYED,30,False,False,1,1633355134737632,230072411,Montgomery County Police,Injury ,False,North,1,2,LEVEL,False,False,DRIVER,SINGLE VEHICLE,DRY,DAYLIGHT,NO CONTROLS,UNKNOWN,UNKNOWN,STRAIGHT,NO DEFECTS,"TWO-WAY, NOT DIVIDED",39.1505625,-77.01206617,8901981419077344,1381432922817328,0,0,0,2023121816,7699742339152403
MCP263900GC,6EE43B6DCDAA4936BAEAF7EDD55EE12F,True,NO APPARENT INJURY,NONE,NOT DISTRACTED,BUS,ACCELERATING,East,SUPERFICIAL,30,False,False,2,251816279034915,230072418,Montgomery County Police,Property Damage ,False,East,2,2,LEVEL,False,False,DRIVER,SAME DIRECTION SIDESWIPE,DRY,DARK LIGHTS ON,NO CONTROLS,NON INTERSECTION,UNKNOWN,STRAIGHT,NO DEFECTS,"TWO-WAY, NOT DIVIDED",39.04481167,-77.10817333,2106918779836496,6164656234709418,0,0,0,2023121816,7710309939038956
MCP263900GC,0FE83C885C3647B09737985F93C0C096,True,NO APPARENT INJURY,NONE,NOT DISTRACTED,PASSENGER,CHANGING LANES,East,SUPERFICIAL,30,False,False,2,9192599710488028,230072418,Montgomery County Police,Property Damage ,False,East,2,2,LEVEL,False,False,DRIVER,SAME DIRECTION SIDESWIPE,DRY,DARK LIGHTS ON,NO CONTROLS,NON INTERSECTION,UNKNOWN,STRAIGHT,NO DEFECTS,"TWO-WAY, NOT DIVIDED",39.04481167,-77.10817333,2106918779836496,6164656234709418,0,0,0,2023121816,7710309939038956
MCP3094003F,181F4DA7A59442189911D0ECE6100075,False,POSSIBLE INJURY,NONE,LOOKED BUT DID NOT SEE,PASSENGER,STOPPED IN TRAFFIC LANE,West,SUPERFICIAL,35,False,False,2,9530107249897832,230072421,Montgomery County Police,Injury ,False,West,1,1,LEVEL,False,False,DRIVER,SAME DIR REAR END,DRY,DARK LIGHTS ON,TRAFFIC SIGNAL,INTERSECTION,FOUR-WAY INTERSECTION,STRAIGHT,NO DEFECTS,"TWO-WAY, NOT DIVIDED",39.14807667,-77.16816833,8657824055433617,4810614249402166,0,0,0,2023121817,7718751639140820
MCP3094003F,C3F16692EFA64CB0872E6FA660E2C296,True,NO APPARENT INJURY,NONE,LOOKED BUT DID NOT SEE,PASSENGER,ACCELERATING,West,SUPERFICIAL,35,False,False,2,9088251225273189,230072421,Montgomery County Police,Injury ,False,West,1,1,LEVEL,False,False,DRIVER,SAME DIR REAR END,DRY,DARK LIGHTS ON,TRAFFIC SIGNAL,INTERSECTION,FOUR-WAY INTERSECTION,STRAIGHT,NO DEFECTS,"TWO-WAY, NOT DIVIDED",39.14807667,-77.16816833,8657824055433617,4810614249402166,0,0,0,2023121817,7718751639140820
MCP30530073,42E977EC1BB94ABEB0DF05EC8FA6EF7F,True,NO APPARENT INJURY,UNKNOWN,NOT DISTRACTED,PASSENGER,MOVING CONSTANT SPEED,South,DISABLING,30,False,False,2,4870263338951349,230072432,Montgomery County Police,Property Damage ,False,North,1,3,LEVEL,False,False,DRIVER,OTHER,DRY,DARK LIGHTS ON,NO CONTROLS,NON INTERSECTION,UNKNOWN,STRAIGHT,NO DEFECTS,"TWO-WAY, DIVIDED, POSITIVE MEDIAN BARRIER",39.05005074,-77.07519938,1627793738140795,9290911226978796,0,0,0,2023121817,7705486039088590
MCP30530073,7E25BEE529F14D2FAB60F9A80923F8F2,False,NO APPARENT INJURY,UNKNOWN,NOT DISTRACTED,PASSENGER,MOVING CONSTANT SPEED,North,FUNCTIONAL,30,False,False,2,1557048930682314,230072432,Montgomery County Police,Property Damage ,False,North,1,3,LEVEL,False,False,DRIVER,OTHER,DRY,DARK LIGHTS ON,NO CONTROLS,NON INTERSECTION,UNKNOWN,STRAIGHT,NO DEFECTS,"TWO-WAY, DIVIDED, POSITIVE MEDIAN BARRIER",39.05005074,-77.07519938,1627793738140795,9290911226978796,0,0,0,2023121817,7705486039088590
MCP003600HL,43F52467E2734308950A8EBC0EB93A39,True,NO APPARENT INJURY,NONE,NOT DISTRACTED,EMERGENCY,MOVING CONSTANT SPEED,West,FUNCTIONAL,25,False,False,2,273967476684973,230072440,Montgomery County Police,Property Damage ,False,West,1,2,LEVEL,False,False,DRIVER,SAME DIR REAR END,DRY,DARK LIGHTS ON,NO CONTROLS,NON INTERSECTION,UNKNOWN,STRAIGHT,NO DEFECTS,"TWO-WAY, NOT DIVIDED",39.02838883,-77.07331667,8840809600344108,5973410232224665,0,0,0,2023121817,7707527239025656
MCP003600HL,43AF3910FA554B69842D2B71FFD82250,False,NO APPARENT INJURY,UNKNOWN,NOT DISTRACTED,PASSENGER,STOPPED IN TRAFFIC LANE,West,SUPERFICIAL,25,False,False,2,7871367620570760,230072440,Montgomery County Police,Property Damage ,False,West,1,2,LEVEL,False,False,DRIVER,SAME DIR REAR END,DRY,DARK LIGHTS ON,NO CONTROLS,NON INTERSECTION,UNKNOWN,STRAIGHT,NO DEFECTS,"TWO-WAY, NOT DIVIDED",39.02838883,-77.07331667,8840809600344108,5973410232224665,0,0,0,2023121817,7707527239025656
MCP3037005M,034D957B01C54227A756972A231D8AB1,False,NO APPARENT INJURY,NONE,NOT DISTRACTED,OTHER,STOPPED IN TRAFFIC LANE,North,FUNCTIONAL,40,False,False,2,3414161128511951,230072435,Montgomery County Police,Property Damage ,False,North,1,1,LEVEL,False,False,DRIVER,SAME DIR REAR END,DRY,DARK LIGHTS ON,NO CONTROLS,RESIDENTIAL DRIVEWAY,T-INTERSECTION,STRAIGHT,NO DEFECTS,"TWO-WAY, DIVIDED, UNPROTECTED PAINTED MIN 4 FEET",39.23948333,-77.23523,2800615797607229,13015426944448,0,0,0,2023121818,7723271939208770
MCP3037005M,6B30DDCD7A97487C9C0CB4517C7816E5,True,NO APPARENT INJURY,NONE,UNKNOWN,PASSENGER,MOVING CONSTANT SPEED,North,DESTROYED,40,False,False,2,1032942982220636,230072435,Montgomery County Police,Property Damage ,False,North,1,1,LEVEL,False,False,DRIVER,SAME DIR REAR END,DRY,DARK LIGHTS ON,NO CONTROLS,RESIDENTIAL DRIVEWAY,T-INTERSECTION,STRAIGHT,NO DEFECTS,"TWO-WAY, DIVIDED, UNPROTECTED PAINTED MIN 4 FEET",39.23948333,-77.23523,2800615797607229,13015426944448,0,0,0,2023121818,7723271939208770
MCP2780007M,7167F865F5CD4EEF97D59710FC56912F,True,NO APPARENT INJURY,NONE,NOT DISTRACTED,PASSENGER,MOVING CONSTANT SPEED,West,FUNCTIONAL,15,False,False,1,7731083949284399,230072446,Montgomery County Police,Property Damage ,False,UNKNOWN,0,0,UNKNOWN,True,True,DRIVER,SAME DIR REAR END,UNKNOWN,DARK LIGHTS ON,NO CONTROLS,UNKNOWN,UNKNOWN,UNKNOWN,UNKNOWN,UNKNOWN,39.17797333,-77.2389285,7781945108562677,7781945108562677,0,0,0,2023121818,7723271939208770
MCP2948006N,F78F66DA88F5480B8F0615C6640EFBCE,True,NO APPARENT INJURY,NONE,LOOKED BUT DID NOT SEE,PASSENGER,MOVING CONSTANT SPEED,West,DISABLING,35,False,False,2,3851345364151993,230072450,Montgomery County Police,Property Damage ,False,West,1,3,LEVEL,False,False,DRIVER,SAME DIR REAR END,DRY,UNKNOWN,UNKNOWN,UNKNOWN,UNKNOWN,STRAIGHT,NO DEFECTS,"TWO-WAY, DIVIDED, POSITIVE MEDIAN BARRIER",39.05804467,-77.05770579,8073720238398338,2602402406295114,0,0,0,2023121819,7704240439043964
MCP2948006N,91A52E3F8CAF4043A7408515BC3B7DC6,False,NO APPARENT INJURY,NONE,NOT DISTRACTED,PASSENGER,MAKING LEFT TURN,West,FUNCTIONAL,35,False,False,2,9530107283453070,230072450,Montgomery County Police,Property Damage ,False,West,1,3,LEVEL,False,False,DRIVER,SAME DIR REAR END,DRY,UNKNOWN,UNKNOWN,UNKNOWN,UNKNOWN,STRAIGHT,NO DEFECTS,"TWO-WAY, DIVIDED, POSITIVE MEDIAN BARRIER",39.05804467,-77.05770579,8073720238398338,2602402406295114,0,0,0,2023121819,7704240439043964
MCP2788003C,43126B2A94A342B9AF11AA42EAFAC82C,True,NO APPARENT INJURY,NONE,UNKNOWN,PASSENGER,MOVING CONSTANT SPEED,East,DISABLING,25,False,False,1,537614168327827,230072486,Montgomery County Police,Property Damage ,False,East,1,1,LEVEL,False,False,DRIVER,OTHER,DRY,DARK LIGHTS ON,UNKNOWN,UNKNOWN,UNKNOWN,CURVE LEFT,NO DEFECTS,"TWO-WAY, NOT DIVIDED",39.03396983,-77.018912,3727901404069718,1674200875220809,0,0,0,2023121902,7700923739021308
MCP115100DH,43758B52294C4A6AABABA0C9ADCEC04D,False,NO APPARENT INJURY,NONE,NOT DISTRACTED,BUS,MAKING LEFT TURN,South,SUPERFICIAL,40,False,False,2,6691677547236723,230072497,Montgomery County Police,Property Damage ,False,East,0,2,LEVEL,False,False,UNKNOWN,SAME DIR BOTH LEFT TURN,DRY,DAWN,TRAFFIC SIGNAL,INTERSECTION,FOUR-WAY INTERSECTION,STRAIGHT,NO DEFECTS,"TWO-WAY, DIVIDED, POSITIVE MEDIAN BARRIER",39.10628667,-77.152135,3262464624971607,8859253252091615,0,0,0,2023121907,7718114539090864
MCP115100DH,4D6F5C52002F473589DEC58270FA99FA,False,NO APPARENT INJURY,NONE,NOT DISTRACTED,BUS,MAKING LEFT TURN,South,NO DAMAGE,40,False,False,2,6691677547236723,230072497,Montgomery County Police,Property Damage ,False,East,0,2,LEVEL,False,False,UNKNOWN,SAME DIR BOTH LEFT TURN,DRY,DAWN,TRAFFIC SIGNAL,INTERSECTION,FOUR-WAY INTERSECTION,STRAIGHT,NO DEFECTS,"TWO-WAY, DIVIDED, POSITIVE MEDIAN BARRIER",39.10628667,-77.152135,3262464624971607,8859253252091615,0,0,0,2023121907,7718114539090864
MCP320000B6,F1FFD079F2304238B2E366E46A381C78,True,NO APPARENT INJURY,NONE,LOOKED BUT DID NOT SEE,BUS,STARTING FROM PARKED,West,FUNCTIONAL,5,False,False,2,6691677547236723,230072494,Montgomery County Police,Property Damage ,False,UNKNOWN,0,0,UNKNOWN,True,True,DRIVER,STRAIGHT MOVEMENT ANGLE,UNKNOWN,DAWN,NO CONTROLS,UNKNOWN,UNKNOWN,UNKNOWN,UNKNOWN,UNKNOWN,39.036174,-77.1456465,7781945108562677,7781945108562677,0,0,0,2023121907,7715220038996189
MCP320000B6,6BC973CD90B049F3B501BDA670BB70EA,False,NO APPARENT INJURY,NONE,NOT DISTRACTED,PASSENGER,MOVING CONSTANT SPEED,North,FUNCTIONAL,5,False,False,2,4955286264666427,230072494,Montgomery County Police,Property Damage ,False,UNKNOWN,0,0,UNKNOWN,True,True,DRIVER,STRAIGHT MOVEMENT ANGLE,UNKNOWN,DAWN,NO CONTROLS,UNKNOWN,UNKNOWN,UNKNOWN,UNKNOWN,UNKNOWN,39.036174,-77.1456465,7781945108562677,7781945108562677,0,0,0,2023121907,7715220038996189
MCP2195005Z,70BFE2E7679142A7B28AC9E343741259,False,POSSIBLE INJURY,NONE,USING DEVICE OBJECT BROUGHT INTO VEHICLE,PASSENGER,SLOWING OR STOPPING,South,FUNCTIONAL,40,False,False,2,1166604427143316,230072499,Montgomery County Police,Injury ,True,South,1,3,LEVEL,False,False,DRIVER,SAME DIR REAR END,DRY,DAYLIGHT,NO CONTROLS,NON INTERSECTION,UNKNOWN,STRAIGHT,NO DEFECTS,"TWO-WAY, DIVIDED, POSITIVE MEDIAN BARRIER",39.21301333,-77.23929833,2800615797607229,3274019802749844,0,0,0,2023121907,7723271939208770
MCP2195005Z,877D2A6C09914FE2AFD9E3D5CE4786CB,True,NO APPARENT INJURY,NONE,UNKNOWN,PASSENGER,MOVING CONSTANT SPEED,South,DISABLING,40,False,False,2,4352139174036649,230072499,Montgomery County Police,Injury ,True,South,1,3,LEVEL,False,False,DRIVER,SAME DIR REAR END,DRY,DAYLIGHT,NO CONTROLS,NON INTERSECTION,UNKNOWN,STRAIGHT,NO DEFECTS,"TWO-WAY, DIVIDED, POSITIVE MEDIAN BARRIER",39.21301333,-77.23929833,2800615797607229,3274019802749844,0,0,0,2023121907,7723271939208770
MCP2968005B,EF88FACDA1F14DD89F1E4CBADFFF7D6C,True,SUSPECTED MINOR INJURY,UNKNOWN,NOT DISTRACTED,PASSENGER,MOVING CONSTANT SPEED,South,DESTROYED,30,False,False,1,5251739808493799,230072503,Montgomery County Police,Injury ,False,South,1,2,LEVEL,False,False,DRIVER,SINGLE VEHICLE,DRY,DAYLIGHT,UNKNOWN,UNKNOWN,UNKNOWN,STRAIGHT,NO DEFECTS,"TWO-WAY, DIVIDED, UNPROTECTED PAINTED MIN 4 FEET",39.05140333,-77.18720833,8203864555493010,5080022737134299,0,0,0,2023121908,7722348939035838
EJ7781004Q,A3FAC41E3C384A6A8CF039C0EC3FE076,True,NO APPARENT INJURY,NONE,NOT DISTRACTED,PASSENGER,MAKING LEFT TURN,North,DISABLING,45,False,False,2,2534137727818551,230072501,Gaithersburg Police Depar,Property Damage ,False,East,1,2,LEVEL,False,False,DRIVER,HEAD ON LEFT TURN,DRY,DAYLIGHT,TRAFFIC SIGNAL,INTERSECTION,FOUR-WAY INTERSECTION,STRAIGHT,NO DEFECTS,"TWO-WAY, DIVIDED, POSITIVE MEDIAN BARRIER",39.14020815,-77.2051766,4261994559990100,6421645165822542,0,0,0,2023121908,7718751639140820
EJ7781004Q,6386DEDEB1594651BBC2B087BF58D52C,False,NO APPARENT INJURY,NONE,NOT DISTRACTED,PASSENGER,MOVING CONSTANT SPEED,West,DISABLING,25,False,False,2,4595510051903263,230072501,Gaithersburg Police Depar,Property Damage ,False,East,1,2,LEVEL,False,False,DRIVER,HEAD ON LEFT TURN,DRY,DAYLIGHT,TRAFFIC SIGNAL,INTERSECTION,FOUR-WAY INTERSECTION,STRAIGHT,NO DEFECTS,"TWO-WAY, DIVIDED, POSITIVE MEDIAN BARRIER",39.14020815,-77.2051766,4261994559990100,6421645165822542,0,0,0,2023121908,7718751639140820
MCP2592003G,095E62F1988E4BC1B9EB9C8E5B73FA9B,True,NO APPARENT INJURY,NONE,NOT DISTRACTED,BUS,MAKING LEFT TURN,UNKNOWN,SUPERFICIAL,25,False,False,1,2250767647570290,230072509,Montgomery County Police,Property Damage ,False,UNKNOWN,0,0,UNKNOWN,True,True,DRIVER,OTHER,UNKNOWN,DAYLIGHT,UNKNOWN,UNKNOWN,UNKNOWN,UNKNOWN,UNKNOWN,UNKNOWN,39.17481565,-77.19987066,7781945108562677,7781945108562677,0,0,0,2023121908,7719610239179289
MCP3279002Z,90A28A56F4514FF3B5E3BE93E18A62AD,False,NO APPARENT INJURY,UNKNOWN,NOT DISTRACTED,PASSENGER,MOVING CONSTANT SPEED,North,SUPERFICIAL,30,False,False,2,2220025485580087,230074197,Montgomery County Police,Property Damage ,True,North,1,1,UNKNOWN,False,False,DRIVER,SAME DIR REAR END,UNKNOWN,DAYLIGHT,NO CONTROLS,UNKNOWN,UNKNOWN,STRAIGHT,NO DEFECTS,"TWO-WAY, NOT DIVIDED",39.02352392,-77.02909558,5996629619687776,5352152355981673,0,0,0,2023121908,7700923739021308
MCP3279002Z,B50C4E7776EF41569FEF8C9507E67972,True,NO APPARENT INJURY,UNKNOWN,UNKNOWN,PASSENGER,UNKNOWN,North,UNKNOWN,30,False,False,2,9429046770295452,230074197,Montgomery County Police,Property Damage ,True,North,1,1,UNKNOWN,False,False,DRIVER,SAME DIR REAR END,UNKNOWN,DAYLIGHT,NO CONTROLS,UNKNOWN,UNKNOWN,STRAIGHT,NO DEFECTS,"TWO-WAY, NOT DIVIDED",39.02352392,-77.02909558,5996629619687776,5352152355981673,0,0,0,2023121908,7700923739021308
MCP2052003H,EF56776B072F41868482E7401C27E329,False,NO APPARENT INJURY,NONE,NOT DISTRACTED,PASSENGER,MOVING CONSTANT SPEED,North,FUNCTIONAL,35,False,False,2,2311894326589351,230072515,Montgomery County Police,Property Damage ,True,North,1,1,LEVEL,False,False,DRIVER,STRAIGHT MOVEMENT ANGLE,DRY,DAYLIGHT,TRAFFIC SIGNAL,INTERSECTION,FOUR-WAY INTERSECTION,STRAIGHT,NO DEFECTS,UNKNOWN,39.16945831,-77.19065084,1199254639990896,7467019256973792,0,0,0,2023121909,7716365739170519
MCP2052003H,060DCE71BA31435DBE64F4224EF830BF,True,NO APPARENT INJURY,UNKNOWN,UNKNOWN,UNKNOWN,MAKING LEFT TURN,West,FUNCTIONAL,35,False,False,2,8168321465439775,230072515,Montgomery County Police,Property Damage ,True,North,1,1,LEVEL,False,False,DRIVER,STRAIGHT MOVEMENT ANGLE,DRY,DAYLIGHT,TRAFFIC SIGNAL,INTERSECTION,FOUR-WAY INTERSECTION,STRAIGHT,NO DEFECTS,UNKNOWN,39.16945831,-77.19065084,1199254639990896,7467019256973792,0,0,0,2023121909,7716365739170519
MCP3079005Y,6FBE823EF0EA49D6BB0063D786CE21FF,False,POSSIBLE INJURY,NONE,NOT DISTRACTED,PASSENGER,MOVING CONSTANT SPEED,South,DISABLING,35,False,False,2,8155498666317146,230072518,Montgomery County Police,Injury ,False,South,2,2,LEVEL,False,False,DRIVER,STRAIGHT MOVEMENT ANGLE,DRY,DAYLIGHT,NO CONTROLS,NON INTERSECTION,UNKNOWN,STRAIGHT,NO DEFECTS,"TWO-WAY, NOT DIVIDED",39.28806492,-77.201595,6327735360341145,6676754628254912,0,0,0,2023121909,7721721839291851
MCP3079005Y,1822545EEC684C13895A964B61AF371F,True,NO APPARENT INJURY,NONE,LOOKED BUT DID NOT SEE,PASSENGER,MAKING LEFT TURN,North,FUNCTIONAL,35,False,False,2,9203591751802440,230072518,Montgomery County Police,Injury ,False,South,2,2,LEVEL,False,False,DRIVER,STRAIGHT MOVEMENT ANGLE,DRY,DAYLIGHT,NO CONTROLS,NON INTERSECTION,UNKNOWN,STRAIGHT,NO DEFECTS,"TWO-WAY, NOT DIVIDED",39.28806492,-77.201595,6327735360341145,6676754628254912,0,0,0,2023121909,7721721839291851
MCP31620055,73C3EBEF447041C9A5EABF32ED647F37,True,NO APPARENT INJURY,NONE,NOT DISTRACTED,MOTORCYCLE,SLOWING OR STOPPING,South,SUPERFICIAL,35,False,False,2,3414161128511951,230072561,Montgomery County Police,Property Damage ,True,South,2,3,LEVEL,False,False,DRIVER,SAME DIR REAR END,DRY,DAYLIGHT,NO CONTROLS,UNKNOWN,UNKNOWN,STRAIGHT,NO DEFECTS,"TWO-WAY, DIVIDED, POSITIVE MEDIAN BARRIER",39.02338426,-77.0456033,8554262040045692,8363224351877962,0,0,0,2023121913,7704240439043964
MCP31620055,9E1976E7B69F44BAB04078642D095248,False,NO APPARENT INJURY,NONE,NOT DISTRACTED,PASSENGER,SLOWING OR STOPPING,South,SUPERFICIAL,35,False,False,2,751452872260051,230072561,Montgomery County Police,Property Damage ,True,South,2,3,LEVEL,False,False,DRIVER,SAME DIR REAR END,DRY,DAYLIGHT,NO CONTROLS,UNKNOWN,UNKNOWN,STRAIGHT,NO DEFECTS,"TWO-WAY, DIVIDED, POSITIVE MEDIAN BARRIER",39.02338426,-77.0456033,8554262040045692,8363224351877962,0,0,0,2023121913,7704240439043964
EJ7781004R,85178350F34D401F82D7DBDD9DB9F976,True,NO APPARENT INJURY,NONE,NOT DISTRACTED,PASSENGER,PARKING,South,FUNCTIONAL,15,False,False,1,5826783019741363,230072555,Gaithersburg Police Depar,Property Damage ,False,UNKNOWN,0,0,UNKNOWN,True,True,DRIVER,OTHER,UNKNOWN,DARK LIGHTS ON,NO CONTROLS,UNKNOWN,UNKNOWN,UNKNOWN,UNKNOWN,UNKNOWN,39.15630275,-77.21338875,7781945108562677,7781945108562677,0,0,0,2023121913,7722140839165105
MCP2764002Y,B2579D9A20A94137B1EAA20E9EA9E142,True,NO APPARENT INJURY,UNKNOWN,NOT DISTRACTED,PASSENGER,MOVING CONSTANT SPEED,East,DISABLING,15,False,False,2,751452905815289,230072566,Montgomery County Police,Injury ,False,North,1,1,GRADE DOWNHILL,False,False,DRIVER,STRAIGHT MOVEMENT ANGLE,DRY,DAYLIGHT,STOP SIGN,INTERSECTION,FOUR-WAY INTERSECTION,STRAIGHT,NO DEFECTS,"TWO-WAY, NOT DIVIDED",39.05559833,-77.05154167,6596794406628299,3740024822529775,0,0,0,2023121914,7704240439043964
MCP2764002Y,67D05CDBB5524B1ABF6BE25AA6AE188A,False,POSSIBLE INJURY,UNKNOWN,NOT DISTRACTED,PASSENGER,MOVING CONSTANT SPEED,North,DISABLING,15,False,False,2,1032942915110160,230072566,Montgomery County Police,Injury ,False,North,1,1,GRADE DOWNHILL,False,False,DRIVER,STRAIGHT MOVEMENT ANGLE,DRY,DAYLIGHT,STOP SIGN,INTERSECTION,FOUR-WAY INTERSECTION,STRAIGHT,NO DEFECTS,"TWO-WAY, NOT DIVIDED",39.05559833,-77.05154167,6596794406628299,3740024822529775,0,0,0,2023121914,7704240439043964
MCP2203007W,948EF412E7104CF6AA4F2F098F6E3A5D,True,NO APPARENT INJURY,NONE,NOT DISTRACTED,OTHER,SLOWING OR STOPPING,North,SUPERFICIAL,25,False,False,2,8690921057660712,230072570,Montgomery County Police,Property Damage ,False,North,1,2,LEVEL,False,False,DRIVER,SAME DIR REAR END,DRY,DAYLIGHT,STOP SIGN,INTERSECTION RELATED,T-INTERSECTION,STRAIGHT,NO DEFECTS,"TWO-WAY, NOT DIVIDED",39.04306167,-77.04786167,2480366219871158,7567271927470179,0,0,0,2023121914,7704240439043964