ReportNumber,VehicleCrashKey,DriverAtFault,DriverInjurySeverity,DriverSubstanceAbuse,DriverDistractedBy,VehicleType,VehicleMovement,VehicleGoingDir,VehicleDamageExtent,SpeedLimit,ParkedVehicle,SubstanceAbuseContributed,VehiclesCrashedTotal,VehicleKey,LocalCaseNumber,AgencyName,ACRSReportType,HitRun,LaneDirection,LaneNumber,NumberOfLanes,RoadGrade,NonTraffic,OffRoadIncident,AccidentAtFault,CollisionType,SurfaceCondition,Light,TrafficControl,Junction,IntersectionType,RoadAlignment,RoadCondition,RoadDivision,Latitude,Longitude,RoadKey,CrossStreetKey,NonMotoristTotal,NonMotoristInjury,NonMotoristFatal,DateHourKey,LocationAreaKey
MCP2203007W,1E1B681A2A1A422F84AE1BAD11701D1A,False,NO APPARENT INJURY,NONE,NOT DISTRACTED,PASSENGER,STOPPED IN TRAFFIC LANE,North,FUNCTIONAL,25,False,False,2,3722524520326338,230072570,Montgomery County Police,Property Damage ,False,North,1,2,LEVEL,False,False,DRIVER,SAME DIR REAR END,DRY,DAYLIGHT,STOP SIGN,INTERSECTION RELATED,T-INTERSECTION,STRAIGHT,NO DEFECTS,"TWO-WAY, NOT DIVIDED",39.04306167,-77.04786167,2480366219871158,7567271927470179,0,0,0,2023121914,7704240439043964
MCP3348001W,F58E39D1D8924089AD5C49892E747013,False,NO APPARENT INJURY,NONE,NOT DISTRACTED,PASSENGER,CHANGING LANES,South,FUNCTIONAL,35,False,False,2,751452872260051,230072567,Montgomery County Police,Property Damage ,False,South,1,3,LEVEL,False,False,UNKNOWN,SAME DIRECTION SIDESWIPE,DRY,DAYLIGHT,UNKNOWN,NON INTERSECTION,UNKNOWN,STRAIGHT,NO DEFECTS,"TWO-WAY, DIVIDED, POSITIVE MEDIAN BARRIER",39.07016056,-77.06304895,8554262040045692,388377803167212,0,0,0,2023121914,7705486039088590
MCP3348001W,4B92EAB52BBA47CB86FFF7BD7F1C1E6B,False,NO APPARENT INJURY,NONE,NOT DISTRACTED,PASSENGER,MOVING CONSTANT SPEED,South,DISABLING,35,False,False,2,8892869415288246,230072567,Montgomery County Police,Property Damage ,False,South,1,3,LEVEL,False,False,UNKNOWN,SAME DIRECTION SIDESWIPE,DRY,DAYLIGHT,UNKNOWN,NON INTERSECTION,UNKNOWN,STRAIGHT,NO DEFECTS,"TWO-WAY, DIVIDED, POSITIVE MEDIAN BARRIER",39.07016056,-77.06304895,8554262040045692,388377803167212,0,0,0,2023121914,7705486039088590
MCP3197003X,3BC776D588454911B595F9DC694BDE27,False,NO APPARENT INJURY,NONE,NOT DISTRACTED,PASSENGER,MAKING LEFT TURN,East,SUPERFICIAL,30,False,False,2,1136703331721012,230072595,Montgomery County Police,Property Damage ,True,North,0,5,LEVEL,False,False,DRIVER,SAME DIRECTION SIDESWIPE,DRY,DAYLIGHT,TRAFFIC SIGNAL,INTERSECTION RELATED,FOUR-WAY INTERSECTION,STRAIGHT,NO DEFECTS,"TWO-WAY, DIVIDED, POSITIVE MEDIAN BARRIER",39.08347726,-77.07808234,2128650102927787,8554262040045692,0,0,0,2023121914,7705486039088590
MCP3197003X,454B787E7EAC42FFA970EA417E4A2216,True,NO APPARENT INJURY,UNKNOWN,UNKNOWN,PASSENGER,MAKING RIGHT TURN,East,UNKNOWN,30,False,False,2,2815627334450566,230072595,Montgomery County Police,Property Damage ,True,North,0,5,LEVEL,False,False,DRIVER,SAME DIRECTION SIDESWIPE,DRY,DAYLIGHT,TRAFFIC SIGNAL,INTERSECTION RELATED,FOUR-WAY INTERSECTION,STRAIGHT,NO DEFECTS,"TWO-WAY, DIVIDED, POSITIVE MEDIAN BARRIER",39.08347726,-77.07808234,2128650102927787,8554262040045692,0,0,0,2023121914,7705486039088590
DD55670024,C3F7A9222FAB451481671B4857B286BF,True,NO APPARENT INJURY,NONE,UNKNOWN,PASSENGER,ACCELERATING,South,DISABLING,40,False,False,2,3233063173565461,230072579,Rockville Police Departme,Property Damage ,False,South,3,3,LEVEL,False,False,DRIVER,SAME DIR REAR END,DRY,DAYLIGHT,UNKNOWN,UNKNOWN,UNKNOWN,STRAIGHT,NO DEFECTS,"TWO-WAY, DIVIDED, POSITIVE MEDIAN BARRIER",39.07097355,-77.13209982,5925405510732472,9590029957436085,0,0,0,2023121914,7712482939051552
DD55670024,1C906BAEC3304273B59814E0738417E3,False,NO APPARENT INJURY,NONE,NOT DISTRACTED,BUS,STOPPED IN TRAFFIC LANE,South,SUPERFICIAL,40,False,False,2,240722642832247,230072579,Rockville Police Departme,Property Damage ,False,South,3,3,LEVEL,False,False,DRIVER,SAME DIR REAR END,DRY,DAYLIGHT,UNKNOWN,UNKNOWN,UNKNOWN,STRAIGHT,NO DEFECTS,"TWO-WAY, DIVIDED, POSITIVE MEDIAN BARRIER",39.07097355,-77.13209982,5925405510732472,9590029957436085,0,0,0,2023121914,7712482939051552
MCP30930053,35E4FE17B0744CAABAFCC1EC835BCDA2,True,POSSIBLE INJURY,UNKNOWN,LOOKED BUT DID NOT SEE,PASSENGER,STARTING FROM LANE,South,DISABLING,25,False,False,2,2534137711040932,230072582,Montgomery County Police,Injury ,False,South,1,1,LEVEL,False,False,DRIVER,OTHER,DRY,DAYLIGHT,UNKNOWN,UNKNOWN,T-INTERSECTION,STRAIGHT,NO DEFECTS,"TWO-WAY, NOT DIVIDED",38.99899752,-77.05243932,5228183453489777,8698572861437387,0,0,0,2023121914,7703596439001907
MCP30930053,1EDFE90DD0914E039AE93FF0697FD89A,False,NO APPARENT INJURY,UNKNOWN,NOT DISTRACTED,BUS,MOVING CONSTANT SPEED,West,SUPERFICIAL,25,False,False,2,2250767647570290,230072582,Montgomery County Police,Injury ,False,South,1,1,LEVEL,False,False,DRIVER,OTHER,DRY,DAYLIGHT,UNKNOWN,UNKNOWN,T-INTERSECTION,STRAIGHT,NO DEFECTS,"TWO-WAY, NOT DIVIDED",38.99899752,-77.05243932,5228183453489777,8698572861437387,0,0,0,2023121914,7703596439001907
MCP3197003W,99C61DE3C43C4DC989245C2F51539B89,True,NO APPARENT INJURY,NONE,LOOKED BUT DID NOT SEE,PASSENGER,MOVING CONSTANT SPEED,West,NO DAMAGE,30,False,False,1,4940576417214208,230072585,Montgomery County Police,Injury ,False,West,1,2,LEVEL,False,False,DRIVER,STRAIGHT MOVEMENT ANGLE,DRY,DAYLIGHT,NO CONTROLS,INTERSECTION RELATED,UNKNOWN,STRAIGHT,NO DEFECTS,"TWO-WAY, DIVIDED, POSITIVE MEDIAN BARRIER",39.09041416,-77.05300905,3786639377990067,2528857722379129,1,1,0,2023121915,7705486039088590
MCP2203007V,BACE6583335841A2ABC30D3E97357C48,True,NO APPARENT INJURY,NONE,NOT DISTRACTED,PASSENGER,MOVING CONSTANT SPEED,North,DESTROYED,15,False,False,1,3611013912681731,230072598,Montgomery County Police,Property Damage ,False,North,1,1,GRADE DOWNHILL,False,False,DRIVER,SAME DIRECTION SIDESWIPE,DRY,DAYLIGHT,NO CONTROLS,UNKNOWN,UNKNOWN,STRAIGHT,NO DEFECTS,"TWO-WAY, NOT DIVIDED",39.053241,-77.07055383,1449519790328874,9787154854182189,3,0,0,2023121915,7704240439043964
MCP3225004D,A8665E386C9044388D31FD2151314EE7,False,SUSPECTED MINOR INJURY,NONE,NOT DISTRACTED,PASSENGER,MOVING CONSTANT SPEED,East,DISABLING,25,False,False,2,4800773928590746,230072591,Montgomery County Police,Injury ,False,West,1,1,LEVEL,False,False,DRIVER,SAME DIRECTION LEFT TURN,DRY,DAYLIGHT,NO CONTROLS,NON INTERSECTION,UNKNOWN,STRAIGHT,NO DEFECTS,"TWO-WAY, DIVIDED, UNPROTECTED PAINTED MIN 4 FEET",39.09673717,-77.09611933,3786639377990067,4763628939394707,0,0,0,2023121916,7709494939102237
MCP3225004D,B6B65ABE09C0499A8686EEAF6E1158DA,True,NO APPARENT INJURY,NONE,LOOKED BUT DID NOT SEE,PASSENGER,MAKING U TURN,East,DISABLING,25,False,False,2,537614201883065,230072591,Montgomery County Police,Injury ,False,West,1,1,LEVEL,False,False,DRIVER,SAME DIRECTION LEFT TURN,DRY,DAYLIGHT,NO CONTROLS,NON INTERSECTION,UNKNOWN,STRAIGHT,NO DEFECTS,"TWO-WAY, DIVIDED, UNPROTECTED PAINTED MIN 4 FEET",39.09673717,-77.09611933,3786639377990067,4763628939394707,0,0,0,2023121916,7709494939102237
MCP27230087,6C8EEB2CF3C14430A1E63AECF678CE7F,False,NO APPARENT INJURY,NONE,NOT DISTRACTED,PASSENGER,STOPPED IN TRAFFIC LANE,South,DISABLING,35,False,False,3,1032942931887779,230072596,Montgomery County Police,Injury ,False,West,3,4,LEVEL,False,False,DRIVER,STRAIGHT MOVEMENT ANGLE,DRY,DAYLIGHT,TRAFFIC SIGNAL,INTERSECTION,FOUR-WAY INTERSECTION,STRAIGHT,NO DEFECTS,"TWO-WAY, DIVIDED, UNPROTECTED PAINTED MIN 4 FEET",39.10932762,-77.07573559,8554262040045692,418179445979580,0,0,0,2023121916,7705486039088590
MCP27230087,FADA24F23F6743B58B8A139447C465E1,False,SUSPECTED MINOR INJURY,NONE,UNKNOWN,PASSENGER,MOVING CONSTANT SPEED,West,DISABLING,35,False,False,3,3706795429459167,230072596,Montgomery County Police,Injury ,False,West,3,4,LEVEL,False,False,DRIVER,STRAIGHT MOVEMENT ANGLE,DRY,DAYLIGHT,TRAFFIC SIGNAL,INTERSECTION,FOUR-WAY INTERSECTION,STRAIGHT,NO DEFECTS,"TWO-WAY, DIVIDED, UNPROTECTED PAINTED MIN 4 FEET",39.10932762,-77.07573559,8554262040045692,418179445979580,0,0,0,2023121916,7705486039088590
MCP27230087,473FFC443ED54EDC9E657D73459B0111,True,SUSPECTED MINOR INJURY,NONE,NOT DISTRACTED,PASSENGER,MAKING LEFT TURN,East,DISABLING,35,False,False,3,5222066694950983,230072596,Montgomery County Police,Injury ,False,West,3,4,LEVEL,False,False,DRIVER,STRAIGHT MOVEMENT ANGLE,DRY,DAYLIGHT,TRAFFIC SIGNAL,INTERSECTION,FOUR-WAY INTERSECTION,STRAIGHT,NO DEFECTS,"TWO-WAY, DIVIDED, UNPROTECTED PAINTED MIN 4 FEET",39.10932762,-77.07573559,8554262040045692,418179445979580,0,0,0,2023121916,7705486039088590
MCP2586006X,2D77C0D8A8EF42F6B1CAF91A21230CE5,True,POSSIBLE INJURY,NONE,LOOKED BUT DID NOT SEE,PASSENGER,MOVING CONSTANT SPEED,South,DISABLING,40,False,False,2,502837836552284,230072599,Montgomery County Police,Injury ,False,South,2,3,LEVEL,False,False,DRIVER,STRAIGHT MOVEMENT ANGLE,DRY,DAYLIGHT,TRAFFIC SIGNAL,INTERSECTION,T-INTERSECTION,STRAIGHT,NO DEFECTS,"TWO-WAY, DIVIDED, POSITIVE MEDIAN BARRIER",39.19664595,-77.26549956,1482134744854050,1943936794897559,0,0,0,2023121916,7729807639132189
MCP2586006X,2B42B41E9AEC4C27B4A6DA1EF1180340,False,NO APPARENT INJURY,NONE,NOT DISTRACTED,PASSENGER,MAKING LEFT TURN,East,FUNCTIONAL,40,False,False,2,1986467687248466,230072599,Montgomery County Police,Injury ,False,South,2,3,LEVEL,False,False,DRIVER,STRAIGHT MOVEMENT ANGLE,DRY,DAYLIGHT,TRAFFIC SIGNAL,INTERSECTION,T-INTERSECTION,STRAIGHT,NO DEFECTS,"TWO-WAY, DIVIDED, POSITIVE MEDIAN BARRIER",39.19664595,-77.26549956,1482134744854050,1943936794897559,0,0,0,2023121916,7729807639132189
MCP33560017,96DA317D52834132B5AF098FAF094668,False,NO APPARENT INJURY,NONE,NOT DISTRACTED,PASSENGER,MOVING CONSTANT SPEED,North,SUPERFICIAL,45,False,False,2,2128459697419626,230072608,Montgomery County Police,Property Damage ,False,North,1,2,LEVEL,False,False,DRIVER,SAME DIR REAR END,DRY,DAYLIGHT,NO CONTROLS,OTHER,UNKNOWN,STRAIGHT,NO DEFECTS,"TWO-WAY, NOT DIVIDED",39.22862867,-77.23675367,2800615797607229,6213617059227252,0,0,0,2023121916,7723271939208770
MCP33560017,738FD9DF098E40E8B5FB1DAA77E4F084,True,NO APPARENT INJURY,NONE,INATTENTIVE OR LOST IN THOUGHT,PASSENGER,MOVING CONSTANT SPEED,North,DISABLING,45,False,False,2,7004010137869122,230072608,Montgomery County Police,Property Damage ,False,North,1,2,LEVEL,False,False,DRIVER,SAME DIR REAR END,DRY,DAYLIGHT,NO CONTROLS,OTHER,UNKNOWN,STRAIGHT,NO DEFECTS,"TWO-WAY, NOT DIVIDED",39.22862867,-77.23675367,2800615797607229,6213617059227252,0,0,0,2023121916,7723271939208770
MCP3170003R,CC05FBB7672143B48A8D0B6CD1C60FB0,True,NO APPARENT INJURY,NONE,LOOKED BUT DID NOT SEE,PASSENGER,MAKING LEFT TURN,North,DISABLING,40,False,False,2,8961481787963722,230072609,Montgomery County Police,Property Damage ,False,North,1,2,LEVEL,False,False,DRIVER,STRAIGHT MOVEMENT ANGLE,DRY,DAYLIGHT,TRAFFIC SIGNAL,UNKNOWN,FOUR-WAY INTERSECTION,STRAIGHT,NO DEFECTS,"TWO-WAY, DIVIDED, POSITIVE MEDIAN BARRIER",39.1592315,-77.2752385,278210474574513,7771692879388507,0,0,0,2023121916,7729807639132189
MCP3170003R,2A2A71A268D5417BBD8671BEB7281CED,False,NO APPARENT INJURY,NONE,NOT DISTRACTED,PASSENGER,MOVING CONSTANT SPEED,South,DISABLING,40,False,False,2,8208858237605081,230072609,Montgomery County Police,Property Damage ,False,North,1,2,LEVEL,False,False,DRIVER,STRAIGHT MOVEMENT ANGLE,DRY,DAYLIGHT,TRAFFIC SIGNAL,UNKNOWN,FOUR-WAY INTERSECTION,STRAIGHT,NO DEFECTS,"TWO-WAY, DIVIDED, POSITIVE MEDIAN BARRIER",39.1592315,-77.2752385,278210474574513,7771692879388507,0,0,0,2023121916,7729807639132189
MCP2286005R,81A6BFBB25E742AABB48F112AB70E401,True,NO APPARENT INJURY,NONE,NOT DISTRACTED,PASSENGER,SLOWING OR STOPPING,North,SUPERFICIAL,40,False,False,2,8243785576347135,230072825,Montgomery County Police,Property Damage ,False,North,3,3,LEVEL,False,False,DRIVER,SAME DIR REAR END,DRY,DARK LIGHTS ON,TRAFFIC SIGNAL,INTERSECTION,T-INTERSECTION,STRAIGHT,NO DEFECTS,"TWO-WAY, NOT DIVIDED",39.00254897,-77.09710355,5925405510732472,1161212865106327,0,0,0,2023121916,7709047139001824
MCP2286005R,C659183CD0EE4AC29DA90258447B2CB3,False,NO APPARENT INJURY,NONE,NOT DISTRACTED,PASSENGER,STOPPED IN TRAFFIC LANE,North,SUPERFICIAL,40,False,False,2,4729328044303817,230072825,Montgomery County Police,Property Damage ,False,North,3,3,LEVEL,False,False,DRIVER,SAME DIR REAR END,DRY,DARK LIGHTS ON,TRAFFIC SIGNAL,INTERSECTION,T-INTERSECTION,STRAIGHT,NO DEFECTS,"TWO-WAY, NOT DIVIDED",39.00254897,-77.09710355,5925405510732472,1161212865106327,0,0,0,2023121916,7709047139001824
MCP30800047,32060307B7BE48AAA95C6FDF3FBEDF24,False,POSSIBLE INJURY,NONE,UNKNOWN,PASSENGER,ACCELERATING,South,DISABLING,40,False,False,2,1288219016883217,230072621,Montgomery County Police,Injury ,False,South,3,4,LEVEL,False,False,UNKNOWN,STRAIGHT MOVEMENT ANGLE,DRY,DARK LIGHTS ON,TRAFFIC SIGNAL,INTERSECTION,FOUR-WAY INTERSECTION,STRAIGHT,NO DEFECTS,"TWO-WAY, NOT DIVIDED",39.16256728,-77.28275131,3202275317843380,278210474574513,0,0,0,2023121917,7729807639132189
MCP30800047,735159F9F6B14F7889D6FF4F9F11D5C9,False,NO APPARENT INJURY,NONE,UNKNOWN,PASSENGER,MOVING CONSTANT SPEED,South,FUNCTIONAL,40,False,False,2,3233063173565461,230072621,Montgomery County Police,Injury ,False,South,3,4,LEVEL,False,False,UNKNOWN,STRAIGHT MOVEMENT ANGLE,DRY,DARK LIGHTS ON,TRAFFIC SIGNAL,INTERSECTION,FOUR-WAY INTERSECTION,STRAIGHT,NO DEFECTS,"TWO-WAY, NOT DIVIDED",39.16256728,-77.28275131,3202275317843380,278210474574513,0,0,0,2023121917,7729807639132189
MCP31380066,2D23903E90CD41FAA9F90B57FFEE9859,False,NO APPARENT INJURY,NONE,NOT DISTRACTED,PASSENGER,SLOWING OR STOPPING,South,DISABLING,30,False,False,2,5082261840683242,230072622,Montgomery County Police,Injury ,False,South,2,2,LEVEL,False,False,DRIVER,SAME DIR REAR END,DRY,DARK LIGHTS ON,UNKNOWN,UNKNOWN,UNKNOWN,STRAIGHT,NO DEFECTS,"TWO-WAY, DIVIDED, POSITIVE MEDIAN BARRIER",39.14761,-77.06709317,8554262040045692,1582415046542789,0,0,0,2023121917,7707322739151114
MCP31380066,5A112AC9F10E4BFE80DE4225C5BE4A51,True,POSSIBLE INJURY,NONE,LOOKED BUT DID NOT SEE,PASSENGER,SLOWING OR STOPPING,South,DISABLING,30,False,False,2,9530107350563546,230072622,Montgomery County Police,Injury ,False,South,2,2,LEVEL,False,False,DRIVER,SAME DIR REAR END,DRY,DARK LIGHTS ON,UNKNOWN,UNKNOWN,UNKNOWN,STRAIGHT,NO DEFECTS,"TWO-WAY, DIVIDED, POSITIVE MEDIAN BARRIER",39.14761,-77.06709317,8554262040045692,1582415046542789,0,0,0,2023121917,7707322739151114
MCP32550051,E8539997D90143A0865E688F5BCDD5C5,False,POSSIBLE INJURY,UNKNOWN,NOT DISTRACTED,PASSENGER,MOVING CONSTANT SPEED,North,DISABLING,45,False,False,2,5222066527174793,230072625,Montgomery County Police,Injury ,False,North,2,2,LEVEL,False,False,DRIVER,STRAIGHT MOVEMENT ANGLE,DRY,DARK LIGHTS ON,TRAFFIC SIGNAL,INTERSECTION,FOUR-WAY INTERSECTION,STRAIGHT,NO DEFECTS,"TWO-WAY, DIVIDED, POSITIVE MEDIAN BARRIER",39.09873083,-77.2040625,7334938358929457,2029323678496395,0,0,0,2023121917,7718114539090864
MCP32550051,BACC7CF1C88C40A5BF28E4976ED94F65,True,NO APPARENT INJURY,UNKNOWN,UNKNOWN,PASSENGER,MAKING LEFT TURN,South,DISABLING,45,False,False,2,3291189881588579,230072625,Montgomery County Police,Injury ,False,North,2,2,LEVEL,False,False,DRIVER,STRAIGHT MOVEMENT ANGLE,DRY,DARK LIGHTS ON,TRAFFIC SIGNAL,INTERSECTION,FOUR-WAY INTERSECTION,STRAIGHT,NO DEFECTS,"TWO-WAY, DIVIDED, POSITIVE MEDIAN BARRIER",39.09873083,-77.2040625,7334938358929457,2029323678496395,0,0,0,2023121917,7718114539090864
MCP3145004G,8AB622692BF8479E8319F8D0CF6ED1C4,False,NO APPARENT INJURY,NONE,NOT DISTRACTED,PASSENGER,SLOWING OR STOPPING,North,SUPERFICIAL,35,False,False,2,8208858405381271,230072630,Montgomery County Police,Property Damage ,False,North,3,3,LEVEL,False,False,DRIVER,SAME DIR REAR END,DRY,DARK NO LIGHTS,NO CONTROLS,UNKNOWN,UNKNOWN,STRAIGHT,NO DEFECTS,"TWO-WAY, DIVIDED, POSITIVE MEDIAN BARRIER",39.017066,-77.01550683,7228418003688286,4826736316525293,0,0,0,2023121918,7700923739021308
MCP3145004G,8C9752F13F154A4BB03B840124A8AA98,True,NO APPARENT INJURY,NONE,INATTENTIVE OR LOST IN THOUGHT,PASSENGER,MOVING CONSTANT SPEED,North,SUPERFICIAL,35,False,False,2,2220025468802468,230072630,Montgomery County Police,Property Damage ,False,North,3,3,LEVEL,False,False,DRIVER,SAME DIR REAR END,DRY,DARK NO LIGHTS,NO CONTROLS,UNKNOWN,UNKNOWN,STRAIGHT,NO DEFECTS,"TWO-WAY, DIVIDED, POSITIVE MEDIAN BARRIER",39.017066,-77.01550683,7228418003688286,4826736316525293,0,0,0,2023121918,7700923739021308
DD5643003B,F461522E02AE4C21ABE260E10B1CEF1F,True,NO APPARENT INJURY,NONE,NOT DISTRACTED,PASSENGER,MAKING LEFT TURN,North,DESTROYED,35,False,False,2,7871367620570760,230072634,Rockville Police Departme,Injury ,False,South,1,3,LEVEL,False,False,DRIVER,HEAD ON LEFT TURN,DRY,DARK LIGHTS ON,TRAFFIC SIGNAL,INTERSECTION,FOUR-WAY INTERSECTION,STRAIGHT,NO DEFECTS,"TWO-WAY, DIVIDED, POSITIVE MEDIAN BARRIER",39.11554459,-77.16610267,4972572914805173,6551387848810278,0,0,0,2023121918,7713230839137712
DD5643003B,2C5DD64C34344CC4854A588849716235,False,POSSIBLE INJURY,NONE,NOT DISTRACTED,PASSENGER,MOVING CONSTANT SPEED,South,DESTROYED,35,False,False,2,6076966844177332,230072634,Rockville Police Departme,Injury ,False,South,1,3,LEVEL,False,False,DRIVER,HEAD ON LEFT TURN,DRY,DARK LIGHTS ON,TRAFFIC SIGNAL,INTERSECTION,FOUR-WAY INTERSECTION,STRAIGHT,NO DEFECTS,"TWO-WAY, DIVIDED, POSITIVE MEDIAN BARRIER",39.11554459,-77.16610267,4972572914805173,6551387848810278,0,0,0,2023121918,7713230839137712
MCP2760004N,06B859A9232A4FEC94EEBB0F4FD84558,True,NO APPARENT INJURY,UNKNOWN,UNKNOWN,PASSENGER,MOVING CONSTANT SPEED,North,DISABLING,35,False,False,1,7004010070758646,230072633,Montgomery County Police,Property Damage ,False,North,1,1,HILL UPHILL,False,False,DRIVER,SINGLE VEHICLE,DRY,DARK LIGHTS ON,NO CONTROLS,UNKNOWN,T-INTERSECTION,CURVE RIGHT,NO DEFECTS,"TWO-WAY, NOT DIVIDED",39.14090667,-77.13689833,9915941979319439,6892162704166973,0,0,0,2023121918,7713230839137712
MCP33530022,4165E23363224775B278568C282F4C6F,False,NO APPARENT INJURY,NONE,NOT DISTRACTED,PASSENGER,MOVING CONSTANT SPEED,North,DISABLING,35,False,False,2,7420000911731959,230072636,Montgomery County Police,Injury ,False,North,1,3,LEVEL,False,False,DRIVER,STRAIGHT MOVEMENT ANGLE,DRY,DARK LIGHTS ON,NO CONTROLS,INTERSECTION,T-INTERSECTION,STRAIGHT,NO DEFECTS,"TWO-WAY, DIVIDED, POSITIVE MEDIAN BARRIER",39.06904,-77.07557,1627793738140795,6539115144846498,0,0,0,2023121918,7705486039088590
MCP33530022,75B95C88805049B0BB5B227358F01070,True,NO APPARENT INJURY,NONE,NOT DISTRACTED,PASSENGER,MAKING LEFT TURN,East,DISABLING,35,False,False,2,9233316820593390,230072636,Montgomery County Police,Injury ,False,North,1,3,LEVEL,False,False,DRIVER,STRAIGHT MOVEMENT ANGLE,DRY,DARK LIGHTS ON,NO CONTROLS,INTERSECTION,T-INTERSECTION,STRAIGHT,NO DEFECTS,"TWO-WAY, DIVIDED, POSITIVE MEDIAN BARRIER",39.06904,-77.07557,1627793738140795,6539115144846498,0,0,0,2023121918,7705486039088590
MCP3192004F,CD199795B85A47B4B79D6E1CF7069079,False,NO APPARENT INJURY,NONE,NOT DISTRACTED,PASSENGER,MOVING CONSTANT SPEED,East,SUPERFICIAL,35,False,False,2,4584394209066251,230072648,Montgomery County Police,Property Damage ,True,East,1,2,LEVEL,False,False,DRIVER,SAME DIR REAR END,DRY,DARK LIGHTS ON,TRAFFIC SIGNAL,INTERSECTION,FOUR-WAY INTERSECTION,STRAIGHT,NO DEFECTS,"TWO-WAY, NOT DIVIDED",39.07833854,-77.13042891,9290911226978796,7404819367320863,0,0,0,2023121919,7712156139078053
MCP3192004F,CCAC498F6149483A806FFEC416E329A1,True,NO APPARENT INJURY,UNKNOWN,UNKNOWN,PASSENGER,MOVING CONSTANT SPEED,East,UNKNOWN,35,False,False,2,5958509341184111,230072648,Montgomery County Police,Property Damage ,True,East,1,2,LEVEL,False,False,DRIVER,SAME DIR REAR END,DRY,DARK LIGHTS ON,TRAFFIC SIGNAL,INTERSECTION,FOUR-WAY INTERSECTION,STRAIGHT,NO DEFECTS,"TWO-WAY, NOT DIVIDED",39.07833854,-77.13042891,9290911226978796,7404819367320863,0,0,0,2023121919,7712156139078053
MCP3180003T,9C9471259B794BEC90FE8EAE552E19F3,False,POSSIBLE INJURY,NONE,NOT DISTRACTED,PASSENGER,MOVING CONSTANT SPEED,South,DESTROYED,40,False,False,1,840047580126723,230072650,Montgomery County Police,Injury ,False,South,1,2,GRADE DOWNHILL,False,False,UNKNOWN,SINGLE VEHICLE,DRY,DARK NO LIGHTS,NO CONTROLS,UNKNOWN,UNKNOWN,STRAIGHT,NO DEFECTS,"TWO-WAY, NOT DIVIDED",39.18670703,-77.06403239,8554262040045692,1383914907386316,0,0,0,2023121920,7705685339203696
MCP3277003C,45ECA533C1F14D4384E29E5204C5D781,False,NO APPARENT INJURY,NONE,NOT DISTRACTED,PASSENGER,STOPPED IN TRAFFIC LANE,West,FUNCTIONAL,35,False,False,5,7871367553460284,230072658,Montgomery County Police,Property Damage ,False,East,2,3,LEVEL,False,False,DRIVER,STRAIGHT MOVEMENT ANGLE,DRY,DARK LIGHTS ON,TRAFFIC SIGNAL,INTERSECTION,FOUR-WAY INTERSECTION,STRAIGHT,NO DEFECTS,"TWO-WAY, DIVIDED, POSITIVE MEDIAN BARRIER",39.14274033,-77.22082733,6421645165822542,5149059297554549,0,0,0,2023121921,7724972439113159
MCP3277003C,A0D8F79D7FF94D97B48B355910DED65D,True,NO APPARENT INJURY,NONE,UNKNOWN,PASSENGER,MOVING CONSTANT SPEED,North,DISABLING,35,False,False,5,5867016918513716,230072658,Montgomery County Police,Property Damage ,False,East,2,3,LEVEL,False,False,DRIVER,STRAIGHT MOVEMENT ANGLE,DRY,DARK LIGHTS ON,TRAFFIC SIGNAL,INTERSECTION,FOUR-WAY INTERSECTION,STRAIGHT,NO DEFECTS,"TWO-WAY, DIVIDED, POSITIVE MEDIAN BARRIER",39.14274033,-77.22082733,6421645165822542,5149059297554549,0,0,0,2023121921,7724972439113159
MCP3277003C,1847F288A22C42B9BE749FF25A9DEAD5,False,NO APPARENT INJURY,NONE,NOT DISTRACTED,PASSENGER,ACCELERATING,East,DISABLING,35,False,False,5,7871367553460284,230072658,Montgomery County Police,Property Damage ,False,East,2,3,LEVEL,False,False,DRIVER,STRAIGHT MOVEMENT ANGLE,DRY,DARK LIGHTS ON,TRAFFIC SIGNAL,INTERSECTION,FOUR-WAY INTERSECTION,STRAIGHT,NO DEFECTS,"TWO-WAY, DIVIDED, POSITIVE MEDIAN BARRIER",39.14274033,-77.22082733,6421645165822542,5149059297554549,0,0,0,2023121921,7724972439113159
MCP3277003C,C675D81F73B34B259CDC37530C919187,False,NO APPARENT INJURY,NONE,NOT DISTRACTED,PASSENGER,ACCELERATING,East,SUPERFICIAL,35,False,False,5,1068658423184002,230072658,Montgomery County Police,Property Damage ,False,East,2,3,LEVEL,False,False,DRIVER,STRAIGHT MOVEMENT ANGLE,DRY,DARK LIGHTS ON,TRAFFIC SIGNAL,INTERSECTION,FOUR-WAY INTERSECTION,STRAIGHT,NO DEFECTS,"TWO-WAY, DIVIDED, POSITIVE MEDIAN BARRIER",39.14274033,-77.22082733,6421645165822542,5149059297554549,0,0,0,2023121921,7724972439113159