ReportNumber,VehicleCrashKey,DriverAtFault,DriverInjurySeverity,DriverSubstanceAbuse,DriverDistractedBy,VehicleType,VehicleMovement,VehicleGoingDir,VehicleDamageExtent,SpeedLimit,ParkedVehicle,SubstanceAbuseContributed,VehiclesCrashedTotal,VehicleKey,LocalCaseNumber,AgencyName,ACRSReportType,HitRun,LaneDirection,LaneNumber,NumberOfLanes,RoadGrade,NonTraffic,OffRoadIncident,AccidentAtFault,CollisionType,SurfaceCondition,Light,TrafficControl,Junction,IntersectionType,RoadAlignment,RoadCondition,RoadDivision,Latitude,Longitude,RoadKey,CrossStreetKey,NonMotoristTotal,NonMotoristInjury,NonMotoristFatal,DateHourKey,LocationAreaKey
MCP1213008X,FA88524F6A6042158FD299D053AC9BE4,False,NO APPARENT INJURY,NONE,NOT DISTRACTED,PASSENGER,STOPPED IN TRAFFIC LANE,East,DISABLING,35,False,False,2,3777471162303076,230072841,Montgomery County Police,Property Damage ,False,East,1,1,LEVEL,False,False,DRIVER,SAME DIR REAR END,DRY,DARK LIGHTS ON,NO CONTROLS,INTERSECTION,T-INTERSECTION,STRAIGHT,NO DEFECTS,"TWO-WAY, NOT DIVIDED",39.09523667,-76.96915833,6740740251212367,9560763658828455,0,0,0,2023122020,7699078639113935
MCP1213008X,1ACB97C2A9A84DE39FA67841B11B6D50,True,NO APPARENT INJURY,NONE,LOOKED BUT DID NOT SEE,PASSENGER,MOVING CONSTANT SPEED,East,DISABLING,35,False,False,2,1644106044807490,230072841,Montgomery County Police,Property Damage ,False,East,1,1,LEVEL,False,False,DRIVER,SAME DIR REAR END,DRY,DARK LIGHTS ON,NO CONTROLS,INTERSECTION,T-INTERSECTION,STRAIGHT,NO DEFECTS,"TWO-WAY, NOT DIVIDED",39.09523667,-76.96915833,6740740251212367,9560763658828455,0,0,0,2023122020,7699078639113935
MCP23390090,BB194B44E2F0439CACABB2023FE825EA,True,SUSPECTED MINOR INJURY,NONE,UNKNOWN,PASSENGER,MOVING CONSTANT SPEED,North,DESTROYED,35,False,False,1,6722520011130918,230072855,Montgomery County Police,Injury ,False,North,2,2,LEVEL,False,False,DRIVER,SINGLE VEHICLE,DRY,DARK LIGHTS ON,TRAFFIC SIGNAL,INTERSECTION RELATED,T-INTERSECTION,CURVE LEFT,NO DEFECTS,"TWO-WAY, DIVIDED, UNPROTECTED PAINTED MIN 4 FEET",39.056565,-77.10858683,789578597389500,7101717983800271,0,0,0,2023122021,7712482939051552
MCP2487003C,196B731E99B64243AA362FDE3AB0CC02,True,NO APPARENT INJURY,UNKNOWN,NOT DISTRACTED,PASSENGER,MOVING CONSTANT SPEED,West,DISABLING,50,False,False,1,9424908282435809,230072927,Montgomery County Police,Property Damage ,True,West,1,1,LEVEL,False,False,DRIVER,SINGLE VEHICLE,DRY,DARK NO LIGHTS,STOP SIGN,INTERSECTION,T-INTERSECTION,STRAIGHT,NO DEFECTS,"TWO-WAY, NOT DIVIDED",39.07916266,-77.32782041,1363718650800826,441075065976985,0,0,0,2023122022,7729807639132189
MCP3158004P,A6CB5997BB8D44EBBEECDC9E73E581FB,True,POSSIBLE INJURY,ALCOHOL,UNKNOWN,PASSENGER,MOVING CONSTANT SPEED,South,DISABLING,30,False,False,1,2642720253309109,230072862,Montgomery County Police,Injury ,False,South,0,1,LEVEL,False,False,DRIVER,SINGLE VEHICLE,DRY,DARK NO LIGHTS,NO CONTROLS,UNKNOWN,UNKNOWN,STRAIGHT,NO DEFECTS,"TWO-WAY, DIVIDED, UNPROTECTED PAINTED MIN 4 FEET",39.17623167,-77.11849667,8773472063412144,9926361166376771,0,0,0,2023122022,7713230839137712
MCP32300053,1427DFE38BDF41CEAC53337D267DC065,True,NO APPARENT INJURY,NONE,NOT DISTRACTED,PASSENGER,MOVING CONSTANT SPEED,East,DISABLING,35,False,False,2,4834438196530662,230073039,Montgomery County Police,Property Damage ,False,East,1,1,LEVEL,False,False,DRIVER,SAME DIR REAR END,DRY,DARK LIGHTS ON,NO CONTROLS,NON INTERSECTION,UNKNOWN,STRAIGHT,NO DEFECTS,"TWO-WAY, NOT DIVIDED",39.13313448,-77.00754329,8245114528769240,4934080483495433,0,0,0,2023122100,7699078639113935
MCP32300053,45DDF8AFC8DD4BA2AA3BB3621879DDF6,False,NO APPARENT INJURY,NONE,NOT DISTRACTED,PASSENGER,STOPPED IN TRAFFIC LANE,East,DISABLING,35,False,False,2,7109429553076935,230073039,Montgomery County Police,Property Damage ,False,East,1,1,LEVEL,False,False,DRIVER,SAME DIR REAR END,DRY,DARK LIGHTS ON,NO CONTROLS,NON INTERSECTION,UNKNOWN,STRAIGHT,NO DEFECTS,"TWO-WAY, NOT DIVIDED",39.13313448,-77.00754329,8245114528769240,4934080483495433,0,0,0,2023122100,7699078639113935
MCP30080045,712F549DC5DD452EA50F44824CCB050D,True,NO APPARENT INJURY,NONE,NOT DISTRACTED,PASSENGER,MOVING CONSTANT SPEED,South,FUNCTIONAL,25,False,False,1,6711480604458347,230072869,Montgomery County Police,Property Damage ,False,South,1,2,LEVEL,False,False,DRIVER,HEAD ON,DRY,DARK LIGHTS ON,NO CONTROLS,NON INTERSECTION,UNKNOWN,STRAIGHT,NO DEFECTS,"TWO-WAY, NOT DIVIDED",39.00398667,-77.04642333,3446811766592028,3575492412491506,0,0,0,2023122100,7703596439001907
MCP2420005C,58FC2E38C3A24B3A828FBDAD32C5E2E2,True,NO APPARENT INJURY,NONE,LOOKED BUT DID NOT SEE,PASSENGER,MAKING LEFT TURN,West,DISABLING,40,False,False,2,7871367486349808,230072877,Montgomery County Police,Property Damage ,False,South,1,2,LEVEL,False,False,DRIVER,HEAD ON LEFT TURN,DRY,DAWN,TRAFFIC SIGNAL,INTERSECTION,FOUR-WAY INTERSECTION,STRAIGHT,NO DEFECTS,"TWO-WAY, DIVIDED, POSITIVE MEDIAN BARRIER",39.106148,-77.00146633,8901981419077344,2732602760968682,0,0,0,2023122106,7699078639113935
MCP2420005C,C7AD3D7328A24808AFDE36134E22C37B,False,NO APPARENT INJURY,UNKNOWN,NOT DISTRACTED,PASSENGER,MOVING CONSTANT SPEED,South,DISABLING,40,False,False,2,9995581729869241,230072877,Montgomery County Police,Property Damage ,False,South,1,2,LEVEL,False,False,DRIVER,HEAD ON LEFT TURN,DRY,DAWN,TRAFFIC SIGNAL,INTERSECTION,FOUR-WAY INTERSECTION,STRAIGHT,NO DEFECTS,"TWO-WAY, DIVIDED, POSITIVE MEDIAN BARRIER",39.106148,-77.00146633,8901981419077344,2732602760968682,0,0,0,2023122106,7699078639113935
MCP2107004Q,38F018B08B9641C793BFFB9D884F51CA,True,NO APPARENT INJURY,NONE,OTHER DISTRACTION,PASSENGER,MOVING CONSTANT SPEED,North,DISABLING,40,False,False,1,2500629083996092,230072879,Montgomery County Police,Property Damage ,False,North,1,1,GRADE DOWNHILL,False,False,DRIVER,SINGLE VEHICLE,DRY,DAYLIGHT,UNKNOWN,NON INTERSECTION,UNKNOWN,STRAIGHT,NO DEFECTS,"TWO-WAY, NOT DIVIDED",39.23045967,-77.142329,7528477191383850,7247990602535196,0,0,0,2023122107,7714766839231538
MCP27610056,EA5940D8648C481DB16A198F6CE56DED,True,NO APPARENT INJURY,NONE,UNKNOWN,BUS,MOVING CONSTANT SPEED,East,SUPERFICIAL,10,False,False,1,2250767647570290,230072883,Montgomery County Police,Property Damage ,False,UNKNOWN,0,0,UNKNOWN,True,True,DRIVER,SINGLE VEHICLE,UNKNOWN,DAYLIGHT,NO CONTROLS,UNKNOWN,UNKNOWN,UNKNOWN,UNKNOWN,UNKNOWN,39.17117237,-77.28799767,7781945108562677,7781945108562677,0,0,0,2023122107,7729807639132189
MCP3378000T,ED0A054666C54DB1886B43D18B464570,True,NO APPARENT INJURY,NONE,LOOKED BUT DID NOT SEE,BUS,BACKING,South,FUNCTIONAL,25,False,False,1,6691677547236723,230072878,Montgomery County Police,Property Damage ,False,North,1,1,LEVEL,False,False,DRIVER,SAME DIR REAR END,DRY,DAYLIGHT,NO CONTROLS,NON INTERSECTION,UNKNOWN,STRAIGHT,NO DEFECTS,"TWO-WAY, NOT DIVIDED",39.05454511,-77.06683725,476200798873004,2692036439823960,0,0,0,2023122107,7704240439043964
MCP27710032,5D7CD0CB4D8A45A3BEE25911D33FFCF8,False,NO APPARENT INJURY,UNKNOWN,NOT DISTRACTED,PASSENGER,MOVING CONSTANT SPEED,South,FUNCTIONAL,45,False,False,2,2311894108480304,230072890,Montgomery County Police,Injury ,False,South,1,2,HILL UPHILL,False,False,DRIVER,SAME DIR REAR END,DRY,DAYLIGHT,NO CONTROLS,UNKNOWN,UNKNOWN,STRAIGHT,NO DEFECTS,"TWO-WAY, DIVIDED, POSITIVE MEDIAN BARRIER",39.05961799,-77.08872437,5808984873878396,4209640288616980,0,0,0,2023122108,7705486039088590
MCP3348001Y,0F66BBA55F044F7795E27DB8B1DF2F5F,False,NO APPARENT INJURY,NONE,NOT DISTRACTED,PASSENGER,SLOWING OR STOPPING,East,FUNCTIONAL,35,False,False,3,8865406005166619,230072889,Montgomery County Police,Property Damage ,False,East,1,2,HILL UPHILL,False,False,UNKNOWN,SAME DIR REAR END,DRY,DAYLIGHT,UNKNOWN,NON INTERSECTION,UNKNOWN,STRAIGHT,NO DEFECTS,"TWO-WAY, DIVIDED, POSITIVE MEDIAN BARRIER",39.05968333,-77.08885667,9290911226978796,697450017919040,0,0,0,2023122108,7705486039088590
MCP3348001Y,6EB40D91B5D740448F8E3703B4FBAE2B,False,NO APPARENT INJURY,NONE,NOT DISTRACTED,PASSENGER,STOPPED IN TRAFFIC LANE,East,FUNCTIONAL,35,False,False,3,3233063173565461,230072889,Montgomery County Police,Property Damage ,False,East,1,2,HILL UPHILL,False,False,UNKNOWN,SAME DIR REAR END,DRY,DAYLIGHT,UNKNOWN,NON INTERSECTION,UNKNOWN,STRAIGHT,NO DEFECTS,"TWO-WAY, DIVIDED, POSITIVE MEDIAN BARRIER",39.05968333,-77.08885667,9290911226978796,697450017919040,0,0,0,2023122108,7705486039088590
MCP27710032,6AA99F59D7404122B161BA4E5C9F97A4,True,POSSIBLE INJURY,UNKNOWN,UNKNOWN,PASSENGER,MOVING CONSTANT SPEED,South,FUNCTIONAL,45,False,False,2,3777471128747838,230072890,Montgomery County Police,Injury ,False,South,1,2,HILL UPHILL,False,False,DRIVER,SAME DIR REAR END,DRY,DAYLIGHT,NO CONTROLS,UNKNOWN,UNKNOWN,STRAIGHT,NO DEFECTS,"TWO-WAY, DIVIDED, POSITIVE MEDIAN BARRIER",39.05961799,-77.08872437,5808984873878396,4209640288616980,0,0,0,2023122108,7705486039088590
MCP3348001Y,C851927ACC25465AACD9038F23BE363B,False,NO APPARENT INJURY,NONE,UNKNOWN,PASSENGER,MOVING CONSTANT SPEED,East,DISABLING,35,False,False,3,7379790522491550,230072889,Montgomery County Police,Property Damage ,False,East,1,2,HILL UPHILL,False,False,UNKNOWN,SAME DIR REAR END,DRY,DAYLIGHT,UNKNOWN,NON INTERSECTION,UNKNOWN,STRAIGHT,NO DEFECTS,"TWO-WAY, DIVIDED, POSITIVE MEDIAN BARRIER",39.05968333,-77.08885667,9290911226978796,697450017919040,0,0,0,2023122108,7705486039088590
MCP2764002Z,7DE8AFC828C042BA9645ADABD37E58C7,True,NO APPARENT INJURY,UNKNOWN,LOOKED BUT DID NOT SEE,BUS,MOVING CONSTANT SPEED,North,SUPERFICIAL,25,False,False,1,2250767647570290,230072885,Montgomery County Police,Property Damage ,False,North,1,1,LEVEL,False,False,DRIVER,SINGLE VEHICLE,DRY,DAYLIGHT,UNKNOWN,NON INTERSECTION,UNKNOWN,STRAIGHT,NO DEFECTS,"TWO-WAY, NOT DIVIDED",39.05454858,-77.06679807,2692036439823960,476200798873004,0,0,0,2023122108,7704240439043964
MCP30100095,39EB825574EF403980AD284D1089A2A1,True,NO APPARENT INJURY,UNKNOWN,UNKNOWN,UNKNOWN,UNKNOWN,UNKNOWN,UNKNOWN,20,False,False,1,8168321465439775,230072905,Montgomery County Police,Property Damage ,True,UNKNOWN,0,0,UNKNOWN,True,True,DRIVER,UNKNOWN,UNKNOWN,DAYLIGHT,NO CONTROLS,UNKNOWN,UNKNOWN,UNKNOWN,UNKNOWN,UNKNOWN,39.02561667,-77.12464,7781945108562677,7781945108562677,0,0,0,2023122108,7710519939016894
MCP235300CR,95BA371A738242B49ECC30790DF73514,True,SUSPECTED MINOR INJURY,NONE,UNKNOWN,PASSENGER,ACCELERATING,South,DESTROYED,25,False,False,2,538750854884049,230072904,Montgomery County Police,Injury ,False,South,1,2,LEVEL,False,False,DRIVER,SAME DIR REAR END,DRY,DAYLIGHT,NO CONTROLS,NON INTERSECTION,UNKNOWN,STRAIGHT,NO DEFECTS,"TWO-WAY, DIVIDED, POSITIVE MEDIAN BARRIER",39.03069833,-77.1265335,4494898042244063,8760747166704389,0,0,0,2023122109,7715220038996189
MCP235300CR,231AE375A441461C9EA44E67CEDA0C31,False,SUSPECTED MINOR INJURY,NONE,LOOKED BUT DID NOT SEE,TRUCK,CHANGING LANES,South,FUNCTIONAL,25,False,False,2,1454240756425897,230072904,Montgomery County Police,Injury ,False,South,1,2,LEVEL,False,False,DRIVER,SAME DIR REAR END,DRY,DAYLIGHT,NO CONTROLS,NON INTERSECTION,UNKNOWN,STRAIGHT,NO DEFECTS,"TWO-WAY, DIVIDED, POSITIVE MEDIAN BARRIER",39.03069833,-77.1265335,4494898042244063,8760747166704389,0,0,0,2023122109,7715220038996189
MCP27710033,5291A6A39A3C49A4A88858E0A2875A4C,False,NO APPARENT INJURY,UNKNOWN,NOT DISTRACTED,PASSENGER,MOVING CONSTANT SPEED,North,DISABLING,45,False,False,1,3625280018891853,230072910,Montgomery County Police,Property Damage ,False,North,1,2,GRADE DOWNHILL,False,False,UNKNOWN,SINGLE VEHICLE,DRY,DAYLIGHT,TRAFFIC SIGNAL,INTERSECTION,FOUR-WAY INTERSECTION,STRAIGHT,NO DEFECTS,"TWO-WAY, DIVIDED, POSITIVE MEDIAN BARRIER",39.0614457,-77.0920894,9290911226978796,4005500860300433,0,0,0,2023122109,7709494939102237
MCP3378000V,F1E15571C01945D89911C01398DC477A,True,NO APPARENT INJURY,UNKNOWN,UNKNOWN,UNKNOWN,CHANGING LANES,East,UNKNOWN,40,False,False,2,8168321465439775,230072935,Montgomery County Police,Property Damage ,True,East,1,4,LEVEL,False,False,DRIVER,SAME DIRECTION SIDESWIPE,DRY,DAYLIGHT,TRAFFIC SIGNAL,INTERSECTION,FOUR-WAY INTERSECTION,STRAIGHT,NO DEFECTS,"TWO-WAY, DIVIDED, POSITIVE MEDIAN BARRIER",39.03997454,-77.05554441,5963249679537482,9290911226978796,0,0,0,2023122112,7704240439043964
MCP3378000V,03A782E24FC74A3CA1934F05BF035814,False,NO APPARENT INJURY,NONE,NOT DISTRACTED,PASSENGER,STOPPED IN TRAFFIC LANE,East,FUNCTIONAL,40,False,False,2,9530107249897832,230072935,Montgomery County Police,Property Damage ,True,East,1,4,LEVEL,False,False,DRIVER,SAME DIRECTION SIDESWIPE,DRY,DAYLIGHT,TRAFFIC SIGNAL,INTERSECTION,FOUR-WAY INTERSECTION,STRAIGHT,NO DEFECTS,"TWO-WAY, DIVIDED, POSITIVE MEDIAN BARRIER",39.03997454,-77.05554441,5963249679537482,9290911226978796,0,0,0,2023122112,7704240439043964
MCP15630093,DEF15F10B5574AD3A40C7ED2CBF6B66C,True,NO APPARENT INJURY,NONE,NOT DISTRACTED,PASSENGER,MAKING LEFT TURN,North,FUNCTIONAL,35,False,False,2,5242918886989235,230072939,Montgomery County Police,Injury ,False,South,2,3,LEVEL,False,False,DRIVER,HEAD ON LEFT TURN,DRY,DAYLIGHT,TRAFFIC SIGNAL,INTERSECTION,FOUR-WAY INTERSECTION,STRAIGHT,NO DEFECTS,"TWO-WAY, DIVIDED, POSITIVE MEDIAN BARRIER",38.9949,-77.03769,118399697147806,4570729910170239,0,0,0,2023122112,7703596439001907
MCP15630093,DD28AE8F51C2479B8B99FC8CD383B366,False,POSSIBLE INJURY,NONE,NOT DISTRACTED,PASSENGER,MOVING CONSTANT SPEED,South,FUNCTIONAL,35,False,False,2,2999090847710555,230072939,Montgomery County Police,Injury ,False,South,2,3,LEVEL,False,False,DRIVER,HEAD ON LEFT TURN,DRY,DAYLIGHT,TRAFFIC SIGNAL,INTERSECTION,FOUR-WAY INTERSECTION,STRAIGHT,NO DEFECTS,"TWO-WAY, DIVIDED, POSITIVE MEDIAN BARRIER",38.9949,-77.03769,118399697147806,4570729910170239,0,0,0,2023122112,7703596439001907
MCP2438003L,47BE9D1642724B78A137DB6F1A1BCCE1,False,POSSIBLE INJURY,NONE,NOT DISTRACTED,PASSENGER,STOPPED IN TRAFFIC LANE,South,FUNCTIONAL,35,False,False,2,7004010037203408,230072950,Montgomery County Police,Injury ,True,South,1,1,HILL UPHILL,False,False,DRIVER,SAME DIR REAR END,DRY,DAYLIGHT,NO CONTROLS,INTERSECTION,T-INTERSECTION,UNKNOWN,NO DEFECTS,"TWO-WAY, NOT DIVIDED",39.155593,-77.26109183,278210474574513,8612685584290161,0,0,0,2023122113,7729807639132189
MCP2438003L,578CBABDB62841FB97E60D712C9F70D9,True,NO APPARENT INJURY,NONE,LOOKED BUT DID NOT SEE,PASSENGER,MOVING CONSTANT SPEED,South,SUPERFICIAL,35,False,False,2,6326503024871312,230072950,Montgomery County Police,Injury ,True,South,1,1,HILL UPHILL,False,False,DRIVER,SAME DIR REAR END,DRY,DAYLIGHT,NO CONTROLS,INTERSECTION,T-INTERSECTION,UNKNOWN,NO DEFECTS,"TWO-WAY, NOT DIVIDED",39.155593,-77.26109183,278210474574513,8612685584290161,0,0,0,2023122113,7729807639132189
MCP30210078,6C07533BD64B4F06B5ACF37970B1130D,True,SUSPECTED MINOR INJURY,NONE,LOOKED BUT DID NOT SEE,PASSENGER,MOVING CONSTANT SPEED,South,SUPERFICIAL,0,False,False,2,7942766346676542,230072967,Montgomery County Police,Injury ,False,UNKNOWN,0,0,UNKNOWN,True,True,DRIVER,STRAIGHT MOVEMENT ANGLE,UNKNOWN,DAYLIGHT,NO CONTROLS,UNKNOWN,UNKNOWN,UNKNOWN,UNKNOWN,UNKNOWN,39.05366833,-76.95484667,7781945108562677,7781945108562677,0,0,0,2023122114,7698062539067210
MCP30210078,213B8000E641427CAB064B607DA2338A,True,NO APPARENT INJURY,NONE,NOT DISTRACTED,PASSENGER,MAKING LEFT TURN,West,SUPERFICIAL,0,False,False,2,169882067601848,230072967,Montgomery County Police,Injury ,False,UNKNOWN,0,0,UNKNOWN,True,True,DRIVER,STRAIGHT MOVEMENT ANGLE,UNKNOWN,DAYLIGHT,NO CONTROLS,UNKNOWN,UNKNOWN,UNKNOWN,UNKNOWN,UNKNOWN,39.05366833,-76.95484667,7781945108562677,7781945108562677,0,0,0,2023122114,7698062539067210
DM85000019,97E01165406748688425DDEFE1FCFB56,False,NO APPARENT INJURY,UNKNOWN,UNKNOWN,PASSENGER,PARKED,UNKNOWN,DESTROYED,25,True,False,2,9324840517220719,230072968,Takoma Park Police Depart,Property Damage ,False,South,0,2,LEVEL,False,False,UNKNOWN,OTHER,DRY,DAYLIGHT,UNKNOWN,INTERSECTION,T-INTERSECTION,STRAIGHT,NO DEFECTS,"TWO-WAY, NOT DIVIDED",38.98848833,-77.00103833,4747405870934828,1436926816846265,0,0,0,2023122114,7700204038982546
DM85000019,4B07E795B1124BA8ACB5992D9B487E93,False,NO APPARENT INJURY,UNKNOWN,UNKNOWN,BUS,MOVING CONSTANT SPEED,South,NO DAMAGE,25,False,False,2,6691677547236723,230072968,Takoma Park Police Depart,Property Damage ,False,South,0,2,LEVEL,False,False,UNKNOWN,OTHER,DRY,DAYLIGHT,UNKNOWN,INTERSECTION,T-INTERSECTION,STRAIGHT,NO DEFECTS,"TWO-WAY, NOT DIVIDED",38.98848833,-77.00103833,4747405870934828,1436926816846265,0,0,0,2023122114,7700204038982546
MCP2552006X,674F0E440B35471A97A99696491C3BA8,False,NO APPARENT INJURY,UNKNOWN,NOT DISTRACTED,PASSENGER,ACCELERATING,West,NO DAMAGE,30,False,False,1,169881396221452,230072976,Montgomery County Police,Injury ,False,West,1,1,LEVEL,False,False,NONMOTORIST,OTHER,DRY,DAYLIGHT,UNKNOWN,UNKNOWN,UNKNOWN,STRAIGHT,NO DEFECTS,"TWO-WAY, DIVIDED, UNPROTECTED PAINTED MIN 4 FEET",39.14394667,-77.408745,9556236793147835,4947667458737336,1,1,0,2023122115,7740606839111706
MCP2832008Y,371524DA68E34C98840DFDD7DE0A5A60,True,NO APPARENT INJURY,UNKNOWN,UNKNOWN,PASSENGER,PARKING,East,FUNCTIONAL,10,False,False,1,56223784538548,230073017,Montgomery County Police,Property Damage ,True,UNKNOWN,0,0,UNKNOWN,True,True,DRIVER,SAME DIRECTION SIDESWIPE,UNKNOWN,UNKNOWN,UNKNOWN,UNKNOWN,UNKNOWN,UNKNOWN,UNKNOWN,UNKNOWN,39.0166361,-77.208971,7781945108562677,7781945108562677,0,0,0,2023122116,7722348939035838
EJ786600D9,0EABDB163FC949F49CB9EB7832FDED01,True,NO APPARENT INJURY,NONE,LOOKED BUT DID NOT SEE,PASSENGER,MOVING CONSTANT SPEED,South,FUNCTIONAL,25,False,False,2,9233316854148628,230072987,Gaithersburg Police Depar,Property Damage ,False,South,1,2,LEVEL,False,False,DRIVER,HEAD ON LEFT TURN,DRY,DUSK,STOP SIGN,INTERSECTION,FOUR-WAY INTERSECTION,STRAIGHT,NO DEFECTS,"TWO-WAY, DIVIDED, POSITIVE MEDIAN BARRIER",39.12547085,-77.24319878,2123523869737848,8928842525483223,0,0,0,2023122116,7724972439113159
EJ786600D9,66DAF2F3DA3A4DF89D1507EBDFBC945A,False,NO APPARENT INJURY,NONE,NOT DISTRACTED,PASSENGER,MAKING LEFT TURN,West,DISABLING,25,False,False,2,237784828744875,230072987,Gaithersburg Police Depar,Property Damage ,False,South,1,2,LEVEL,False,False,DRIVER,HEAD ON LEFT TURN,DRY,DUSK,STOP SIGN,INTERSECTION,FOUR-WAY INTERSECTION,STRAIGHT,NO DEFECTS,"TWO-WAY, DIVIDED, POSITIVE MEDIAN BARRIER",39.12547085,-77.24319878,2123523869737848,8928842525483223,0,0,0,2023122116,7724972439113159
MCP23390092,C885751D474949C5AD8862440EF69C11,True,NO APPARENT INJURY,NONE,UNKNOWN,BUS,MOVING CONSTANT SPEED,North,SUPERFICIAL,30,False,False,1,6691677547236723,230072990,Montgomery County Police,Property Damage ,False,North,1,1,LEVEL,False,False,DRIVER,SINGLE VEHICLE,DRY,DARK LIGHTS ON,NO CONTROLS,NON INTERSECTION,UNKNOWN,STRAIGHT,NO DEFECTS,"TWO-WAY, DIVIDED, UNPROTECTED PAINTED MIN 4 FEET",39.0912805,-77.1148065,1322793494806763,1552850914962716,0,0,0,2023122116,7709494939102237
MCP33340025,95A4DD80F3614D1D83F8E7A0441282C0,False,NO APPARENT INJURY,NONE,NOT DISTRACTED,BUS,STOPPED IN TRAFFIC LANE,North,FUNCTIONAL,0,False,False,2,4960220375123743,230072994,Montgomery County Police,Property Damage ,False,North,3,3,LEVEL,False,False,DRIVER,SAME DIRECTION SIDESWIPE,DRY,DARK LIGHTS ON,NO CONTROLS,NON INTERSECTION,UNKNOWN,STRAIGHT,NO DEFECTS,"TWO-WAY, DIVIDED, UNPROTECTED PAINTED MIN 4 FEET",39.00675167,-77.03918383,8554262040045692,8707635645706481,0,0,0,2023122116,7703596439001907
MCP33340025,0797D16E2EE74439B354E23E503F7E6F,True,NO APPARENT INJURY,NONE,UNKNOWN,PASSENGER,CHANGING LANES,North,FUNCTIONAL,35,False,False,2,1634538179220791,230072994,Montgomery County Police,Property Damage ,False,North,3,3,LEVEL,False,False,DRIVER,SAME DIRECTION SIDESWIPE,DRY,DARK LIGHTS ON,NO CONTROLS,NON INTERSECTION,UNKNOWN,STRAIGHT,NO DEFECTS,"TWO-WAY, DIVIDED, UNPROTECTED PAINTED MIN 4 FEET",39.00675167,-77.03918383,8554262040045692,8707635645706481,0,0,0,2023122116,7703596439001907
MCP3360001D,87D9349D5FEC4FCCB33A14AA8EC33F81,False,NO APPARENT INJURY,NONE,NOT DISTRACTED,PASSENGER,SLOWING OR STOPPING,North,SUPERFICIAL,35,False,False,2,4960220375123743,230072993,Montgomery County Police,Property Damage ,False,North,1,2,LEVEL,False,False,DRIVER,SAME DIR REAR END,DRY,DAWN,TRAFFIC SIGNAL,NON INTERSECTION,UNKNOWN,STRAIGHT,NO DEFECTS,"TWO-WAY, DIVIDED, UNPROTECTED PAINTED MIN 4 FEET",39.16942167,-77.20449167,7752142353575602,24365971728970,0,0,0,2023122116,7719610239179289
MCP3360001D,3B34D7367F0B4F55BC07E060D011C192,True,NO APPARENT INJURY,NONE,UNKNOWN,PASSENGER,MOVING CONSTANT SPEED,North,SUPERFICIAL,35,False,False,2,3063454661069113,230072993,Montgomery County Police,Property Damage ,False,North,1,2,LEVEL,False,False,DRIVER,SAME DIR REAR END,DRY,DAWN,TRAFFIC SIGNAL,NON INTERSECTION,UNKNOWN,STRAIGHT,NO DEFECTS,"TWO-WAY, DIVIDED, UNPROTECTED PAINTED MIN 4 FEET",39.16942167,-77.20449167,7752142353575602,24365971728970,0,0,0,2023122116,7719610239179289
MCP3112006D,C2282EA03D034B0F908247965DFBC072,False,NO APPARENT INJURY,NONE,UNKNOWN,PASSENGER,MOVING CONSTANT SPEED,South,DISABLING,35,False,False,2,4747793297588995,230073021,Montgomery County Police,Property Damage ,False,South,2,2,LEVEL,False,False,UNKNOWN,SAME DIR REAR END,DRY,DARK NO LIGHTS,NO CONTROLS,NON INTERSECTION,UNKNOWN,STRAIGHT,NO DEFECTS,"TWO-WAY, DIVIDED, POSITIVE MEDIAN BARRIER",39.03649833,-77.12401333,4494898042244063,5080022737134299,0,0,0,2023122117,7712482939051552
MCP3112006D,C277B2DFFA4144248F4A0DF18862C731,False,NO APPARENT INJURY,NONE,NOT DISTRACTED,PASSENGER,SLOWING OR STOPPING,South,DISABLING,35,False,False,2,819104261510793,230073021,Montgomery County Police,Property Damage ,False,South,2,2,LEVEL,False,False,UNKNOWN,SAME DIR REAR END,DRY,DARK NO LIGHTS,NO CONTROLS,NON INTERSECTION,UNKNOWN,STRAIGHT,NO DEFECTS,"TWO-WAY, DIVIDED, POSITIVE MEDIAN BARRIER",39.03649833,-77.12401333,4494898042244063,5080022737134299,0,0,0,2023122117,7712482939051552
MCP29360067,9BF28F7BF84E4EA1A72D4D88A3707079,True,NO APPARENT INJURY,NONE,LOOKED BUT DID NOT SEE,PASSENGER,MAKING RIGHT TURN,South,DISABLING,30,False,False,2,7942766313121304,230073004,Montgomery County Police,Property Damage ,False,West,1,2,LEVEL,False,False,DRIVER,STRAIGHT MOVEMENT ANGLE,DRY,DARK NO LIGHTS,NO CONTROLS,INTERSECTION,T-INTERSECTION,STRAIGHT,NO DEFECTS,"TWO-WAY, NOT DIVIDED",38.95874301,-77.13068887,8599911420118079,416041484875041,0,0,0,2023122117,7711806238956479