ReportNumber,VehicleCrashKey,DriverAtFault,DriverInjurySeverity,DriverSubstanceAbuse,DriverDistractedBy,VehicleType,VehicleMovement,VehicleGoingDir,VehicleDamageExtent,SpeedLimit,ParkedVehicle,SubstanceAbuseContributed,VehiclesCrashedTotal,VehicleKey,LocalCaseNumber,AgencyName,ACRSReportType,HitRun,LaneDirection,LaneNumber,NumberOfLanes,RoadGrade,NonTraffic,OffRoadIncident,AccidentAtFault,CollisionType,SurfaceCondition,Light,TrafficControl,Junction,IntersectionType,RoadAlignment,RoadCondition,RoadDivision,Latitude,Longitude,RoadKey,CrossStreetKey,NonMotoristTotal,NonMotoristInjury,NonMotoristFatal,DateHourKey,LocationAreaKey
MCP2052003J,1CEE433BA5514CD68FB198D54D31A1C1,False,NO APPARENT INJURY,NONE,NOT DISTRACTED,PASSENGER,MOVING CONSTANT SPEED,North,DISABLING,35,False,False,2,1143200118883287,230073293,Montgomery County Police,Property Damage ,False,North,3,3,LEVEL,False,False,DRIVER,SAME DIRECTION SIDESWIPE,DRY,DAYLIGHT,UNKNOWN,COMMERCIAL DRIVEWAY,UNKNOWN,STRAIGHT,NO DEFECTS,"TWO-WAY, DIVIDED, POSITIVE MEDIAN BARRIER",39.11405,-77.18634333,1611524329361443,943433987168290,0,0,0,2023122311,7718751639140820
MCP3341002Z,39B87C1E4A3B4C43AEA4A3DD33CE3CBD,False,NO APPARENT INJURY,UNKNOWN,NOT DISTRACTED,PASSENGER,UNKNOWN,UNKNOWN,SUPERFICIAL,0,False,False,2,5889671056828945,230073308,Montgomery County Police,Property Damage ,True,UNKNOWN,0,0,UNKNOWN,True,True,DRIVER,OPPOSITE DIRECTION SIDESWIPE,UNKNOWN,DAYLIGHT,NO CONTROLS,UNKNOWN,UNKNOWN,UNKNOWN,UNKNOWN,UNKNOWN,39.0799186,-77.0718123,7781945108562677,7781945108562677,0,0,0,2023122311,7705486039088590
MCP3341002Z,AF43AB807D6F44139BD2C38B56FD462C,True,NO APPARENT INJURY,ALCOHOL,UNKNOWN,PASSENGER,UNKNOWN,UNKNOWN,SUPERFICIAL,15,False,False,2,5867016817848002,230073308,Montgomery County Police,Property Damage ,True,UNKNOWN,0,0,UNKNOWN,True,True,DRIVER,OPPOSITE DIRECTION SIDESWIPE,UNKNOWN,DAYLIGHT,NO CONTROLS,UNKNOWN,UNKNOWN,UNKNOWN,UNKNOWN,UNKNOWN,39.0799186,-77.0718123,7781945108562677,7781945108562677,0,0,0,2023122311,7705486039088590
MCP2016007M,EAA796BABFD74FE0A642B7BCBF409A89,True,NO APPARENT INJURY,UNKNOWN,NOT DISTRACTED,PASSENGER,BACKING,West,FUNCTIONAL,15,False,False,1,5826783019741363,230073302,Montgomery County Police,Property Damage ,True,UNKNOWN,0,0,UNKNOWN,True,True,DRIVER,OTHER,UNKNOWN,DAYLIGHT,NO CONTROLS,UNKNOWN,UNKNOWN,UNKNOWN,UNKNOWN,UNKNOWN,39.05886917,-77.15059567,7781945108562677,7781945108562677,0,0,0,2023122311,7712482939051552
MCP32630045,9E5BF5CDE10A4FAFB1E3CBB1C8078B0A,True,NO APPARENT INJURY,UNKNOWN,UNKNOWN,UNKNOWN,MOVING CONSTANT SPEED,South,SUPERFICIAL,35,False,False,2,8168321465439775,230073300,Montgomery County Police,Property Damage ,True,South,3,3,LEVEL,False,False,DRIVER,SAME DIR REAR END,DRY,DAYLIGHT,TRAFFIC SIGNAL,INTERSECTION,FOUR-WAY INTERSECTION,STRAIGHT,NO DEFECTS,"TWO-WAY, DIVIDED, POSITIVE MEDIAN BARRIER",39.02795167,-77.07707167,1627793738140795,915669685319325,0,0,0,2023122311,7707527239025656
MCP32630045,DB59D7A519B746AE9799F7885E03475C,False,NO APPARENT INJURY,NONE,NOT DISTRACTED,PASSENGER,STOPPED IN TRAFFIC LANE,South,FUNCTIONAL,35,False,False,2,9995581713091622,230073300,Montgomery County Police,Property Damage ,True,South,3,3,LEVEL,False,False,DRIVER,SAME DIR REAR END,DRY,DAYLIGHT,TRAFFIC SIGNAL,INTERSECTION,FOUR-WAY INTERSECTION,STRAIGHT,NO DEFECTS,"TWO-WAY, DIVIDED, POSITIVE MEDIAN BARRIER",39.02795167,-77.07707167,1627793738140795,915669685319325,0,0,0,2023122311,7707527239025656
DM8505000X,633EF492ACC343DBAE1BA8D8BC9D4009,True,NO APPARENT INJURY,UNKNOWN,LOOKED BUT DID NOT SEE,PASSENGER,PARKING,East,SUPERFICIAL,10,False,False,1,3063454610736256,230073311,Takoma Park Police Depart,Property Damage ,True,UNKNOWN,0,0,UNKNOWN,True,True,DRIVER,OTHER,UNKNOWN,DAYLIGHT,NO CONTROLS,UNKNOWN,UNKNOWN,UNKNOWN,UNKNOWN,UNKNOWN,38.98976978,-76.98950454,7781945108562677,7781945108562677,0,0,0,2023122312,7700204038982546
MCP21950060,9F8639C745FB467B8E1BE007A196CBA6,True,NO APPARENT INJURY,NONE,UNKNOWN,PASSENGER,MOVING CONSTANT SPEED,West,DISABLING,40,False,False,2,3696052682306474,230073310,Montgomery County Police,Property Damage ,False,West,1,3,GRADE DOWNHILL,False,False,DRIVER,SAME DIR REAR END,DRY,DAYLIGHT,TRAFFIC SIGNAL,INTERSECTION RELATED,T-INTERSECTION,STRAIGHT,NO DEFECTS,"TWO-WAY, DIVIDED, POSITIVE MEDIAN BARRIER",39.175315,-77.25414167,4357136094388064,6910034440025097,0,0,0,2023122313,7729807639132189
MCP21950060,EE7902C88C024DAC9FD60C30561BDC83,False,NO APPARENT INJURY,NONE,NOT DISTRACTED,PASSENGER,SLOWING OR STOPPING,West,DISABLING,40,False,False,2,5867016767515145,230073310,Montgomery County Police,Property Damage ,False,West,1,3,GRADE DOWNHILL,False,False,DRIVER,SAME DIR REAR END,DRY,DAYLIGHT,TRAFFIC SIGNAL,INTERSECTION RELATED,T-INTERSECTION,STRAIGHT,NO DEFECTS,"TWO-WAY, DIVIDED, POSITIVE MEDIAN BARRIER",39.175315,-77.25414167,4357136094388064,6910034440025097,0,0,0,2023122313,7729807639132189
EJ78950051,B73C09676E384675B10DB11F593D6797,False,NO APPARENT INJURY,NONE,NOT DISTRACTED,PASSENGER,STARTING FROM LANE,South,DISABLING,25,False,False,2,3886050224293324,230073316,Gaithersburg Police Depar,Property Damage ,False,East,0,1,LEVEL,False,False,UNKNOWN,STRAIGHT MOVEMENT ANGLE,DRY,DAYLIGHT,STOP SIGN,INTERSECTION,FOUR-WAY INTERSECTION,STRAIGHT,NO DEFECTS,"TWO-WAY, DIVIDED, UNPROTECTED PAINTED MIN 4 FEET",39.16189707,-77.21745517,873974809789905,2766707118688190,0,0,0,2023122313,7722140839165105
EJ78950051,8452913A198648088E6AA5769222DD81,False,NO APPARENT INJURY,NONE,UNKNOWN,PASSENGER,STARTING FROM LANE,East,FUNCTIONAL,25,False,False,2,6502835407342344,230073316,Gaithersburg Police Depar,Property Damage ,False,East,0,1,LEVEL,False,False,UNKNOWN,STRAIGHT MOVEMENT ANGLE,DRY,DAYLIGHT,STOP SIGN,INTERSECTION,FOUR-WAY INTERSECTION,STRAIGHT,NO DEFECTS,"TWO-WAY, DIVIDED, UNPROTECTED PAINTED MIN 4 FEET",39.16189707,-77.21745517,873974809789905,2766707118688190,0,0,0,2023122313,7722140839165105
DD5648002H,6ADBF8CDDCB74B28BEFC580E487D7E3A,True,NO APPARENT INJURY,NONE,INATTENTIVE OR LOST IN THOUGHT,PASSENGER,MAKING LEFT TURN,North,DISABLING,20,False,False,2,395683999622975,230073322,Rockville Police Departme,Property Damage ,False,East,2,2,LEVEL,False,False,DRIVER,HEAD ON LEFT TURN,DRY,DAYLIGHT,UNKNOWN,INTERSECTION RELATED,T-INTERSECTION,STRAIGHT,NO DEFECTS,"TWO-WAY, NOT DIVIDED",39.05859172,-77.12588931,8095899208342463,5535566568868664,0,0,0,2023122313,7712482939051552
DD5648002H,39675A047668405A963E18721053B4A7,False,NO APPARENT INJURY,NONE,NOT DISTRACTED,PASSENGER,MOVING CONSTANT SPEED,West,FUNCTIONAL,25,False,False,2,169882185045181,230073322,Rockville Police Departme,Property Damage ,False,East,2,2,LEVEL,False,False,DRIVER,HEAD ON LEFT TURN,DRY,DAYLIGHT,UNKNOWN,INTERSECTION RELATED,T-INTERSECTION,STRAIGHT,NO DEFECTS,"TWO-WAY, NOT DIVIDED",39.05859172,-77.12588931,8095899208342463,5535566568868664,0,0,0,2023122313,7712482939051552
MCP295200F4,165CFA842777461EB2ECD060A9D501DE,False,NO APPARENT INJURY,NONE,NOT DISTRACTED,PASSENGER,STOPPED IN TRAFFIC LANE,North,FUNCTIONAL,35,False,False,2,8224256003641414,230073332,Montgomery County Police,Property Damage ,False,North,1,3,LEVEL,False,False,DRIVER,SAME DIR REND LEFT TURN,DRY,DAYLIGHT,TRAFFIC SIGNAL,INTERSECTION RELATED,FOUR-WAY INTERSECTION,STRAIGHT,NO DEFECTS,"TWO-WAY, NOT DIVIDED",39.00512706,-77.02295105,7228418003688286,3912318926152506,0,0,0,2023122314,7703596439001907
MCP295200F4,BC47A0A53AD542EEB10D043C8E9A3EA0,True,NO APPARENT INJURY,NONE,NOT DISTRACTED,PASSENGER,MOVING CONSTANT SPEED,North,FUNCTIONAL,35,False,False,2,3285744045393034,230073332,Montgomery County Police,Property Damage ,False,North,1,3,LEVEL,False,False,DRIVER,SAME DIR REND LEFT TURN,DRY,DAYLIGHT,TRAFFIC SIGNAL,INTERSECTION RELATED,FOUR-WAY INTERSECTION,STRAIGHT,NO DEFECTS,"TWO-WAY, NOT DIVIDED",39.00512706,-77.02295105,7228418003688286,3912318926152506,0,0,0,2023122314,7703596439001907
DD5643003C,5E1B61395E4E4EDABAF482FDA94D0DE6,False,NO APPARENT INJURY,NONE,NOT DISTRACTED,PASSENGER,MAKING U TURN,West,DISABLING,25,False,False,2,8892869415288246,230073348,Rockville Police Departme,Property Damage ,False,East,2,2,LEVEL,False,False,DRIVER,OTHER,DRY,DARK LIGHTS ON,TRAFFIC SIGNAL,INTERSECTION,FOUR-WAY INTERSECTION,STRAIGHT,NO DEFECTS,"TWO-WAY, DIVIDED, POSITIVE MEDIAN BARRIER",39.07732181,-77.13920643,3061978792393151,5925405510732472,0,0,0,2023122317,7712482939051552
DD5643003C,637F0176415C4628913112792726D67D,True,NO APPARENT INJURY,NONE,LOOKED BUT DID NOT SEE,PASSENGER,RIGHT TURN ON RED,North,FUNCTIONAL,25,False,False,2,8561479855040293,230073348,Rockville Police Departme,Property Damage ,False,East,2,2,LEVEL,False,False,DRIVER,OTHER,DRY,DARK LIGHTS ON,TRAFFIC SIGNAL,INTERSECTION,FOUR-WAY INTERSECTION,STRAIGHT,NO DEFECTS,"TWO-WAY, DIVIDED, POSITIVE MEDIAN BARRIER",39.07732181,-77.13920643,3061978792393151,5925405510732472,0,0,0,2023122317,7712482939051552
MCP31610064,4EB1B9DA821A4DEE8B34B65109A7C15C,False,POSSIBLE INJURY,NONE,NOT DISTRACTED,PASSENGER,MOVING CONSTANT SPEED,South,FUNCTIONAL,35,False,False,2,2815627384783423,230073360,Montgomery County Police,Injury ,False,South,0,3,LEVEL,False,False,DRIVER,SAME DIRECTION SIDESWIPE,DRY,DARK LIGHTS ON,NO CONTROLS,INTERSECTION RELATED,FOUR-WAY INTERSECTION,STRAIGHT,NO DEFECTS,"TWO-WAY, DIVIDED, POSITIVE MEDIAN BARRIER",39.03378567,-77.07509433,1627793738140795,3407665962487858,0,0,0,2023122317,7707527239025656
MCP31610064,1D3BEE712DA648D3A8E6F5D798EF4AEF,True,NO APPARENT INJURY,NONE,UNKNOWN,PASSENGER,CHANGING LANES,South,SUPERFICIAL,35,False,False,2,7026902021977563,230073360,Montgomery County Police,Injury ,False,South,0,3,LEVEL,False,False,DRIVER,SAME DIRECTION SIDESWIPE,DRY,DARK LIGHTS ON,NO CONTROLS,INTERSECTION RELATED,FOUR-WAY INTERSECTION,STRAIGHT,NO DEFECTS,"TWO-WAY, DIVIDED, POSITIVE MEDIAN BARRIER",39.03378567,-77.07509433,1627793738140795,3407665962487858,0,0,0,2023122317,7707527239025656
MCP27230089,091722764622437CB77EF4440D8E471A,False,NO APPARENT INJURY,UNKNOWN,NOT DISTRACTED,PASSENGER,STOPPED IN TRAFFIC LANE,East,SUPERFICIAL,20,False,False,2,451371439071561,230073859,Montgomery County Police,Property Damage ,True,UNKNOWN,0,0,UNKNOWN,True,True,DRIVER,SAME DIRECTION SIDESWIPE,UNKNOWN,DARK LIGHTS ON,NO CONTROLS,UNKNOWN,UNKNOWN,UNKNOWN,UNKNOWN,UNKNOWN,39.07774294,-77.08013507,7781945108562677,7781945108562677,0,0,0,2023122317,7705486039088590
MCP27230089,44B4DDD5336C4FF19837D28E21BE6FA6,True,NO APPARENT INJURY,UNKNOWN,UNKNOWN,PASSENGER,PASSING,East,SUPERFICIAL,20,False,False,2,2815627317672947,230073859,Montgomery County Police,Property Damage ,True,UNKNOWN,0,0,UNKNOWN,True,True,DRIVER,SAME DIRECTION SIDESWIPE,UNKNOWN,DARK LIGHTS ON,NO CONTROLS,UNKNOWN,UNKNOWN,UNKNOWN,UNKNOWN,UNKNOWN,39.07774294,-77.08013507,7781945108562677,7781945108562677,0,0,0,2023122317,7705486039088590
MCP30800048,EF052DF7BDF9429CB73A5CB077CA4F18,True,NO APPARENT INJURY,NONE,LOOKED BUT DID NOT SEE,PASSENGER,MOVING CONSTANT SPEED,North,FUNCTIONAL,35,False,False,2,4475991662974543,230073367,Montgomery County Police,Property Damage ,False,South,1,2,LEVEL,False,False,DRIVER,SAME DIRECTION LEFT TURN,DRY,DARK LIGHTS ON,NO CONTROLS,INTERSECTION,T-INTERSECTION,STRAIGHT,NO DEFECTS,"TWO-WAY, NOT DIVIDED",39.14779366,-77.27044678,1390149187382918,2008202843728792,0,0,0,2023122317,7729807639132189
MCP30800048,A7D98E1E66784CC88966967F9A52C31E,False,NO APPARENT INJURY,NONE,NOT DISTRACTED,PASSENGER,MOVING CONSTANT SPEED,North,FUNCTIONAL,35,False,False,2,6474519236709112,230073367,Montgomery County Police,Property Damage ,False,South,1,2,LEVEL,False,False,DRIVER,SAME DIRECTION LEFT TURN,DRY,DARK LIGHTS ON,NO CONTROLS,INTERSECTION,T-INTERSECTION,STRAIGHT,NO DEFECTS,"TWO-WAY, NOT DIVIDED",39.14779366,-77.27044678,1390149187382918,2008202843728792,0,0,0,2023122317,7729807639132189
MCP2399007L,88B016DA3BDD417FAA720E3F112CA3DB,True,NO APPARENT INJURY,NONE,NOT DISTRACTED,PASSENGER,MOVING CONSTANT SPEED,North,SUPERFICIAL,35,False,False,2,1014617287692876,230073374,Montgomery County Police,Property Damage ,False,South,2,2,LEVEL,False,False,DRIVER,STRAIGHT MOVEMENT ANGLE,DRY,DARK LIGHTS ON,STOP SIGN,INTERSECTION,FOUR-WAY INTERSECTION,STRAIGHT,NO DEFECTS,"TWO-WAY, DIVIDED, UNPROTECTED PAINTED MIN 4 FEET",39.18460333,-77.19894833,7752142353575602,4100500522047188,0,0,0,2023122318,7719610239179289
MCP2399007L,6D2DBFB560A1407299A6631B4F3E7149,True,NO APPARENT INJURY,NONE,LOOKED BUT DID NOT SEE,PASSENGER,ENTERING TRAFFIC LANE,East,DISABLING,35,False,False,2,8224255970086176,230073374,Montgomery County Police,Property Damage ,False,South,2,2,LEVEL,False,False,DRIVER,STRAIGHT MOVEMENT ANGLE,DRY,DARK LIGHTS ON,STOP SIGN,INTERSECTION,FOUR-WAY INTERSECTION,STRAIGHT,NO DEFECTS,"TWO-WAY, DIVIDED, UNPROTECTED PAINTED MIN 4 FEET",39.18460333,-77.19894833,7752142353575602,4100500522047188,0,0,0,2023122318,7719610239179289
EJ7847003B,DC348BA7CD34433CA3AA72C6408C1DCB,False,NO APPARENT INJURY,UNKNOWN,LOOKED BUT DID NOT SEE,PASSENGER,CHANGING LANES,North,DISABLING,35,False,False,2,9530107216342594,230073378,Gaithersburg Police Depar,Property Damage ,False,North,1,2,LEVEL,False,False,UNKNOWN,ANGLE MEETS LEFT TURN,DRY,DARK LIGHTS ON,NO CONTROLS,INTERSECTION,T-INTERSECTION,STRAIGHT,NO DEFECTS,"TWO-WAY, DIVIDED, POSITIVE MEDIAN BARRIER",39.1419913,-77.22431373,1106859133456978,6139515265870201,0,0,0,2023122319,7724972439113159
EJ7847003B,7A6303FBB4964C188E1E8381E20AD54E,False,NO APPARENT INJURY,UNKNOWN,LOOKED BUT DID NOT SEE,PASSENGER,MAKING LEFT TURN,North,FUNCTIONAL,35,False,False,2,3706795429459167,230073378,Gaithersburg Police Depar,Property Damage ,False,North,1,2,LEVEL,False,False,UNKNOWN,ANGLE MEETS LEFT TURN,DRY,DARK LIGHTS ON,NO CONTROLS,INTERSECTION,T-INTERSECTION,STRAIGHT,NO DEFECTS,"TWO-WAY, DIVIDED, POSITIVE MEDIAN BARRIER",39.1419913,-77.22431373,1106859133456978,6139515265870201,0,0,0,2023122319,7724972439113159
MCP2948006P,83A3C399130C470B83A3D3EB89271941,False,NO APPARENT INJURY,NONE,NOT DISTRACTED,PASSENGER,MAKING LEFT TURN,South,SUPERFICIAL,40,False,False,2,1691124093620930,230073382,Montgomery County Police,Property Damage ,False,East,1,3,LEVEL,False,False,UNKNOWN,ANGLE MEETS LEFT TURN,DRY,DARK -- UNKNOWN LIGHTING,TRAFFIC SIGNAL,UNKNOWN,FOUR-WAY INTERSECTION,STRAIGHT,NO DEFECTS,"TWO-WAY, DIVIDED, POSITIVE MEDIAN BARRIER",39.05804467,-77.05770579,8073720238398338,9680331896868974,0,0,0,2023122320,7704240439043964
MCP2948006P,5ECC39131F7F4597A99083DE9B787124,False,NO APPARENT INJURY,NONE,NOT DISTRACTED,PASSENGER,UNKNOWN,East,SUPERFICIAL,40,False,False,2,9110084541442976,230073382,Montgomery County Police,Property Damage ,False,East,1,3,LEVEL,False,False,UNKNOWN,ANGLE MEETS LEFT TURN,DRY,DARK -- UNKNOWN LIGHTING,TRAFFIC SIGNAL,UNKNOWN,FOUR-WAY INTERSECTION,STRAIGHT,NO DEFECTS,"TWO-WAY, DIVIDED, POSITIVE MEDIAN BARRIER",39.05804467,-77.05770579,8073720238398338,9680331896868974,0,0,0,2023122320,7704240439043964
MCP28460098,1B82AF11248D45D498A6C4E2B7A3D239,False,POSSIBLE INJURY,NONE,NOT DISTRACTED,PASSENGER,SLOWING OR STOPPING,North,FUNCTIONAL,35,False,False,2,8243785559569516,230073386,Montgomery County Police,Injury ,True,North,3,3,LEVEL,False,False,DRIVER,SAME DIR REAR END,DRY,DARK LIGHTS ON,NO CONTROLS,NON INTERSECTION,UNKNOWN,STRAIGHT,NO DEFECTS,"TWO-WAY, DIVIDED, POSITIVE MEDIAN BARRIER",39.03622997,-77.02747786,8554262040045692,2856714500567665,0,0,0,2023122320,7704240439043964
MCP28460098,21A0804C95F44DFCA88113BAB76EF5BD,True,NO APPARENT INJURY,UNKNOWN,LOOKED BUT DID NOT SEE,UNKNOWN,MOVING CONSTANT SPEED,North,UNKNOWN,35,False,False,2,8168321465439775,230073386,Montgomery County Police,Injury ,True,North,3,3,LEVEL,False,False,DRIVER,SAME DIR REAR END,DRY,DARK LIGHTS ON,NO CONTROLS,NON INTERSECTION,UNKNOWN,STRAIGHT,NO DEFECTS,"TWO-WAY, DIVIDED, POSITIVE MEDIAN BARRIER",39.03622997,-77.02747786,8554262040045692,2856714500567665,0,0,0,2023122320,7704240439043964
MCP23050035,911170E62B2B4601955411216B0B1AAB,False,NO APPARENT INJURY,UNKNOWN,NOT DISTRACTED,PASSENGER,SLOWING OR STOPPING,South,DISABLING,40,False,False,2,8633160569135049,230073395,Montgomery County Police,Property Damage ,False,South,3,3,LEVEL,False,False,DRIVER,SAME DIR REAR END,DRY,DARK LIGHTS ON,NO CONTROLS,UNKNOWN,UNKNOWN,STRAIGHT,NO DEFECTS,"TWO-WAY, DIVIDED, POSITIVE MEDIAN BARRIER",39.20114333,-77.25591833,6418383227647657,4231212482043262,0,0,0,2023122321,7723271939208770
MCP23050035,DE8AA0C6E35845E98CE24B7F4A85C072,True,NO APPARENT INJURY,NONE,NOT DISTRACTED,PASSENGER,MOVING CONSTANT SPEED,South,DISABLING,40,False,False,2,1871968847444975,230073395,Montgomery County Police,Property Damage ,False,South,3,3,LEVEL,False,False,DRIVER,SAME DIR REAR END,DRY,DARK LIGHTS ON,NO CONTROLS,UNKNOWN,UNKNOWN,STRAIGHT,NO DEFECTS,"TWO-WAY, DIVIDED, POSITIVE MEDIAN BARRIER",39.20114333,-77.25591833,6418383227647657,4231212482043262,0,0,0,2023122321,7723271939208770
MCP3228005L,49E82F29DD1344C785BA5B0F8612A088,True,NO APPARENT INJURY,UNKNOWN,UNKNOWN,PASSENGER,MOVING CONSTANT SPEED,East,DISABLING,35,False,False,2,4875846912795590,230073396,Montgomery County Police,Property Damage ,False,East,0,3,GRADE DOWNHILL,False,False,DRIVER,ANGLE MEETS LEFT TURN,DRY,DARK LIGHTS ON,NO CONTROLS,INTERSECTION,FOUR-WAY INTERSECTION,STRAIGHT,NO DEFECTS,"TWO-WAY, DIVIDED, POSITIVE MEDIAN BARRIER",39.07579383,-77.1182315,9290911226978796,7265841038862045,0,0,0,2023122322,7712156139078053
MCP3228005L,2C061354BEC645BF84FFF4F32B4E51DE,True,NO APPARENT INJURY,NONE,LOOKED BUT DID NOT SEE,PASSENGER,MAKING LEFT TURN,East,DISABLING,35,False,False,2,7818884583143200,230073396,Montgomery County Police,Property Damage ,False,East,0,3,GRADE DOWNHILL,False,False,DRIVER,ANGLE MEETS LEFT TURN,DRY,DARK LIGHTS ON,NO CONTROLS,INTERSECTION,FOUR-WAY INTERSECTION,STRAIGHT,NO DEFECTS,"TWO-WAY, DIVIDED, POSITIVE MEDIAN BARRIER",39.07579383,-77.1182315,9290911226978796,7265841038862045,0,0,0,2023122322,7712156139078053
MCP3221002Q,9E946FAA2880475684A369CA218EB9A2,True,NO APPARENT INJURY,NONE,UNKNOWN,PASSENGER,UNKNOWN,South,UNKNOWN,35,False,False,2,2528170676785383,230073397,Montgomery County Police,Injury ,True,North,1,1,LEVEL,False,False,DRIVER,OPPOSITE DIRECTION SIDESWIPE,DRY,DARK NO LIGHTS,NO CONTROLS,NON INTERSECTION,UNKNOWN,STRAIGHT,NO DEFECTS,"TWO-WAY, NOT DIVIDED",39.06158667,-77.17687167,8203864555493010,8177396408639674,0,0,0,2023122322,7722348939035838
MCP3221002Q,9B80B454ECA04BE393BA58AA06BC954E,False,POSSIBLE INJURY,NONE,NOT DISTRACTED,PASSENGER,MOVING CONSTANT SPEED,North,SUPERFICIAL,35,False,False,2,9123397464414208,230073397,Montgomery County Police,Injury ,True,North,1,1,LEVEL,False,False,DRIVER,OPPOSITE DIRECTION SIDESWIPE,DRY,DARK NO LIGHTS,NO CONTROLS,NON INTERSECTION,UNKNOWN,STRAIGHT,NO DEFECTS,"TWO-WAY, NOT DIVIDED",39.06158667,-77.17687167,8203864555493010,8177396408639674,0,0,0,2023122322,7722348939035838
MCP32400038,BE94135E8A1D40B4A8218E8C3CF253D7,True,NO APPARENT INJURY,UNKNOWN,LOOKED BUT DID NOT SEE,PASSENGER,CHANGING LANES,East,DISABLING,30,False,False,2,2815627368005804,230073400,Montgomery County Police,Property Damage ,False,East,1,2,LEVEL,False,False,DRIVER,SAME DIRECTION SIDESWIPE,DRY,DARK LIGHTS ON,TRAFFIC SIGNAL,INTERSECTION,FOUR-WAY INTERSECTION,STRAIGHT,NO DEFECTS,"TWO-WAY, DIVIDED, POSITIVE MEDIAN BARRIER",39.1801935,-77.26862067,4357136094388064,5604345136865326,0,0,0,2023122323,7729807639132189
MCP32400038,8174B647D8D44F3590E303CF4C53843A,False,NO APPARENT INJURY,UNKNOWN,NOT DISTRACTED,PASSENGER,MOVING CONSTANT SPEED,East,DISABLING,30,False,False,2,4475991830750733,230073400,Montgomery County Police,Property Damage ,False,East,1,2,LEVEL,False,False,DRIVER,SAME DIRECTION SIDESWIPE,DRY,DARK LIGHTS ON,TRAFFIC SIGNAL,INTERSECTION,FOUR-WAY INTERSECTION,STRAIGHT,NO DEFECTS,"TWO-WAY, DIVIDED, POSITIVE MEDIAN BARRIER",39.1801935,-77.26862067,4357136094388064,5604345136865326,0,0,0,2023122323,7729807639132189
MCP2835003B,293C214B5A744465B798267532144073,True,NO APPARENT INJURY,NONE,NOT DISTRACTED,PASSENGER,MAKING LEFT TURN,West,SUPERFICIAL,30,False,False,2,6259949909495943,230073403,Montgomery County Police,Property Damage ,False,North,2,3,LEVEL,False,False,DRIVER,SAME DIRECTION SIDESWIPE,DRY,UNKNOWN,TRAFFIC SIGNAL,INTERSECTION,FOUR-WAY INTERSECTION,STRAIGHT,NO DEFECTS,"TWO-WAY, DIVIDED, POSITIVE MEDIAN BARRIER",38.96182833,-77.08632667,7307765282026999,8655009953594281,0,0,0,2023122323,7707842038983818
MCP2835003B,8F0CF51A46D24045ACC0F9136C80831C,False,NO APPARENT INJURY,NONE,NOT DISTRACTED,PASSENGER,MOVING CONSTANT SPEED,North,SUPERFICIAL,30,False,False,2,2815627384783423,230073403,Montgomery County Police,Property Damage ,False,North,2,3,LEVEL,False,False,DRIVER,SAME DIRECTION SIDESWIPE,DRY,UNKNOWN,TRAFFIC SIGNAL,INTERSECTION,FOUR-WAY INTERSECTION,STRAIGHT,NO DEFECTS,"TWO-WAY, DIVIDED, POSITIVE MEDIAN BARRIER",38.96182833,-77.08632667,7307765282026999,8655009953594281,0,0,0,2023122323,7707842038983818
MCP24640034,F52D62C58BC842528BD444A2AB8FAC7A,True,NO APPARENT INJURY,UNKNOWN,UNKNOWN,PASSENGER,BACKING,UNKNOWN,SUPERFICIAL,0,False,False,2,1314431062089322,230073406,Montgomery County Police,Property Damage ,True,UNKNOWN,0,0,UNKNOWN,True,True,DRIVER,STRAIGHT MOVEMENT ANGLE,UNKNOWN,DARK LIGHTS ON,NO CONTROLS,UNKNOWN,UNKNOWN,UNKNOWN,UNKNOWN,UNKNOWN,39.00036836,-76.99482146,7781945108562677,7781945108562677,0,0,0,2023122323,7700923739021308
MCP24640034,42054BBBCC8B43759CC3CEF3FD4F8FBC,False,NO APPARENT INJURY,NONE,NOT DISTRACTED,PASSENGER,MOVING CONSTANT SPEED,UNKNOWN,SUPERFICIAL,0,False,False,2,1032943149996826,230073406,Montgomery County Police,Property Damage ,True,UNKNOWN,0,0,UNKNOWN,True,True,DRIVER,STRAIGHT MOVEMENT ANGLE,UNKNOWN,DARK LIGHTS ON,NO CONTROLS,UNKNOWN,UNKNOWN,UNKNOWN,UNKNOWN,UNKNOWN,39.00036836,-76.99482146,7781945108562677,7781945108562677,0,0,0,2023122323,7700923739021308
MCP3156002S,B2746A3A46944FB68CA3B0A0230D0657,True,NO APPARENT INJURY,UNKNOWN,UNKNOWN,PASSENGER,MOVING CONSTANT SPEED,North,SUPERFICIAL,5,False,False,1,5082261807128004,230073447,Montgomery County Police,Property Damage ,True,UNKNOWN,0,0,UNKNOWN,True,True,DRIVER,SAME DIR REAR END,UNKNOWN,DARK LIGHTS ON,UNKNOWN,UNKNOWN,UNKNOWN,UNKNOWN,UNKNOWN,UNKNOWN,38.99872833,-77.000125,7781945108562677,7781945108562677,0,0,0,2023122401,7700923739021308