ReportNumber,VehicleCrashKey,DriverAtFault,DriverInjurySeverity,DriverSubstanceAbuse,DriverDistractedBy,VehicleType,VehicleMovement,VehicleGoingDir,VehicleDamageExtent,SpeedLimit,ParkedVehicle,SubstanceAbuseContributed,VehiclesCrashedTotal,VehicleKey,LocalCaseNumber,AgencyName,ACRSReportType,HitRun,LaneDirection,LaneNumber,NumberOfLanes,RoadGrade,NonTraffic,OffRoadIncident,AccidentAtFault,CollisionType,SurfaceCondition,Light,TrafficControl,Junction,IntersectionType,RoadAlignment,RoadCondition,RoadDivision,Latitude,Longitude,RoadKey,CrossStreetKey,NonMotoristTotal,NonMotoristInjury,NonMotoristFatal,DateHourKey,LocationAreaKey
MCP31730034,B9B0A98B2E034FC8BB793D2517F98F1B,True,NO APPARENT INJURY,ALCOHOL,NOT DISTRACTED,PASSENGER,STARTING FROM PARKED,North,DISABLING,35,False,True,1,6076966659623523,230073412,Montgomery County Police,Property Damage ,True,UNKNOWN,0,0,UNKNOWN,True,True,DRIVER,SAME DIRECTION SIDESWIPE,UNKNOWN,DARK LIGHTS ON,UNKNOWN,UNKNOWN,UNKNOWN,UNKNOWN,UNKNOWN,UNKNOWN,39.16365391,-77.22571709,7781945108562677,7781945108562677,0,0,0,2023122402,7722140839165105
MCP33760018,05405ECAFB714F14BDBB4B44A09A5250,True,SUSPECTED MINOR INJURY,UNKNOWN,UNKNOWN,PASSENGER,MOVING CONSTANT SPEED,West,DESTROYED,35,False,False,1,7600654386966955,230073416,Montgomery County Police,Injury ,False,West,0,3,LEVEL,False,False,DRIVER,SINGLE VEHICLE,DRY,DARK LIGHTS ON,FLASHING TRAFFIC SIGNAL,NON INTERSECTION,UNKNOWN,CURVE LEFT,NO DEFECTS,"TWO-WAY, DIVIDED, POSITIVE MEDIAN BARRIER",39.03475997,-77.02462485,5963249679537482,2279749586629528,0,0,0,2023122402,7700923739021308
MCP3089004B,7CC7501B081E4E5185ED17178DF7425E,True,POSSIBLE INJURY,UNKNOWN,OTHER DISTRACTION,PASSENGER,MOVING CONSTANT SPEED,South,FUNCTIONAL,20,False,False,1,1314430994978846,230073421,Montgomery County Police,Injury ,False,South,3,3,LEVEL,False,False,DRIVER,SINGLE VEHICLE,DRY,DAYLIGHT,UNKNOWN,UNKNOWN,UNKNOWN,STRAIGHT,UNKNOWN,"TWO-WAY, DIVIDED, UNPROTECTED PAINTED MIN 4 FEET",39.00634333,-77.05014167,7228418003688286,4638142522778982,0,0,0,2023122407,7703596439001907
MCP3350002G,92CF6515073C4F609AA41469A2A1CE19,False,NO APPARENT INJURY,NONE,NOT DISTRACTED,PASSENGER,MOVING CONSTANT SPEED,South,DESTROYED,35,False,False,2,751452905815289,230073423,Montgomery County Police,Injury ,False,South,2,2,LEVEL,False,False,DRIVER,STRAIGHT MOVEMENT ANGLE,WET,DAYLIGHT,TRAFFIC SIGNAL,INTERSECTION,FOUR-WAY INTERSECTION,STRAIGHT,NO DEFECTS,"TWO-WAY, DIVIDED, POSITIVE MEDIAN BARRIER",39.03434,-77.12503667,4494898042244063,5080022737134299,0,0,0,2023122408,7712482939051552
MCP3350002G,76856F54495A47B5BB36BE2D9D9AE45F,True,SUSPECTED MINOR INJURY,NONE,LOOKED BUT DID NOT SEE,PASSENGER,MAKING LEFT TURN,North,DESTROYED,35,False,False,2,4758917132870816,230073423,Montgomery County Police,Injury ,False,South,2,2,LEVEL,False,False,DRIVER,STRAIGHT MOVEMENT ANGLE,WET,DAYLIGHT,TRAFFIC SIGNAL,INTERSECTION,FOUR-WAY INTERSECTION,STRAIGHT,NO DEFECTS,"TWO-WAY, DIVIDED, POSITIVE MEDIAN BARRIER",39.03434,-77.12503667,4494898042244063,5080022737134299,0,0,0,2023122408,7712482939051552
MCP3016004S,18202D72E27347379C0AC60332F31DE2,True,NO APPARENT INJURY,UNKNOWN,LOOKED BUT DID NOT SEE,PASSENGER,SKIDDING,South,FUNCTIONAL,50,False,False,2,1314431045311703,230073428,Montgomery County Police,Property Damage ,False,South,3,3,LEVEL,False,False,DRIVER,SAME DIR REAR END,WET,DAYLIGHT,FLASHING TRAFFIC SIGNAL,INTERSECTION,T-INTERSECTION,STRAIGHT,NO DEFECTS,"TWO-WAY, DIVIDED, POSITIVE MEDIAN BARRIER",39.19920167,-77.260585,1482134744854050,6995932442052456,0,0,0,2023122410,7723271939208770
MCP3016004S,E4A59DA5B0C3492F916B22284F0264D4,False,NO APPARENT INJURY,UNKNOWN,NOT DISTRACTED,PASSENGER,SLOWING OR STOPPING,South,FUNCTIONAL,50,False,False,2,1622657827598759,230073428,Montgomery County Police,Property Damage ,False,South,3,3,LEVEL,False,False,DRIVER,SAME DIR REAR END,WET,DAYLIGHT,FLASHING TRAFFIC SIGNAL,INTERSECTION,T-INTERSECTION,STRAIGHT,NO DEFECTS,"TWO-WAY, DIVIDED, POSITIVE MEDIAN BARRIER",39.19920167,-77.260585,1482134744854050,6995932442052456,0,0,0,2023122410,7723271939208770
MCP209400N7,D6D4A1DF3AE744069EE82C8918CD2766,True,NO APPARENT INJURY,NONE,NOT DISTRACTED,PASSENGER,SLOWING OR STOPPING,West,DISABLING,40,False,False,2,1314430994978846,230073430,Montgomery County Police,Property Damage ,False,West,3,3,GRADE DOWNHILL,False,False,DRIVER,SAME DIR REAR END,WET,DAYLIGHT,TRAFFIC SIGNAL,INTERSECTION RELATED,T-INTERSECTION,STRAIGHT,NO DEFECTS,"TWO-WAY, DIVIDED, POSITIVE MEDIAN BARRIER",39.05565833,-77.14910667,2286014561620445,9223427877673206,0,0,0,2023122410,7712482939051552
MCP209400N7,940580856F72446EB75F4E7928DD5A0F,False,NO APPARENT INJURY,NONE,NOT DISTRACTED,PASSENGER,STOPPED IN TRAFFIC LANE,West,DISABLING,40,False,False,2,6711480705124061,230073430,Montgomery County Police,Property Damage ,False,West,3,3,GRADE DOWNHILL,False,False,DRIVER,SAME DIR REAR END,WET,DAYLIGHT,TRAFFIC SIGNAL,INTERSECTION RELATED,T-INTERSECTION,STRAIGHT,NO DEFECTS,"TWO-WAY, DIVIDED, POSITIVE MEDIAN BARRIER",39.05565833,-77.14910667,2286014561620445,9223427877673206,0,0,0,2023122410,7712482939051552
MCP3016004T,82B7255EB6034D6DB5C329EF3BC521D8,False,NO APPARENT INJURY,UNKNOWN,NOT DISTRACTED,PASSENGER,STOPPED IN TRAFFIC LANE,South,DISABLING,50,False,False,2,1314431045311703,230073429,Montgomery County Police,Property Damage ,False,South,3,3,LEVEL,False,False,DRIVER,SAME DIR REAR END,WET,DAYLIGHT,TRAFFIC SIGNAL,UNKNOWN,UNKNOWN,STRAIGHT,NO DEFECTS,"TWO-WAY, DIVIDED, POSITIVE MEDIAN BARRIER",39.199205,-77.26045833,1482134744854050,6995932442052456,0,0,0,2023122410,7723271939208770
MCP3016004T,AE562EC9957342DFB15217C6E9EB1160,True,NO APPARENT INJURY,UNKNOWN,LOOKED BUT DID NOT SEE,PASSENGER,MOVING CONSTANT SPEED,South,FUNCTIONAL,50,False,False,2,6326503058426550,230073429,Montgomery County Police,Property Damage ,False,South,3,3,LEVEL,False,False,DRIVER,SAME DIR REAR END,WET,DAYLIGHT,TRAFFIC SIGNAL,UNKNOWN,UNKNOWN,STRAIGHT,NO DEFECTS,"TWO-WAY, DIVIDED, POSITIVE MEDIAN BARRIER",39.199205,-77.26045833,1482134744854050,6995932442052456,0,0,0,2023122410,7723271939208770
MCP209400N8,DD15584FF9DC40D8A6D61E6F80445AAF,True,NO APPARENT INJURY,NONE,NOT DISTRACTED,PASSENGER,MAKING LEFT TURN,West,DISABLING,45,False,False,1,9976787137298890,230073435,Montgomery County Police,Property Damage ,False,UNKNOWN,0,0,UNKNOWN,True,True,DRIVER,SINGLE VEHICLE,UNKNOWN,DAYLIGHT,NO CONTROLS,UNKNOWN,UNKNOWN,UNKNOWN,UNKNOWN,UNKNOWN,39.02332833,-77.160925,7781945108562677,7781945108562677,0,0,0,2023122411,7715220038996189
EJ7887003M,65B6E782387D4F8EB189DF79A633BB31,True,NO APPARENT INJURY,UNKNOWN,UNKNOWN,PASSENGER,UNKNOWN,South,UNKNOWN,30,False,False,2,7285497949295904,230073441,Gaithersburg Police Depar,Property Damage ,True,South,1,2,LEVEL,False,False,DRIVER,SAME DIR REAR END,WET,DAYLIGHT,FLASHING TRAFFIC SIGNAL,INTERSECTION,FOUR-WAY INTERSECTION,STRAIGHT,NO DEFECTS,"TWO-WAY, DIVIDED, POSITIVE MEDIAN BARRIER",39.13657371,-77.20580096,4261994559990100,9402028909686769,0,0,0,2023122411,7718751639140820
EJ7887003M,BB996154985E459DBF5FBA4842523F68,False,NO APPARENT INJURY,NONE,NOT DISTRACTED,PASSENGER,MOVING CONSTANT SPEED,South,FUNCTIONAL,35,False,False,2,3233063173565461,230073441,Gaithersburg Police Depar,Property Damage ,True,South,1,2,LEVEL,False,False,DRIVER,SAME DIR REAR END,WET,DAYLIGHT,FLASHING TRAFFIC SIGNAL,INTERSECTION,FOUR-WAY INTERSECTION,STRAIGHT,NO DEFECTS,"TWO-WAY, DIVIDED, POSITIVE MEDIAN BARRIER",39.13657371,-77.20580096,4261994559990100,9402028909686769,0,0,0,2023122411,7718751639140820
MCP2513003H,12407A56D9BA4B77A304F7B76AC70495,True,NO APPARENT INJURY,NONE,OTHER DISTRACTION,PASSENGER,MOVING CONSTANT SPEED,South,SUPERFICIAL,40,False,False,2,3602734373421557,230073442,Montgomery County Police,Injury ,False,South,0,1,LEVEL,False,False,DRIVER,SAME DIR REAR END,DRY,DAYLIGHT,NO CONTROLS,INTERSECTION RELATED,UNKNOWN,CURVE RIGHT,NO DEFECTS,OTHER,39.12192552,-77.17860098,1611524329361443,1087206462462916,0,0,0,2023122412,7718751639140820
MCP2513003H,DE9A68C8F72C48649908E46911F38B6F,False,SUSPECTED MINOR INJURY,NONE,NOT DISTRACTED,PASSENGER,STOPPED IN TRAFFIC LANE,South,SUPERFICIAL,40,False,False,2,8243785576347135,230073442,Montgomery County Police,Injury ,False,South,0,1,LEVEL,False,False,DRIVER,SAME DIR REAR END,DRY,DAYLIGHT,NO CONTROLS,INTERSECTION RELATED,UNKNOWN,CURVE RIGHT,NO DEFECTS,OTHER,39.12192552,-77.17860098,1611524329361443,1087206462462916,0,0,0,2023122412,7718751639140820
MCP2603005Y,448D00BBCD6D4C5CAB718E799B5844D6,False,NO APPARENT INJURY,UNKNOWN,NOT DISTRACTED,PASSENGER,PARKED,UNKNOWN,SUPERFICIAL,5,True,False,2,4595510051903263,230073450,Montgomery County Police,Property Damage ,False,UNKNOWN,0,0,UNKNOWN,True,True,DRIVER,OTHER,UNKNOWN,DAYLIGHT,UNKNOWN,UNKNOWN,UNKNOWN,UNKNOWN,UNKNOWN,UNKNOWN,39.15509833,-77.16471833,7781945108562677,7781945108562677,0,0,0,2023122413,7716365739170519
MCP2603005Y,7CF2F667432947CB949E6D791714A9C0,True,NO APPARENT INJURY,UNKNOWN,NOT DISTRACTED,PASSENGER,BACKING,East,SUPERFICIAL,5,False,False,2,4552950334771023,230073450,Montgomery County Police,Property Damage ,False,UNKNOWN,0,0,UNKNOWN,True,True,DRIVER,OTHER,UNKNOWN,DAYLIGHT,UNKNOWN,UNKNOWN,UNKNOWN,UNKNOWN,UNKNOWN,UNKNOWN,39.15509833,-77.16471833,7781945108562677,7781945108562677,0,0,0,2023122413,7716365739170519
MCP30890049,79A5DEF2626E4C5F9BE2D88CB6FF2D49,True,NO APPARENT INJURY,NONE,TALKING OR LISTENING TO CELLULAR PHONE,PASSENGER,ACCELERATING,North,FUNCTIONAL,20,False,False,1,751452872260051,230073453,Montgomery County Police,Property Damage ,False,North,1,2,UNKNOWN,False,False,DRIVER,OTHER,DRY,DAYLIGHT,OTHER,UNKNOWN,UNKNOWN,STRAIGHT,NO DEFECTS,"TWO-WAY, DIVIDED, UNPROTECTED PAINTED MIN 4 FEET",39.0049,-77.03528833,3492999203417397,1318105321771268,0,0,0,2023122414,7703596439001907
MCP30550045,60D80D011E104839A7FBB93487C821D4,True,NO APPARENT INJURY,UNKNOWN,INATTENTIVE OR LOST IN THOUGHT,PASSENGER,PARKING,East,SUPERFICIAL,15,False,False,1,2411461157739148,230073457,Montgomery County Police,Injury ,False,UNKNOWN,0,0,UNKNOWN,True,True,DRIVER,OTHER,UNKNOWN,DAYLIGHT,UNKNOWN,UNKNOWN,UNKNOWN,UNKNOWN,UNKNOWN,UNKNOWN,39.05594083,-77.0839425,7781945108562677,7781945108562677,1,1,0,2023122414,7705486039088590
MCP33390038,4680A7A99F7D43A0B569599879CD0A88,False,NO APPARENT INJURY,NONE,NOT DISTRACTED,PASSENGER,MOVING CONSTANT SPEED,East,DESTROYED,35,False,False,2,8224256053974271,230073477,Montgomery County Police,Property Damage ,False,East,3,3,LEVEL,False,False,DRIVER,STRAIGHT MOVEMENT ANGLE,DRY,DAYLIGHT,TRAFFIC SIGNAL,INTERSECTION,FOUR-WAY INTERSECTION,STRAIGHT,NO DEFECTS,"TWO-WAY, DIVIDED, POSITIVE MEDIAN BARRIER",39.05903733,-77.0474325,8073720238398338,41941829628911,0,0,0,2023122416,7704240439043964
MCP33390038,74A6992325D8411D9F7D05D8E0D02F0C,True,NO APPARENT INJURY,NONE,INATTENTIVE OR LOST IN THOUGHT,PASSENGER,MAKING LEFT TURN,West,FUNCTIONAL,35,False,False,2,1704977979950737,230073477,Montgomery County Police,Property Damage ,False,East,3,3,LEVEL,False,False,DRIVER,STRAIGHT MOVEMENT ANGLE,DRY,DAYLIGHT,TRAFFIC SIGNAL,INTERSECTION,FOUR-WAY INTERSECTION,STRAIGHT,NO DEFECTS,"TWO-WAY, DIVIDED, POSITIVE MEDIAN BARRIER",39.05903733,-77.0474325,8073720238398338,41941829628911,0,0,0,2023122416,7704240439043964
MCP33560018,59C35ECA89A3422FA57C271F65B3D02B,True,NO APPARENT INJURY,NONE,INATTENTIVE OR LOST IN THOUGHT,PASSENGER,STARTING FROM PARKED,South,NO DAMAGE,5,False,False,1,4621936576342464,230073488,Montgomery County Police,Injury ,False,UNKNOWN,0,0,UNKNOWN,True,True,DRIVER,OTHER,UNKNOWN,DARK LIGHTS ON,NO CONTROLS,UNKNOWN,UNKNOWN,UNKNOWN,UNKNOWN,UNKNOWN,39.28861683,-77.20493983,7781945108562677,7781945108562677,1,1,0,2023122418,7721721839291851
MCP1213008Y,51C8DBBBCE93480EB57F743981A9AA30,True,NO APPARENT INJURY,NONE,NOT DISTRACTED,PASSENGER,MAKING RIGHT TURN,East,DISABLING,25,False,False,2,6801964070250583,230073490,Montgomery County Police,Property Damage ,False,East,1,2,HILL UPHILL,False,False,DRIVER,SAME DIRECTION SIDESWIPE,DRY,DARK LIGHTS ON,NO CONTROLS,NON INTERSECTION,UNKNOWN,STRAIGHT,NO DEFECTS,"TWO-WAY, NOT DIVIDED",39.04298167,-77.05287333,7567271927470179,6596794406628299,0,0,0,2023122418,7704240439043964
MCP1213008Y,811D0CF1BDF04E80AF7DDAECBA7A7D48,True,NO APPARENT INJURY,NONE,NOT DISTRACTED,EMERGENCY,MAKING RIGHT TURN,East,SUPERFICIAL,25,False,False,2,4092823193107492,230073490,Montgomery County Police,Property Damage ,False,East,1,2,HILL UPHILL,False,False,DRIVER,SAME DIRECTION SIDESWIPE,DRY,DARK LIGHTS ON,NO CONTROLS,NON INTERSECTION,UNKNOWN,STRAIGHT,NO DEFECTS,"TWO-WAY, NOT DIVIDED",39.04298167,-77.05287333,7567271927470179,6596794406628299,0,0,0,2023122418,7704240439043964
MCP23350025,61AFC089259D4EBDA834503BD6BFC701,False,NO APPARENT INJURY,NONE,NOT DISTRACTED,PASSENGER,SLOWING OR STOPPING,South,DISABLING,45,False,False,2,751452855482432,230073492,Montgomery County Police,Property Damage ,False,South,1,2,LEVEL,False,False,DRIVER,SAME DIR REAR END,DRY,DARK NO LIGHTS,NO CONTROLS,INTERSECTION,T-INTERSECTION,STRAIGHT,NO DEFECTS,"TWO-WAY, NOT DIVIDED",39.25990032,-77.22342869,2800615797607229,8630790159084074,0,0,0,2023122420,7721721839291851
MCP23350025,7439A49ED737413E8B878163ABE38B04,True,NO APPARENT INJURY,NONE,NOT DISTRACTED,PASSENGER,MOVING CONSTANT SPEED,South,DISABLING,45,False,False,2,7987893192755327,230073492,Montgomery County Police,Property Damage ,False,South,1,2,LEVEL,False,False,DRIVER,SAME DIR REAR END,DRY,DARK NO LIGHTS,NO CONTROLS,INTERSECTION,T-INTERSECTION,STRAIGHT,NO DEFECTS,"TWO-WAY, NOT DIVIDED",39.25990032,-77.22342869,2800615797607229,8630790159084074,0,0,0,2023122420,7721721839291851
MCP33390039,65A21CAF7A6947BE8A4D0AAF4FA9C775,True,NO APPARENT INJURY,UNKNOWN,UNKNOWN,PASSENGER,MOVING CONSTANT SPEED,East,DESTROYED,25,False,False,1,9324840517220719,230073496,Montgomery County Police,Property Damage ,True,East,1,1,LEVEL,False,False,DRIVER,OPPOSITE DIRECTION SIDESWIPE,DRY,DARK LIGHTS ON,NO CONTROLS,UNKNOWN,UNKNOWN,STRAIGHT,NO DEFECTS,"TWO-WAY, NOT DIVIDED",39.08673583,-77.0817105,1684887375913352,8554262040045692,0,0,0,2023122420,7709494939102237
MCP24640035,6FF7CDCF1C6F4EB59B8B83125221A7D3,True,NO APPARENT INJURY,ALCOHOL,UNKNOWN,PASSENGER,MOVING CONSTANT SPEED,South,DISABLING,35,False,False,1,8208858237605081,230073502,Montgomery County Police,Property Damage ,False,South,1,1,LEVEL,False,False,DRIVER,SAME DIR REAR END,DRY,DARK LIGHTS ON,NO CONTROLS,NON INTERSECTION,UNKNOWN,STRAIGHT,NO DEFECTS,"TWO-WAY, DIVIDED, POSITIVE MEDIAN BARRIER",39.01344854,-77.00035612,8442034869945053,4312010187926084,0,0,0,2023122422,7700923739021308
MCP2536004W,B70EC63263794AFB8184C7DDA0F15307,True,NO APPARENT INJURY,UNKNOWN,NOT DISTRACTED,PASSENGER,SLOWING OR STOPPING,South,SUPERFICIAL,15,False,False,1,3097115431096871,230073511,Montgomery County Police,Property Damage ,True,UNKNOWN,0,0,UNKNOWN,True,True,DRIVER,OTHER,UNKNOWN,DARK LIGHTS ON,NO CONTROLS,UNKNOWN,UNKNOWN,UNKNOWN,UNKNOWN,UNKNOWN,39.06329833,-77.09575,7781945108562677,7781945108562677,0,0,0,2023122502,7709494939102237
MCP33760019,DEC0BFDFE3C24F0781063E333E3B49C8,False,SUSPECTED MINOR INJURY,NONE,NOT DISTRACTED,PASSENGER,MOVING CONSTANT SPEED,North,DISABLING,25,False,False,2,7004010288867693,230073508,Montgomery County Police,Injury ,False,North,1,3,LEVEL,False,False,DRIVER,STRAIGHT MOVEMENT ANGLE,DRY,DARK LIGHTS ON,TRAFFIC SIGNAL,INTERSECTION,FOUR-WAY INTERSECTION,STRAIGHT,NO DEFECTS,"TWO-WAY, DIVIDED, POSITIVE MEDIAN BARRIER",39.04351783,-77.0519805,8554262040045692,7567271927470179,0,0,0,2023122502,7704240439043964
MCP33760019,9C7A9713431B4DE28B02E1A140BD34CA,True,SUSPECTED MINOR INJURY,NONE,UNKNOWN,PASSENGER,MAKING LEFT TURN,South,DISABLING,25,False,False,2,2415635713616008,230073508,Montgomery County Police,Injury ,False,North,1,3,LEVEL,False,False,DRIVER,STRAIGHT MOVEMENT ANGLE,DRY,DARK LIGHTS ON,TRAFFIC SIGNAL,INTERSECTION,FOUR-WAY INTERSECTION,STRAIGHT,NO DEFECTS,"TWO-WAY, DIVIDED, POSITIVE MEDIAN BARRIER",39.04351783,-77.0519805,8554262040045692,7567271927470179,0,0,0,2023122502,7704240439043964
MCP3376001B,2DED847208514B7699B5EAB95BF08403,True,NO APPARENT INJURY,NONE,NOT DISTRACTED,PASSENGER,MOVING CONSTANT SPEED,North,SUPERFICIAL,25,False,False,1,6290172161036680,230073509,Montgomery County Police,Property Damage ,False,North,1,3,LEVEL,False,False,DRIVER,STRAIGHT MOVEMENT ANGLE,DRY,DARK LIGHTS ON,TRAFFIC SIGNAL,INTERSECTION,FOUR-WAY INTERSECTION,STRAIGHT,NO DEFECTS,"TWO-WAY, DIVIDED, POSITIVE MEDIAN BARRIER",39.043401,-77.051949,8554262040045692,7567271927470179,0,0,0,2023122502,7704240439043964
MCP3284001V,F08D656125CF4DF0814C7A043723116D,False,NO APPARENT INJURY,NONE,NOT DISTRACTED,PASSENGER,MOVING CONSTANT SPEED,East,DESTROYED,30,False,False,2,5082261622574195,230073512,Montgomery County Police,Injury ,False,East,2,4,LEVEL,False,False,DRIVER,STRAIGHT MOVEMENT ANGLE,DRY,DARK LIGHTS ON,FLASHING TRAFFIC SIGNAL,INTERSECTION,FOUR-WAY INTERSECTION,STRAIGHT,NO DEFECTS,"TWO-WAY, NOT DIVIDED",39.05595333,-76.95456133,6224438663177179,6287500801377704,0,0,0,2023122503,7698062539067210
MCP3284001V,1630C03B04C7456482E912FB2F810B0C,True,POSSIBLE INJURY,NONE,NOT DISTRACTED,PASSENGER,MOVING CONSTANT SPEED,South,DESTROYED,30,False,False,2,5082261840683242,230073512,Montgomery County Police,Injury ,False,East,2,4,LEVEL,False,False,DRIVER,STRAIGHT MOVEMENT ANGLE,DRY,DARK LIGHTS ON,FLASHING TRAFFIC SIGNAL,INTERSECTION,FOUR-WAY INTERSECTION,STRAIGHT,NO DEFECTS,"TWO-WAY, NOT DIVIDED",39.05595333,-76.95456133,6224438663177179,6287500801377704,0,0,0,2023122503,7698062539067210
MCP1477000R,F0E61E646258424C930235FCB90029A1,True,NO APPARENT INJURY,UNKNOWN,UNKNOWN,UNKNOWN,MOVING CONSTANT SPEED,North,UNKNOWN,15,False,False,1,8168321465439775,230073516,Montgomery County Police,Property Damage ,True,South,1,1,OTHER,False,False,DRIVER,UNKNOWN,UNKNOWN,DARK LIGHTS ON,NO CONTROLS,NON INTERSECTION,UNKNOWN,OTHER,NO DEFECTS,OTHER,39.04486543,-76.98831076,2808299851855837,4258050122640121,0,0,0,2023122505,7698062539067210
MCP3268003M,2647E4100D86434B8FA45115CF853084,True,NO APPARENT INJURY,NONE,NOT DISTRACTED,PASSENGER,MOVING CONSTANT SPEED,West,DISABLING,40,False,False,1,170151823320631,230073522,Montgomery County Police,Property Damage ,False,West,2,2,LEVEL,False,False,DRIVER,SINGLE VEHICLE,DRY,DAYLIGHT,NO CONTROLS,NON INTERSECTION,UNKNOWN,STRAIGHT,NO DEFECTS,"TWO-WAY, NOT DIVIDED",39.1072455,-76.94382367,4498045280709180,9733260666900481,0,0,0,2023122508,7693347839109025
MCP3109008X,8A09687D7A174CC794ABEBE3BBC59E23,True,NO APPARENT INJURY,NONE,NOT DISTRACTED,PASSENGER,MAKING RIGHT TURN,East,FUNCTIONAL,35,False,False,2,751452855482432,230073543,Montgomery County Police,Property Damage ,False,North,1,1,LEVEL,False,False,DRIVER,OPPOSITE DIRECTION SIDESWIPE,DRY,DAYLIGHT,STOP SIGN,INTERSECTION,FOUR-WAY INTERSECTION,STRAIGHT,NO DEFECTS,"TWO-WAY, DIVIDED, UNPROTECTED PAINTED MIN 4 FEET",39.03630967,-76.99631283,765319533444332,853158400567476,0,0,0,2023122513,7700923739021308
MCP3109008X,313D0320E3654615883137363CEE8A7A,False,NO APPARENT INJURY,NONE,NOT DISTRACTED,BUS,MOVING CONSTANT SPEED,North,SUPERFICIAL,35,False,False,2,240722642832247,230073543,Montgomery County Police,Property Damage ,False,North,1,1,LEVEL,False,False,DRIVER,OPPOSITE DIRECTION SIDESWIPE,DRY,DAYLIGHT,STOP SIGN,INTERSECTION,FOUR-WAY INTERSECTION,STRAIGHT,NO DEFECTS,"TWO-WAY, DIVIDED, UNPROTECTED PAINTED MIN 4 FEET",39.03630967,-76.99631283,765319533444332,853158400567476,0,0,0,2023122513,7700923739021308
MCP3174004S,CB11094FEAD54EB6A8903C262B044108,True,POSSIBLE INJURY,NONE,LOOKED BUT DID NOT SEE,EMERGENCY,MAKING LEFT TURN,West,DISABLING,35,False,False,2,1622657643044950,230073545,Montgomery County Police,Injury ,False,East,1,2,LEVEL,False,False,DRIVER,HEAD ON LEFT TURN,DRY,DAYLIGHT,NO CONTROLS,INTERCHANGE RELATED,T-INTERSECTION,STRAIGHT,NO DEFECTS,"TWO-WAY, NOT DIVIDED",39.14065667,-77.21444783,6421645165822542,1724927062103168,0,0,0,2023122513,7724972439113159
MCP3174004S,05CC3B009BC545C0B40C7FE9DEE61827,False,NO APPARENT INJURY,NONE,NOT DISTRACTED,PASSENGER,MOVING CONSTANT SPEED,East,DISABLING,35,False,False,2,4223640344993510,230073545,Montgomery County Police,Injury ,False,East,1,2,LEVEL,False,False,DRIVER,HEAD ON LEFT TURN,DRY,DAYLIGHT,NO CONTROLS,INTERCHANGE RELATED,T-INTERSECTION,STRAIGHT,NO DEFECTS,"TWO-WAY, NOT DIVIDED",39.14065667,-77.21444783,6421645165822542,1724927062103168,0,0,0,2023122513,7724972439113159
MCP2008009Z,D371519A71CC487E9305944F4599CBD3,False,NO APPARENT INJURY,NONE,NOT DISTRACTED,PASSENGER,MOVING CONSTANT SPEED,South,DISABLING,40,False,False,2,5082261622574195,230073548,Montgomery County Police,Property Damage ,False,South,2,2,LEVEL,False,False,DRIVER,STRAIGHT MOVEMENT ANGLE,DRY,DAYLIGHT,TRAFFIC SIGNAL,INTERSECTION,FOUR-WAY INTERSECTION,STRAIGHT,NO DEFECTS,"TWO-WAY, DIVIDED, POSITIVE MEDIAN BARRIER",39.15209133,-77.172805,6327735360341145,36400526440806,0,0,0,2023122514,7718751639140820
MCP2008009Z,D70E2CCEF1B74C598CBC737610B58B96,True,NO APPARENT INJURY,NONE,LOOKED BUT DID NOT SEE,PASSENGER,RIGHT TURN ON RED,West,DISABLING,40,False,False,2,1461480941499858,230073548,Montgomery County Police,Property Damage ,False,South,2,2,LEVEL,False,False,DRIVER,STRAIGHT MOVEMENT ANGLE,DRY,DAYLIGHT,TRAFFIC SIGNAL,INTERSECTION,FOUR-WAY INTERSECTION,STRAIGHT,NO DEFECTS,"TWO-WAY, DIVIDED, POSITIVE MEDIAN BARRIER",39.15209133,-77.172805,6327735360341145,36400526440806,0,0,0,2023122514,7718751639140820
MCP3262003S,E714D5173A4F4FA384E969ABCE65DAD7,False,NO APPARENT INJURY,NONE,NOT DISTRACTED,PASSENGER,MOVING CONSTANT SPEED,East,DISABLING,30,False,False,2,4708503902941436,230073559,Montgomery County Police,Injury ,False,East,2,2,LEVEL,False,False,DRIVER,STRAIGHT MOVEMENT ANGLE,DRY,DAYLIGHT,STOP SIGN,INTERSECTION,FOUR-WAY INTERSECTION,STRAIGHT,NO DEFECTS,"TWO-WAY, NOT DIVIDED",39.05698683,-76.9510205,1985337670340704,8149618571271010,0,0,0,2023122516,7698062539067210
MCP3262003S,240DB9922E0D48CAB5178CEAB64B47A4,True,POSSIBLE INJURY,NONE,LOOKED BUT DID NOT SEE,PASSENGER,ACCELERATING,North,DISABLING,30,False,False,2,1588476140251952,230073559,Montgomery County Police,Injury ,False,East,2,2,LEVEL,False,False,DRIVER,STRAIGHT MOVEMENT ANGLE,DRY,DAYLIGHT,STOP SIGN,INTERSECTION,FOUR-WAY INTERSECTION,STRAIGHT,NO DEFECTS,"TWO-WAY, NOT DIVIDED",39.05698683,-76.9510205,1985337670340704,8149618571271010,0,0,0,2023122516,7698062539067210