ReportNumber,VehicleCrashKey,DriverAtFault,DriverInjurySeverity,DriverSubstanceAbuse,DriverDistractedBy,VehicleType,VehicleMovement,VehicleGoingDir,VehicleDamageExtent,SpeedLimit,ParkedVehicle,SubstanceAbuseContributed,VehiclesCrashedTotal,VehicleKey,LocalCaseNumber,AgencyName,ACRSReportType,HitRun,LaneDirection,LaneNumber,NumberOfLanes,RoadGrade,NonTraffic,OffRoadIncident,AccidentAtFault,CollisionType,SurfaceCondition,Light,TrafficControl,Junction,IntersectionType,RoadAlignment,RoadCondition,RoadDivision,Latitude,Longitude,RoadKey,CrossStreetKey,NonMotoristTotal,NonMotoristInjury,NonMotoristFatal,DateHourKey,LocationAreaKey
MCP28750083,75BD17DAD3494CC0B125B75D2AF831EC,True,NO APPARENT INJURY,NONE,UNKNOWN,PASSENGER,ACCELERATING,South,DESTROYED,25,False,False,1,538750838106430,230073560,Montgomery County Police,Property Damage ,False,North,1,2,LEVEL,False,False,DRIVER,SINGLE VEHICLE,DRY,DAYLIGHT,NO CONTROLS,UNKNOWN,UNKNOWN,STRAIGHT,NO DEFECTS,"TWO-WAY, NOT DIVIDED",39.190035,-77.13542167,2383766893385711,4117443342972371,0,0,0,2023122516,7714766839231538
MCP3037005P,0D1C01D971CF4FEDB9433ABFA368F33D,True,NO APPARENT INJURY,UNKNOWN,UNKNOWN,PASSENGER,MAKING LEFT TURN,East,DISABLING,25,False,False,1,8243785559569516,230073563,Montgomery County Police,Property Damage ,False,North,1,1,LEVEL,False,False,DRIVER,HEAD ON LEFT TURN,DRY,DUSK,STOP SIGN,INTERSECTION,FOUR-WAY INTERSECTION,STRAIGHT,NO DEFECTS,"TWO-WAY, NOT DIVIDED",39.23166833,-77.24892167,4445655002860918,7664354788402253,0,0,0,2023122517,7728275839257602
MCP1433005M,9C19ED3198094822B9C75CEEBB5033DE,True,NO APPARENT INJURY,NONE,LOOKED BUT DID NOT SEE,PASSENGER,MAKING LEFT TURN,West,FUNCTIONAL,35,False,False,2,8525273589105345,230073568,Montgomery County Police,Injury ,False,East,1,2,GRADE DOWNHILL,False,False,DRIVER,HEAD ON LEFT TURN,DRY,DARK LIGHTS ON,TRAFFIC SIGNAL,INTERSECTION,FOUR-WAY INTERSECTION,STRAIGHT,NO DEFECTS,"TWO-WAY, DIVIDED, POSITIVE MEDIAN BARRIER",39.053945,-77.09394,8073720238398338,8923897281565627,0,0,0,2023122517,7712482939051552
MCP1433005M,E549AD6318784FB0B3E7766A4B9D1451,False,SUSPECTED MINOR INJURY,NONE,NOT DISTRACTED,PASSENGER,MOVING CONSTANT SPEED,East,FUNCTIONAL,35,False,False,2,6880218960229438,230073568,Montgomery County Police,Injury ,False,East,1,2,GRADE DOWNHILL,False,False,DRIVER,HEAD ON LEFT TURN,DRY,DARK LIGHTS ON,TRAFFIC SIGNAL,INTERSECTION,FOUR-WAY INTERSECTION,STRAIGHT,NO DEFECTS,"TWO-WAY, DIVIDED, POSITIVE MEDIAN BARRIER",39.053945,-77.09394,8073720238398338,8923897281565627,0,0,0,2023122517,7712482939051552
MCP3256002R,D546C613C8CC41E1931222D77C1F20FF,False,NO APPARENT INJURY,NONE,NOT DISTRACTED,PASSENGER,STOPPED IN TRAFFIC LANE,North,SUPERFICIAL,55,False,False,5,660615385035114,230073573,Montgomery County Police,Injury ,False,North,2,3,LEVEL,False,False,DRIVER,SAME DIR REAR END,DRY,DARK LIGHTS ON,TRAFFIC SIGNAL,INTERSECTION RELATED,FOUR-WAY INTERSECTION,STRAIGHT,NO DEFECTS,"TWO-WAY, DIVIDED, POSITIVE MEDIAN BARRIER",39.0724857,-76.95610047,2620072274155517,1121551715469239,0,0,0,2023122518,7698062539067210
MCP3256002R,40CA62355D8E49E3BB9CFE61393DA051,True,NO APPARENT INJURY,NONE,LOOKED BUT DID NOT SEE,PASSENGER,MOVING CONSTANT SPEED,North,FUNCTIONAL,55,False,False,5,2411461157739148,230073573,Montgomery County Police,Injury ,False,North,2,3,LEVEL,False,False,DRIVER,SAME DIR REAR END,DRY,DARK LIGHTS ON,TRAFFIC SIGNAL,INTERSECTION RELATED,FOUR-WAY INTERSECTION,STRAIGHT,NO DEFECTS,"TWO-WAY, DIVIDED, POSITIVE MEDIAN BARRIER",39.0724857,-76.95610047,2620072274155517,1121551715469239,0,0,0,2023122518,7698062539067210
MCP3256002R,2077DD69766448A791A400E586DE972B,False,NO APPARENT INJURY,NONE,NOT DISTRACTED,PASSENGER,STOPPED IN TRAFFIC LANE,North,FUNCTIONAL,55,False,False,5,7004010272090074,230073573,Montgomery County Police,Injury ,False,North,2,3,LEVEL,False,False,DRIVER,SAME DIR REAR END,DRY,DARK LIGHTS ON,TRAFFIC SIGNAL,INTERSECTION RELATED,FOUR-WAY INTERSECTION,STRAIGHT,NO DEFECTS,"TWO-WAY, DIVIDED, POSITIVE MEDIAN BARRIER",39.0724857,-76.95610047,2620072274155517,1121551715469239,0,0,0,2023122518,7698062539067210
MCP3256002R,6CD777A79F4D40248BF2114DEB7FCF67,False,NO APPARENT INJURY,NONE,NOT DISTRACTED,PASSENGER,STOPPED IN TRAFFIC LANE,South,FUNCTIONAL,55,False,False,5,2556346079776667,230073573,Montgomery County Police,Injury ,False,North,2,3,LEVEL,False,False,DRIVER,SAME DIR REAR END,DRY,DARK LIGHTS ON,TRAFFIC SIGNAL,INTERSECTION RELATED,FOUR-WAY INTERSECTION,STRAIGHT,NO DEFECTS,"TWO-WAY, DIVIDED, POSITIVE MEDIAN BARRIER",39.0724857,-76.95610047,2620072274155517,1121551715469239,0,0,0,2023122518,7698062539067210
MCP3256002R,F09983C628BC42C9A30FE3F1D0E0F9BD,False,NO APPARENT INJURY,NONE,NOT DISTRACTED,PASSENGER,SLOWING OR STOPPING,North,FUNCTIONAL,55,False,False,5,7449593822546195,230073573,Montgomery County Police,Injury ,False,North,2,3,LEVEL,False,False,DRIVER,SAME DIR REAR END,DRY,DARK LIGHTS ON,TRAFFIC SIGNAL,INTERSECTION RELATED,FOUR-WAY INTERSECTION,STRAIGHT,NO DEFECTS,"TWO-WAY, DIVIDED, POSITIVE MEDIAN BARRIER",39.0724857,-76.95610047,2620072274155517,1121551715469239,0,0,0,2023122518,7698062539067210
MCP2586006Y,CF4F7888044E4E22ADA59BE2349E49E3,False,NO APPARENT INJURY,NONE,NOT DISTRACTED,PASSENGER,MOVING CONSTANT SPEED,North,DISABLING,40,False,False,1,169882151489943,230073577,Montgomery County Police,Property Damage ,False,North,1,1,LEVEL,False,False,UNKNOWN,OTHER,DRY,DARK NO LIGHTS,NO CONTROLS,NON INTERSECTION,UNKNOWN,STRAIGHT,NO DEFECTS,"TWO-WAY, NOT DIVIDED",39.32602461,-77.19432324,2800615797607229,1996318624015280,0,0,0,2023122518,7719017539329336
MCP3233004G,384BB75B30A44C6D99F5536BDEB9B56E,True,NO APPARENT INJURY,NONE,UNKNOWN,PASSENGER,MOVING CONSTANT SPEED,East,SUPERFICIAL,40,False,False,2,9043821037351500,23007358,Montgomery County Police,Property Damage ,True,East,1,3,LEVEL,False,False,DRIVER,SAME DIR BOTH LEFT TURN,DRY,DARK LIGHTS ON,UNKNOWN,NON INTERSECTION,UNKNOWN,STRAIGHT,NO DEFECTS,"TWO-WAY, DIVIDED, POSITIVE MEDIAN BARRIER",39.00595913,-76.99723239,5005946941929880,2870196232145687,0,0,0,2023122520,7700923739021308
MCP3233004G,A6A230E3F4C2463C8C09C0831686F2B4,False,NO APPARENT INJURY,NONE,NOT DISTRACTED,PASSENGER,MOVING CONSTANT SPEED,East,SUPERFICIAL,40,False,False,2,2710198652979894,23007358,Montgomery County Police,Property Damage ,True,East,1,3,LEVEL,False,False,DRIVER,SAME DIR BOTH LEFT TURN,DRY,DARK LIGHTS ON,UNKNOWN,NON INTERSECTION,UNKNOWN,STRAIGHT,NO DEFECTS,"TWO-WAY, DIVIDED, POSITIVE MEDIAN BARRIER",39.00595913,-76.99723239,5005946941929880,2870196232145687,0,0,0,2023122520,7700923739021308
MCP3222002N,DC5D3C0D3A57451E8196498AB6C9A004,False,NO APPARENT INJURY,NONE,NOT DISTRACTED,PASSENGER,MOVING CONSTANT SPEED,South,SUPERFICIAL,55,False,False,2,1683704792972663,230073587,Montgomery County Police,Injury ,False,South,3,3,LEVEL,False,False,DRIVER,SAME DIR REAR END,DRY,DARK LIGHTS ON,NO CONTROLS,UNKNOWN,UNKNOWN,CURVE RIGHT,NO DEFECTS,"TWO-WAY, DIVIDED, POSITIVE MEDIAN BARRIER",39.0236128,-77.14274459,6477653073943693,4685940418572156,0,0,0,2023122520,7715220038996189
MCP3222002N,BD893074F11A4648897A21A2AE49BD90,True,POSSIBLE INJURY,NONE,LOOKED BUT DID NOT SEE,PASSENGER,MOVING CONSTANT SPEED,South,SUPERFICIAL,55,False,False,2,1032943166774445,230073587,Montgomery County Police,Injury ,False,South,3,3,LEVEL,False,False,DRIVER,SAME DIR REAR END,DRY,DARK LIGHTS ON,NO CONTROLS,UNKNOWN,UNKNOWN,CURVE RIGHT,NO DEFECTS,"TWO-WAY, DIVIDED, POSITIVE MEDIAN BARRIER",39.0236128,-77.14274459,6477653073943693,4685940418572156,0,0,0,2023122520,7715220038996189
MCP3303001S,D095093033AE4B16930822CD54C343AF,True,NO APPARENT INJURY,NONE,NOT DISTRACTED,PASSENGER,MAKING LEFT TURN,South,NO DAMAGE,10,False,False,1,5552969803531775,230073589,Montgomery County Police,Injury ,False,South,1,2,HILL UPHILL,False,False,DRIVER,SINGLE VEHICLE,DRY,DARK LIGHTS ON,NO CONTROLS,INTERSECTION RELATED,T-INTERSECTION,STRAIGHT,NO DEFECTS,"TWO-WAY, NOT DIVIDED",39.17799305,-77.24060511,5890474799012741,4972572914805173,2,1,0,2023122521,7723271939208770
MCP3313001W,67B0F5E8BDDB46C1ACC8728826322EA3,True,NO APPARENT INJURY,UNKNOWN,UNKNOWN,PASSENGER,MOVING CONSTANT SPEED,West,DESTROYED,25,False,False,1,7004010104313884,230073596,Montgomery County Police,Property Damage ,False,West,1,1,LEVEL,False,False,DRIVER,HEAD ON,DRY,DARK LIGHTS ON,NO CONTROLS,UNKNOWN,UNKNOWN,STRAIGHT,NO DEFECTS,"TWO-WAY, NOT DIVIDED",39.07256842,-77.07151357,141959807513606,6012831567929744,0,0,0,2023122521,7705486039088590
DD56720002,E1CA88FF3C574AB39FE8575F48B7969D,False,NO APPARENT INJURY,NONE,UNKNOWN,PASSENGER,MOVING CONSTANT SPEED,North,DISABLING,35,False,False,2,6502835474452820,230073599,Rockville Police Departme,Injury ,False,North,2,3,LEVEL,False,False,DRIVER,HEAD ON LEFT TURN,DRY,DARK LIGHTS ON,TRAFFIC SIGNAL,INTERSECTION,FOUR-WAY INTERSECTION,STRAIGHT,NO DEFECTS,"TWO-WAY, DIVIDED, POSITIVE MEDIAN BARRIER",39.05884912,-77.12128391,5925405510732472,8856941552914990,0,0,0,2023122523,7712482939051552
DD56720002,A87B69C9208F42B8BD367191BCE2DA0B,True,SUSPECTED MINOR INJURY,NONE,UNKNOWN,PASSENGER,MAKING LEFT TURN,East,DISABLING,35,False,False,2,3706795429459167,230073599,Rockville Police Departme,Injury ,False,North,2,3,LEVEL,False,False,DRIVER,HEAD ON LEFT TURN,DRY,DARK LIGHTS ON,TRAFFIC SIGNAL,INTERSECTION,FOUR-WAY INTERSECTION,STRAIGHT,NO DEFECTS,"TWO-WAY, DIVIDED, POSITIVE MEDIAN BARRIER",39.05884912,-77.12128391,5925405510732472,8856941552914990,0,0,0,2023122523,7712482939051552
MCP2108001S,B2BF4B43A4384EE981E28986BE63C93E,False,SUSPECTED MINOR INJURY,NONE,NOT DISTRACTED,PASSENGER,MOVING CONSTANT SPEED,South,DESTROYED,55,False,False,2,819104261510793,230073606,Montgomery County Police,Injury ,False,South,2,5,LEVEL,False,False,DRIVER,SAME DIR REAR END,DRY,DARK LIGHTS ON,NO CONTROLS,NON INTERSECTION,UNKNOWN,STRAIGHT,NO DEFECTS,"TWO-WAY, DIVIDED, POSITIVE MEDIAN BARRIER",39.05173667,-77.15275167,1257986858156867,7053241971029489,0,0,0,2023122600,7722348939035838
MCP2108001S,76C15696B7964D619A12755AE4905FE8,True,POSSIBLE INJURY,ALCOHOL,UNKNOWN,PASSENGER,MOVING CONSTANT SPEED,South,DESTROYED,55,False,True,2,9196136359764803,230073606,Montgomery County Police,Injury ,False,South,2,5,LEVEL,False,False,DRIVER,SAME DIR REAR END,DRY,DARK LIGHTS ON,NO CONTROLS,NON INTERSECTION,UNKNOWN,STRAIGHT,NO DEFECTS,"TWO-WAY, DIVIDED, POSITIVE MEDIAN BARRIER",39.05173667,-77.15275167,1257986858156867,7053241971029489,0,0,0,2023122600,7722348939035838
EJ7851009M,5EAE689E47E74810B533A80B04D1617C,True,NO APPARENT INJURY,NONE,LOOKED BUT DID NOT SEE,PASSENGER,MOVING CONSTANT SPEED,East,DISABLING,25,False,False,2,7285497966073523,230073612,Gaithersburg Police Depar,Property Damage ,False,North,2,2,LEVEL,False,False,DRIVER,STRAIGHT MOVEMENT ANGLE,DRY,DARK LIGHTS ON,FLASHING TRAFFIC SIGNAL,INTERSECTION,FOUR-WAY INTERSECTION,STRAIGHT,NO DEFECTS,"TWO-WAY, NOT DIVIDED",39.14508752,-77.21999296,5149059297554549,1106859133456978,0,0,0,2023122602,7724972439113159
EJ7851009M,F64FBC786FD6421C92D368EA3A1D2055,False,NO APPARENT INJURY,NONE,NOT DISTRACTED,PASSENGER,MOVING CONSTANT SPEED,North,FUNCTIONAL,30,False,False,2,7318984784969452,230073612,Gaithersburg Police Depar,Property Damage ,False,North,2,2,LEVEL,False,False,DRIVER,STRAIGHT MOVEMENT ANGLE,DRY,DARK LIGHTS ON,FLASHING TRAFFIC SIGNAL,INTERSECTION,FOUR-WAY INTERSECTION,STRAIGHT,NO DEFECTS,"TWO-WAY, NOT DIVIDED",39.14508752,-77.21999296,5149059297554549,1106859133456978,0,0,0,2023122602,7724972439113159
MCP9392001M,C9F1C7D8CAC7470F97C8AC58C462D93E,True,NO APPARENT INJURY,NONE,NOT DISTRACTED,PASSENGER,MOVING CONSTANT SPEED,South,DISABLING,40,False,False,1,8243785677012849,230073614,Montgomery County Police,Property Damage ,False,South,1,2,HILL CREST,False,False,DRIVER,SINGLE VEHICLE,DRY,DARK LIGHTS ON,UNKNOWN,NON INTERSECTION,UNKNOWN,CURVE LEFT,NO DEFECTS,"TWO-WAY, NOT DIVIDED",39.15402167,-77.28741167,3202275317843380,2351396989746912,0,0,0,2023122602,7729807639132189
MCP2251002G,2D69CCCD5D3A4447A6DA0E709794BD35,True,NO APPARENT INJURY,NONE,NOT DISTRACTED,PASSENGER,MOVING CONSTANT SPEED,East,DESTROYED,50,False,False,2,5867016801070383,230073624,Montgomery County Police,Property Damage ,False,East,1,1,LEVEL,False,False,DRIVER,HEAD ON,WET,DUSK,NO CONTROLS,NON INTERSECTION,UNKNOWN,STRAIGHT,NO DEFECTS,"TWO-WAY, NOT DIVIDED",39.06889833,-77.30745833,1363718650800826,8575832841544561,0,0,0,2023122607,7722348939035838
MCP2251002G,296A52C42DA1468EABB3007798B41D41,False,NO APPARENT INJURY,UNKNOWN,NOT DISTRACTED,TRUCK,BACKING,South,DISABLING,50,False,False,2,4388744722969849,230073624,Montgomery County Police,Property Damage ,False,East,1,1,LEVEL,False,False,DRIVER,HEAD ON,WET,DUSK,NO CONTROLS,NON INTERSECTION,UNKNOWN,STRAIGHT,NO DEFECTS,"TWO-WAY, NOT DIVIDED",39.06889833,-77.30745833,1363718650800826,8575832841544561,0,0,0,2023122607,7722348939035838
MCP3111007K,F895F3DEA4A14C81AC1B5ADF3015D36A,False,NO APPARENT INJURY,NONE,NOT DISTRACTED,PASSENGER,MOVING CONSTANT SPEED,North,DISABLING,25,False,False,2,1704977946395499,230073636,Montgomery County Police,Property Damage ,False,North,2,2,LEVEL,False,False,DRIVER,STRAIGHT MOVEMENT ANGLE,WET,DAYLIGHT,STOP SIGN,INTERSECTION,FOUR-WAY INTERSECTION,STRAIGHT,NO DEFECTS,"TWO-WAY, NOT DIVIDED",38.98855967,-77.10050133,4494898042244063,638219017871010,0,0,0,2023122609,7710072538987731
MCP3111007K,B81D40E2CAED40DE8EB555AFCE141882,True,NO APPARENT INJURY,NONE,LOOKED BUT DID NOT SEE,PASSENGER,ACCELERATING,East,FUNCTIONAL,25,False,False,2,9260975583989258,230073636,Montgomery County Police,Property Damage ,False,North,2,2,LEVEL,False,False,DRIVER,STRAIGHT MOVEMENT ANGLE,WET,DAYLIGHT,STOP SIGN,INTERSECTION,FOUR-WAY INTERSECTION,STRAIGHT,NO DEFECTS,"TWO-WAY, NOT DIVIDED",38.98855967,-77.10050133,4494898042244063,638219017871010,0,0,0,2023122609,7710072538987731
MCP2270002L,B48B667C1A164B59BD4EC4B26EE3886D,True,NO APPARENT INJURY,NONE,INATTENTIVE OR LOST IN THOUGHT,PASSENGER,MOVING CONSTANT SPEED,North,DISABLING,55,False,False,1,8922103755821849,230073654,Montgomery County Police,Property Damage ,False,North,0,4,LEVEL,False,False,DRIVER,SINGLE VEHICLE,WET,DAYLIGHT,NO CONTROLS,INTERCHANGE RELATED,UNKNOWN,STRAIGHT,NO DEFECTS,"TWO-WAY, DIVIDED, POSITIVE MEDIAN BARRIER",38.98357167,-77.18078667,9143234384969843,9637994957548565,0,0,0,2023122609,7715220038996189
MCP3254003L,4BCAC9304DE0461C884F0A08F7584A0A,True,NO APPARENT INJURY,NONE,LOOKED BUT DID NOT SEE,PASSENGER,MOVING CONSTANT SPEED,North,DISABLING,35,False,False,2,7364392790010455,230073638,Montgomery County Police,Injury ,False,North,1,2,LEVEL,False,False,DRIVER,STRAIGHT MOVEMENT ANGLE,WET,DAYLIGHT,TRAFFIC SIGNAL,UNKNOWN,FOUR-WAY INTERSECTION,STRAIGHT,NO DEFECTS,"TWO-WAY, DIVIDED, POSITIVE MEDIAN BARRIER",39.18428767,-77.27351433,4357136094388064,1482134744854050,0,0,0,2023122609,7729807639132189
MCP3254003L,0C5EBAFA3BCE4F7A9D354A161C5587E2,False,SUSPECTED MINOR INJURY,NONE,NOT DISTRACTED,PASSENGER,MOVING CONSTANT SPEED,West,DISABLING,35,False,False,2,9530107249897832,230073638,Montgomery County Police,Injury ,False,North,1,2,LEVEL,False,False,DRIVER,STRAIGHT MOVEMENT ANGLE,WET,DAYLIGHT,TRAFFIC SIGNAL,UNKNOWN,FOUR-WAY INTERSECTION,STRAIGHT,NO DEFECTS,"TWO-WAY, DIVIDED, POSITIVE MEDIAN BARRIER",39.18428767,-77.27351433,4357136094388064,1482134744854050,0,0,0,2023122609,7729807639132189
MCP2440001J,327E840E144A4239BDAAA43E974DE8B9,True,NO APPARENT INJURY,NONE,UNKNOWN,PASSENGER,MAKING LEFT TURN,South,FUNCTIONAL,15,False,False,2,9811594910326043,230073642,Montgomery County Police,Property Damage ,False,UNKNOWN,0,0,UNKNOWN,True,True,DRIVER,OPPOSITE DIRECTION SIDESWIPE,UNKNOWN,DAYLIGHT,UNKNOWN,UNKNOWN,UNKNOWN,UNKNOWN,UNKNOWN,UNKNOWN,39.17221583,-77.20609183,7781945108562677,7781945108562677,0,0,0,2023122610,7719610239179289
MCP2440001J,B4F1619550AC48B2A9BFF73952366146,True,NO APPARENT INJURY,NONE,UNKNOWN,PASSENGER,MAKING RIGHT TURN,East,FUNCTIONAL,15,False,False,2,2534137711040932,230073642,Montgomery County Police,Property Damage ,False,UNKNOWN,0,0,UNKNOWN,True,True,DRIVER,OPPOSITE DIRECTION SIDESWIPE,UNKNOWN,DAYLIGHT,UNKNOWN,UNKNOWN,UNKNOWN,UNKNOWN,UNKNOWN,UNKNOWN,39.17221583,-77.20609183,7781945108562677,7781945108562677,0,0,0,2023122610,7719610239179289
MCP21810058,7D615FB8E87345E48961D651D819BBE5,True,SUSPECTED SERIOUS INJURY,UNKNOWN,UNKNOWN,PASSENGER,MOVING CONSTANT SPEED,South,DISABLING,40,False,False,2,7285498184182570,230073692,Montgomery County Police,Injury ,False,North,2,3,LEVEL,False,False,DRIVER,HEAD ON,WET,DAYLIGHT,NO CONTROLS,NON INTERSECTION,UNKNOWN,STRAIGHT,NO DEFECTS,"TWO-WAY, DIVIDED, POSITIVE MEDIAN BARRIER",39.16709689,-77.22929941,4972572914805173,151500310441725,0,0,0,2023122612,7722140839165105
MCP21810058,0FBB7C48452C4299A470BE8990BA6638,False,SUSPECTED SERIOUS INJURY,UNKNOWN,NOT DISTRACTED,PASSENGER,MOVING CONSTANT SPEED,North,DISABLING,40,False,False,2,2528170660007764,230073692,Montgomery County Police,Injury ,False,North,2,3,LEVEL,False,False,DRIVER,HEAD ON,WET,DAYLIGHT,NO CONTROLS,NON INTERSECTION,UNKNOWN,STRAIGHT,NO DEFECTS,"TWO-WAY, DIVIDED, POSITIVE MEDIAN BARRIER",39.16709689,-77.22929941,4972572914805173,151500310441725,0,0,0,2023122612,7722140839165105
MCP20720079,06AAA31BA814474C8BD50E5DE27814AC,False,NO APPARENT INJURY,NONE,NOT DISTRACTED,PASSENGER,MOVING CONSTANT SPEED,North,FUNCTIONAL,30,False,False,3,6297798013198490,230073666,Montgomery County Police,Property Damage ,False,North,1,2,LEVEL,False,False,DRIVER,SAME DIR REAR END,WET,DAYLIGHT,NO CONTROLS,UNKNOWN,UNKNOWN,STRAIGHT,NO DEFECTS,"TWO-WAY, NOT DIVIDED",39.23599,-77.27550667,4972572914805173,7803627036809189,0,0,0,2023122612,7728275839257602
MCP20720079,9A4DF881C4D24B0BB41788B55074D053,True,NO APPARENT INJURY,NONE,NOT DISTRACTED,PASSENGER,MOVING CONSTANT SPEED,North,FUNCTIONAL,30,False,False,3,660615385035114,230073666,Montgomery County Police,Property Damage ,False,North,1,2,LEVEL,False,False,DRIVER,SAME DIR REAR END,WET,DAYLIGHT,NO CONTROLS,UNKNOWN,UNKNOWN,STRAIGHT,NO DEFECTS,"TWO-WAY, NOT DIVIDED",39.23599,-77.27550667,4972572914805173,7803627036809189,0,0,0,2023122612,7728275839257602
MCP20720079,331D5FFA66D049819451DC3C9643F3BE,False,NO APPARENT INJURY,NONE,NOT DISTRACTED,PASSENGER,SLOWING OR STOPPING,North,DISABLING,30,False,False,3,7379790505713931,230073666,Montgomery County Police,Property Damage ,False,North,1,2,LEVEL,False,False,DRIVER,SAME DIR REAR END,WET,DAYLIGHT,NO CONTROLS,UNKNOWN,UNKNOWN,STRAIGHT,NO DEFECTS,"TWO-WAY, NOT DIVIDED",39.23599,-77.27550667,4972572914805173,7803627036809189,0,0,0,2023122612,7728275839257602
MCP292300BH,117B55EE87784A71ACA7D6AC1034E26D,True,NO APPARENT INJURY,NONE,DISTRACTED BY OUTSIDE PERSON OBJECT OR EVENT,PASSENGER,ACCELERATING,West,SUPERFICIAL,35,False,False,2,7026902055532801,230073674,Montgomery County Police,Injury ,False,East,0,1,HILL CREST,False,False,DRIVER,SAME DIR REAR END,WET,DAYLIGHT,YIELD SIGN,INTERSECTION,Y-INTERSECTION,CURVE RIGHT,NO DEFECTS,"TWO-WAY, DIVIDED, POSITIVE MEDIAN BARRIER",39.05589817,-77.05029233,9290911226978796,1627793738140795,0,0,0,2023122613,7704240439043964
MCP292300BH,7F90D42C629240278E0557C8CBF24134,False,POSSIBLE INJURY,NONE,NOT DISTRACTED,PASSENGER,STOPPED IN TRAFFIC LANE,West,SUPERFICIAL,35,False,False,2,1032942982220636,230073674,Montgomery County Police,Injury ,False,East,0,1,HILL CREST,False,False,DRIVER,SAME DIR REAR END,WET,DAYLIGHT,YIELD SIGN,INTERSECTION,Y-INTERSECTION,CURVE RIGHT,NO DEFECTS,"TWO-WAY, DIVIDED, POSITIVE MEDIAN BARRIER",39.05589817,-77.05029233,9290911226978796,1627793738140795,0,0,0,2023122613,7704240439043964
MCP2730003M,210EB933E90A4A7A8090377E1CEE2E14,True,NO APPARENT INJURY,UNKNOWN,EATING OR DRINKING,PASSENGER,ACCELERATING,South,SUPERFICIAL,35,False,False,2,8633160535579811,230073673,Montgomery County Police,Property Damage ,False,South,2,3,LEVEL,False,False,DRIVER,SAME DIR REAR END,WET,DAYLIGHT,TRAFFIC SIGNAL,NON INTERSECTION,UNKNOWN,STRAIGHT,NO DEFECTS,"TWO-WAY, DIVIDED, POSITIVE MEDIAN BARRIER",39.19297218,-77.24308637,4972572914805173,3202275317843380,0,0,0,2023122613,7723271939208770
MCP2730003M,B500C1F8270D4DA997AF1EAEB8BD077D,False,NO APPARENT INJURY,UNKNOWN,NOT DISTRACTED,EMERGENCY,STOPPED IN TRAFFIC LANE,South,SUPERFICIAL,35,False,False,2,5157334975886657,230073673,Montgomery County Police,Property Damage ,False,South,2,3,LEVEL,False,False,DRIVER,SAME DIR REAR END,WET,DAYLIGHT,TRAFFIC SIGNAL,NON INTERSECTION,UNKNOWN,STRAIGHT,NO DEFECTS,"TWO-WAY, DIVIDED, POSITIVE MEDIAN BARRIER",39.19297218,-77.24308637,4972572914805173,3202275317843380,0,0,0,2023122613,7723271939208770
EJ78980024,DE32D853F5E54898879D280516F3DC35,False,NO APPARENT INJURY,NONE,NOT DISTRACTED,TRUCK,STOPPED IN TRAFFIC LANE,North,SUPERFICIAL,40,False,False,2,4708503919719055,230073680,Gaithersburg Police Depar,Property Damage ,False,North,0,3,LEVEL,False,False,DRIVER,SAME DIR REAR END,WET,DAYLIGHT,TRAFFIC SIGNAL,INTERSECTION RELATED,UNKNOWN,STRAIGHT,NO DEFECTS,"TWO-WAY, DIVIDED, POSITIVE MEDIAN BARRIER",39.11387173,-77.18614695,1611524329361443,9657622096654848,0,0,0,2023122613,7718751639140820
EJ78980024,FEE9120B48BA4BD6B7B6360779035D0A,True,NO APPARENT INJURY,NONE,LOOKED BUT DID NOT SEE,EMERGENCY,STARTING FROM LANE,North,SUPERFICIAL,40,False,False,2,3777471212635933,230073680,Gaithersburg Police Depar,Property Damage ,False,North,0,3,LEVEL,False,False,DRIVER,SAME DIR REAR END,WET,DAYLIGHT,TRAFFIC SIGNAL,INTERSECTION RELATED,UNKNOWN,STRAIGHT,NO DEFECTS,"TWO-WAY, DIVIDED, POSITIVE MEDIAN BARRIER",39.11387173,-77.18614695,1611524329361443,9657622096654848,0,0,0,2023122613,7718751639140820
DD5663000J,0AA273D7671E4D7886CC7537ED5DFCB2,False,NO APPARENT INJURY,NONE,NOT DISTRACTED,PASSENGER,SLOWING OR STOPPING,North,SUPERFICIAL,40,False,False,2,2220025401691992,230073691,Rockville Police Departme,Injury ,False,North,2,6,LEVEL,False,False,DRIVER,SAME DIR REAR END,WET,DUSK,TRAFFIC SIGNAL,INTERSECTION,FOUR-WAY INTERSECTION,STRAIGHT,UNKNOWN,"TWO-WAY, DIVIDED, POSITIVE MEDIAN BARRIER",39.05874888,-77.12118301,5925405510732472,8856941552914990,0,0,0,2023122614,7712482939051552