ReportNumber,VehicleCrashKey,DriverAtFault,DriverInjurySeverity,DriverSubstanceAbuse,DriverDistractedBy,VehicleType,VehicleMovement,VehicleGoingDir,VehicleDamageExtent,SpeedLimit,ParkedVehicle,SubstanceAbuseContributed,VehiclesCrashedTotal,VehicleKey,LocalCaseNumber,AgencyName,ACRSReportType,HitRun,LaneDirection,LaneNumber,NumberOfLanes,RoadGrade,NonTraffic,OffRoadIncident,AccidentAtFault,CollisionType,SurfaceCondition,Light,TrafficControl,Junction,IntersectionType,RoadAlignment,RoadCondition,RoadDivision,Latitude,Longitude,RoadKey,CrossStreetKey,NonMotoristTotal,NonMotoristInjury,NonMotoristFatal,DateHourKey,LocationAreaKey
DD5663000L,8725B90021AB42A5B793668A98C38CB6,False,POSSIBLE INJURY,NONE,NOT DISTRACTED,PASSENGER,STARTING FROM LANE,South,FUNCTIONAL,40,False,False,2,1032942931887779,230073872,Rockville Police Departme,Injury ,False,South,1,3,LEVEL,False,False,DRIVER,SAME DIRECTION RIGHT TURN,WET,DUSK,TRAFFIC SIGNAL,INTERSECTION,FOUR-WAY INTERSECTION,STRAIGHT,NO DEFECTS,"TWO-WAY, DIVIDED, POSITIVE MEDIAN BARRIER",39.08513638,-77.14817677,4906760034738084,3402038472987542,0,0,0,2023122716,7718114539090864
DD5663000L,1FF4484BEC744532A301A7822829844F,True,NO APPARENT INJURY,NONE,NOT DISTRACTED,EMERGENCY,ACCELERATING,South,SUPERFICIAL,40,False,False,2,8319853137118611,230073872,Rockville Police Departme,Injury ,False,South,1,3,LEVEL,False,False,DRIVER,SAME DIRECTION RIGHT TURN,WET,DUSK,TRAFFIC SIGNAL,INTERSECTION,FOUR-WAY INTERSECTION,STRAIGHT,NO DEFECTS,"TWO-WAY, DIVIDED, POSITIVE MEDIAN BARRIER",39.08513638,-77.14817677,4906760034738084,3402038472987542,0,0,0,2023122716,7718114539090864
MCP3170003S,852F4958F35445858821B76B766B70D4,True,NO APPARENT INJURY,UNKNOWN,LOOKED BUT DID NOT SEE,PASSENGER,BACKING,UNKNOWN,UNKNOWN,30,False,False,2,6045013032354060,230073862,Montgomery County Police,Property Damage ,True,South,0,1,LEVEL,False,False,DRIVER,OTHER,WET,DAYLIGHT,NO CONTROLS,UNKNOWN,UNKNOWN,STRAIGHT,NO DEFECTS,"TWO-WAY, NOT DIVIDED",39.18744461,-77.26666955,9479366963455254,4847500645087310,0,0,0,2023122716,7729807639132189
MCP3170003S,90195E78D0E148308AEAB5F808E57F19,False,NO APPARENT INJURY,NONE,NOT DISTRACTED,PASSENGER,PARKED,UNKNOWN,SUPERFICIAL,30,True,False,2,4132835541223054,230073862,Montgomery County Police,Property Damage ,True,South,0,1,LEVEL,False,False,DRIVER,OTHER,WET,DAYLIGHT,NO CONTROLS,UNKNOWN,UNKNOWN,STRAIGHT,NO DEFECTS,"TWO-WAY, NOT DIVIDED",39.18744461,-77.26666955,9479366963455254,4847500645087310,0,0,0,2023122716,7729807639132189
MCP2866008R,DB745B6159B746729736AFB5D03FAAE7,True,NO APPARENT INJURY,NONE,NOT DISTRACTED,PASSENGER,ACCELERATING,East,FUNCTIONAL,30,False,False,1,4099511916309596,230073900,Montgomery County Police,Property Damage ,False,East,2,2,LEVEL,False,False,DRIVER,SINGLE VEHICLE,WET,DARK LIGHTS ON,NO CONTROLS,NON INTERSECTION,UNKNOWN,CURVE LEFT,NO DEFECTS,"TWO-WAY, NOT DIVIDED",39.00693393,-77.09617401,5777913950568264,5925405510732472,0,0,0,2023122716,7710519939016894
MCP2286005T,CB9ACBD1CEA4482CBFDFCA45769BD099,False,POSSIBLE INJURY,NONE,NOT DISTRACTED,PASSENGER,MOVING CONSTANT SPEED,West,DISABLING,40,False,False,2,7871367603793141,230073881,Montgomery County Police,Injury ,False,West,2,2,LEVEL,False,False,DRIVER,HEAD ON LEFT TURN,WET,DARK LIGHTS ON,TRAFFIC SIGNAL,INTERSECTION,T-INTERSECTION,STRAIGHT,NO DEFECTS,"TWO-WAY, NOT DIVIDED",39.11997817,-77.15995917,9696254272695630,8898024693401937,0,0,0,2023122717,7713230839137712
MCP2286005T,0A5F9A3D79024FDB97B2A19957E1423E,True,POSSIBLE INJURY,NONE,LOOKED BUT DID NOT SEE,PASSENGER,MAKING LEFT TURN,North,DISABLING,40,False,False,2,7026902055532801,230073881,Montgomery County Police,Injury ,False,West,2,2,LEVEL,False,False,DRIVER,HEAD ON LEFT TURN,WET,DARK LIGHTS ON,TRAFFIC SIGNAL,INTERSECTION,T-INTERSECTION,STRAIGHT,NO DEFECTS,"TWO-WAY, NOT DIVIDED",39.11997817,-77.15995917,9696254272695630,8898024693401937,0,0,0,2023122717,7713230839137712
MCP3030005Q,F19A073F2E4C4026BFB33A49C976D109,True,NO APPARENT INJURY,UNKNOWN,UNKNOWN,TRUCK,MOVING CONSTANT SPEED,South,UNKNOWN,35,False,False,2,8168321465439775,230073885,Montgomery County Police,Property Damage ,True,South,0,1,LEVEL,False,False,DRIVER,OTHER,WET,DARK LIGHTS ON,NO CONTROLS,NON INTERSECTION,UNKNOWN,STRAIGHT,NO DEFECTS,"TWO-WAY, NOT DIVIDED",38.95697667,-77.10536,6453421282468307,286719956030257,0,0,0,2023122717,7711806238956479
MCP3030005Q,6701F66D9A3E4B499F6CF8AEB899E2C9,False,NO APPARENT INJURY,UNKNOWN,NOT DISTRACTED,TRUCK,PARKED,UNKNOWN,FUNCTIONAL,35,True,False,2,2629665684196369,230073885,Montgomery County Police,Property Damage ,True,South,0,1,LEVEL,False,False,DRIVER,OTHER,WET,DARK LIGHTS ON,NO CONTROLS,NON INTERSECTION,UNKNOWN,STRAIGHT,NO DEFECTS,"TWO-WAY, NOT DIVIDED",38.95697667,-77.10536,6453421282468307,286719956030257,0,0,0,2023122717,7711806238956479
MCP2641003R,19D0B99F1C7449A79BAFAEA34B3910A1,True,NO APPARENT INJURY,NONE,NOT DISTRACTED,PASSENGER,SKIDDING,North,DISABLING,25,False,False,1,2271652412197225,230073886,Montgomery County Police,Property Damage ,False,North,0,1,HILL UPHILL,False,False,DRIVER,SINGLE VEHICLE,WET,DARK LIGHTS ON,UNKNOWN,UNKNOWN,UNKNOWN,CURVE LEFT,NO DEFECTS,"TWO-WAY, NOT DIVIDED",39.08895,-77.04725833,6376360919158303,9734258121119663,0,0,0,2023122717,7705486039088590
MCP2799007L,28F6FCEE91EF4E44B1509E3A80EE9E4B,True,NO APPARENT INJURY,NONE,UNKNOWN,PASSENGER,MOVING CONSTANT SPEED,West,DISABLING,30,False,False,2,3915685637330121,230073884,Montgomery County Police,Property Damage ,False,West,1,4,LEVEL,False,False,DRIVER,STRAIGHT MOVEMENT ANGLE,WET,DARK LIGHTS ON,TRAFFIC SIGNAL,INTERSECTION,FOUR-WAY INTERSECTION,STRAIGHT,NO DEFECTS,"TWO-WAY, NOT DIVIDED",39.01460433,-77.05489467,6348574661209490,6001962678225396,0,0,0,2023122717,7703596439001907
MCP2799007L,22703A5DA3EA423C82CE3BE22A46A2CF,True,NO APPARENT INJURY,NONE,UNKNOWN,PASSENGER,MOVING CONSTANT SPEED,North,DISABLING,30,False,False,2,8243785727345706,230073884,Montgomery County Police,Property Damage ,False,West,1,4,LEVEL,False,False,DRIVER,STRAIGHT MOVEMENT ANGLE,WET,DARK LIGHTS ON,TRAFFIC SIGNAL,INTERSECTION,FOUR-WAY INTERSECTION,STRAIGHT,NO DEFECTS,"TWO-WAY, NOT DIVIDED",39.01460433,-77.05489467,6348574661209490,6001962678225396,0,0,0,2023122717,7703596439001907
MCP31260054,4790B3C3F9E74407B3C0D6B1F68E0857,False,POSSIBLE INJURY,NONE,NOT DISTRACTED,PASSENGER,MOVING CONSTANT SPEED,North,DESTROYED,40,False,False,2,2458098179965810,230073882,Montgomery County Police,Injury ,False,North,1,2,HILL CREST,False,False,DRIVER,STRAIGHT MOVEMENT ANGLE,WET,DARK LIGHTS ON,TRAFFIC SIGNAL,INTERSECTION,FOUR-WAY INTERSECTION,STRAIGHT,NO DEFECTS,"TWO-WAY, DIVIDED, UNPROTECTED PAINTED MIN 4 FEET",39.22306158,-77.26075706,4972572914805173,5966060817396231,0,0,0,2023122717,7728275839257602
MCP31260054,8CD696A2B3C249F5910CE7789AF18920,True,NO APPARENT INJURY,NONE,LOOKED BUT DID NOT SEE,PASSENGER,MAKING LEFT TURN,South,DESTROYED,40,False,False,2,4388222097711208,230073882,Montgomery County Police,Injury ,False,North,1,2,HILL CREST,False,False,DRIVER,STRAIGHT MOVEMENT ANGLE,WET,DARK LIGHTS ON,TRAFFIC SIGNAL,INTERSECTION,FOUR-WAY INTERSECTION,STRAIGHT,NO DEFECTS,"TWO-WAY, DIVIDED, UNPROTECTED PAINTED MIN 4 FEET",39.22306158,-77.26075706,4972572914805173,5966060817396231,0,0,0,2023122717,7728275839257602
EJ7844001P,CC9E6290D44F4A5681BCC0CD28C26F96,False,NO APPARENT INJURY,NONE,NOT DISTRACTED,PASSENGER,PARKED,UNKNOWN,SUPERFICIAL,0,True,False,2,9146895796352443,230073894,Gaithersburg Police Depar,Property Damage ,True,UNKNOWN,0,0,UNKNOWN,True,True,DRIVER,SAME DIR REAR END,UNKNOWN,DUSK,UNKNOWN,UNKNOWN,UNKNOWN,UNKNOWN,UNKNOWN,UNKNOWN,39.15423733,-77.21531125,7781945108562677,7781945108562677,0,0,0,2023122717,7722140839165105
EJ7844001P,872AABFA762C4A5B838301FC0D34B543,True,NO APPARENT INJURY,UNKNOWN,UNKNOWN,PASSENGER,BACKING,UNKNOWN,UNKNOWN,0,False,False,2,8168321465439775,230073894,Gaithersburg Police Depar,Property Damage ,True,UNKNOWN,0,0,UNKNOWN,True,True,DRIVER,SAME DIR REAR END,UNKNOWN,DUSK,UNKNOWN,UNKNOWN,UNKNOWN,UNKNOWN,UNKNOWN,UNKNOWN,39.15423733,-77.21531125,7781945108562677,7781945108562677,0,0,0,2023122717,7722140839165105
MCP3245004X,FB539DA5AD6C4CFE9904A46616F2D2E1,True,NO APPARENT INJURY,NONE,NOT DISTRACTED,PASSENGER,MOVING CONSTANT SPEED,East,DISABLING,50,False,False,1,7004010087536265,230073892,Montgomery County Police,Property Damage ,False,East,2,2,LEVEL,False,False,DRIVER,SINGLE VEHICLE,WET,DARK LIGHTS ON,NO CONTROLS,NON INTERSECTION,UNKNOWN,STRAIGHT,NO DEFECTS,"TWO-WAY, DIVIDED, UNPROTECTED PAINTED MIN 4 FEET",39.16247833,-77.14716333,6928194521054704,3457216414913442,0,0,0,2023122717,7716365739170519
MCP3192004J,880C316FFF434F2EA12F6660DF195C9F,False,NO APPARENT INJURY,NONE,UNKNOWN,PASSENGER,MOVING CONSTANT SPEED,East,FUNCTIONAL,25,False,False,2,7871367637348379,230073896,Montgomery County Police,Property Damage ,False,North,1,1,LEVEL,False,False,UNKNOWN,STRAIGHT MOVEMENT ANGLE,WET,DARK LIGHTS ON,STOP SIGN,INTERSECTION,FOUR-WAY INTERSECTION,STRAIGHT,NO DEFECTS,"TWO-WAY, DIVIDED, UNPROTECTED PAINTED MIN 4 FEET",39.04500014,-77.04812906,2407236375210454,2480366219871158,0,0,0,2023122718,7704240439043964
MCP3192004J,0778C95948DE45B3AD2E5969CABA8BC7,False,NO APPARENT INJURY,NONE,UNKNOWN,PASSENGER,MOVING CONSTANT SPEED,North,FUNCTIONAL,25,False,False,2,8141508283653898,230073896,Montgomery County Police,Property Damage ,False,North,1,1,LEVEL,False,False,UNKNOWN,STRAIGHT MOVEMENT ANGLE,WET,DARK LIGHTS ON,STOP SIGN,INTERSECTION,FOUR-WAY INTERSECTION,STRAIGHT,NO DEFECTS,"TWO-WAY, DIVIDED, UNPROTECTED PAINTED MIN 4 FEET",39.04500014,-77.04812906,2407236375210454,2480366219871158,0,0,0,2023122718,7704240439043964
MCP3262003T,D5E02568C0DB4756AA8288B04AC88842,True,NO APPARENT INJURY,UNKNOWN,UNKNOWN,PASSENGER,ACCELERATING,West,FUNCTIONAL,5,False,False,2,1032942915110160,230073905,Montgomery County Police,Property Damage ,False,North,1,1,OTHER,False,False,DRIVER,STRAIGHT MOVEMENT ANGLE,WET,DARK LIGHTS ON,STOP SIGN,NON INTERSECTION,UNKNOWN,STRAIGHT,NO DEFECTS,OTHER,39.08487283,-76.9313565,2503492495115873,3951254341375769,0,0,0,2023122719,7693347839109025
MCP3262003T,08D0E0205D1F480698FF84EEF8387970,False,NO APPARENT INJURY,NONE,NOT DISTRACTED,PASSENGER,MOVING CONSTANT SPEED,North,FUNCTIONAL,5,False,False,2,660615385035114,230073905,Montgomery County Police,Property Damage ,False,North,1,1,OTHER,False,False,DRIVER,STRAIGHT MOVEMENT ANGLE,WET,DARK LIGHTS ON,STOP SIGN,NON INTERSECTION,UNKNOWN,STRAIGHT,NO DEFECTS,OTHER,39.08487283,-76.9313565,2503492495115873,3951254341375769,0,0,0,2023122719,7693347839109025
MCP3325002P,050F849C8636468192777E9A6CF8A6C3,True,POSSIBLE INJURY,NONE,LOOKED BUT DID NOT SEE,BUS,MAKING RIGHT TURN,North,DISABLING,25,False,False,1,240722642832247,230073904,Montgomery County Police,Injury ,False,North,1,1,LEVEL,False,False,DRIVER,OTHER,WET,DARK LIGHTS ON,NO CONTROLS,OTHER,ROUNDABOUT,CURVE RIGHT,NO DEFECTS,"TWO-WAY, DIVIDED, POSITIVE MEDIAN BARRIER",39.06607183,-76.944337,3823983202032931,1121551715469239,0,0,0,2023122719,7698062539067210
MCP1233005G,96E0EBFE89BB44A4B4F54A39FA4FEDAC,True,NO APPARENT INJURY,NONE,NOT DISTRACTED,PASSENGER,STARTING FROM LANE,North,NO DAMAGE,25,False,False,1,1691124093620930,230073906,Montgomery County Police,Injury ,False,North,1,1,LEVEL,False,False,DRIVER,UNKNOWN,WET,DARK NO LIGHTS,STOP SIGN,INTERSECTION,T-INTERSECTION,STRAIGHT,NO DEFECTS,"TWO-WAY, NOT DIVIDED",38.98285333,-77.09823333,8058775334950,9003752369377532,1,1,0,2023122719,7710072538987731
MCP32490059,11366637A64D40D19FBB823A5609C84E,False,NO APPARENT INJURY,NONE,UNKNOWN,PASSENGER,MAKING LEFT TURN,East,FUNCTIONAL,35,False,False,2,3233063173565461,230073909,Montgomery County Police,Property Damage ,False,West,2,3,LEVEL,False,False,UNKNOWN,HEAD ON LEFT TURN,WET,DARK LIGHTS ON,TRAFFIC SIGNAL,INTERSECTION,T-INTERSECTION,STRAIGHT,NO DEFECTS,"TWO-WAY, DIVIDED, POSITIVE MEDIAN BARRIER",39.0821978,-76.9473571,6740740251212367,9741770548025921,0,0,0,2023122720,7698062539067210
MCP32490059,A990F8FD953E4E0092987F87928AB721,False,NO APPARENT INJURY,NONE,UNKNOWN,PASSENGER,MOVING CONSTANT SPEED,West,DISABLING,35,False,False,2,3906767796763397,230073909,Montgomery County Police,Property Damage ,False,West,2,3,LEVEL,False,False,UNKNOWN,HEAD ON LEFT TURN,WET,DARK LIGHTS ON,TRAFFIC SIGNAL,INTERSECTION,T-INTERSECTION,STRAIGHT,NO DEFECTS,"TWO-WAY, DIVIDED, POSITIVE MEDIAN BARRIER",39.0821978,-76.9473571,6740740251212367,9741770548025921,0,0,0,2023122720,7698062539067210
DM85220015,4698989DEF6D4DFE943716B790878D28,True,NO APPARENT INJURY,UNKNOWN,UNKNOWN,PASSENGER,BACKING,East,UNKNOWN,30,False,False,2,4298431620635385,230073912,Takoma Park Police Depart,Property Damage ,True,East,2,2,LEVEL,False,False,DRIVER,OTHER,WET,DARK LIGHTS ON,TRAFFIC SIGNAL,UNKNOWN,UNKNOWN,STRAIGHT,NO DEFECTS,"TWO-WAY, DIVIDED, UNPROTECTED PAINTED MIN 4 FEET",38.98948865,-76.98845029,9904038207159432,7610640354701456,0,0,0,2023122720,7700204038982546
DM85220015,3C733EC5171D492D92DD8C3C71C1DA5D,False,NO APPARENT INJURY,NONE,NOT DISTRACTED,PASSENGER,PARKED,UNKNOWN,FUNCTIONAL,30,True,False,2,3233063173565461,230073912,Takoma Park Police Depart,Property Damage ,True,East,2,2,LEVEL,False,False,DRIVER,OTHER,WET,DARK LIGHTS ON,TRAFFIC SIGNAL,UNKNOWN,UNKNOWN,STRAIGHT,NO DEFECTS,"TWO-WAY, DIVIDED, UNPROTECTED PAINTED MIN 4 FEET",38.98948865,-76.98845029,9904038207159432,7610640354701456,0,0,0,2023122720,7700204038982546
MCP2582004Y,0A8821247A2749E6A60EBA5852AAF9EE,False,NO APPARENT INJURY,NONE,NOT DISTRACTED,PASSENGER,MOVING CONSTANT SPEED,West,DISABLING,35,False,False,2,2156627407767766,230073926,Montgomery County Police,Property Damage ,False,West,1,1,GRADE DOWNHILL,False,False,DRIVER,OPPOSITE DIRECTION SIDESWIPE,WET,DARK LIGHTS ON,NO CONTROLS,NON INTERSECTION,UNKNOWN,CURVE LEFT,NO DEFECTS,"TWO-WAY, NOT DIVIDED",39.09357378,-77.03885146,1446899345320601,8911076483444405,0,0,0,2023122723,7705486039088590
MCP2582004Y,471C2F8AF306488DB5699C355BF2D1DD,True,NO APPARENT INJURY,ALCOHOL,UNKNOWN,PASSENGER,NEGOTIATING A CURVE,East,DISABLING,35,False,False,2,167655061996432,230073926,Montgomery County Police,Property Damage ,False,West,1,1,GRADE DOWNHILL,False,False,DRIVER,OPPOSITE DIRECTION SIDESWIPE,WET,DARK LIGHTS ON,NO CONTROLS,NON INTERSECTION,UNKNOWN,CURVE LEFT,NO DEFECTS,"TWO-WAY, NOT DIVIDED",39.09357378,-77.03885146,1446899345320601,8911076483444405,0,0,0,2023122723,7705486039088590
HA24930006,54B5BE9890B748319987C4A6D78FB906,True,POSSIBLE INJURY,NONE,UNKNOWN,EMERGENCY,MOVING CONSTANT SPEED,South,DISABLING,30,False,False,2,9992477417057245,23002420,Maryland-National Capital,Injury ,False,West,0,3,LEVEL,False,False,DRIVER,STRAIGHT MOVEMENT ANGLE,WET,DARK LIGHTS ON,FLASHING TRAFFIC SIGNAL,INTERSECTION,FOUR-WAY INTERSECTION,STRAIGHT,NO DEFECTS,"TWO-WAY, DIVIDED, POSITIVE MEDIAN BARRIER",39.0606398,-77.04502364,8073720238398338,670409629174736,0,0,0,2023122800,7705486039088590
HA24930006,0BF8685E2F30447E8100DB63AE4388A1,False,POSSIBLE INJURY,NONE,UNKNOWN,PASSENGER,UNKNOWN,West,DISABLING,40,False,False,2,8804540046223415,23002420,Maryland-National Capital,Injury ,False,West,0,3,LEVEL,False,False,DRIVER,STRAIGHT MOVEMENT ANGLE,WET,DARK LIGHTS ON,FLASHING TRAFFIC SIGNAL,INTERSECTION,FOUR-WAY INTERSECTION,STRAIGHT,NO DEFECTS,"TWO-WAY, DIVIDED, POSITIVE MEDIAN BARRIER",39.0606398,-77.04502364,8073720238398338,670409629174736,0,0,0,2023122800,7705486039088590
MCP3277003D,EEA9F5A55C0A49D6B44A4EEA0FDA2EF3,True,NO APPARENT INJURY,NONE,UNKNOWN,PASSENGER,SKIDDING,North,DISABLING,35,False,False,1,5345014231823395,230073934,Montgomery County Police,Property Damage ,False,East,0,3,LEVEL,False,False,DRIVER,SINGLE VEHICLE,WET,DARK LIGHTS ON,FLASHING TRAFFIC SIGNAL,INTERCHANGE RELATED,T-INTERSECTION,STRAIGHT,NO DEFECTS,"TWO-WAY, DIVIDED, POSITIVE MEDIAN BARRIER",39.15668417,-77.22449267,3572611418984580,2696403938661764,0,0,0,2023122805,7722140839165105
MCP23350024,5FBD77132D61467EBC428C9B8EC1C67A,True,SUSPECTED MINOR INJURY,NONE,NOT DISTRACTED,PASSENGER,MOVING CONSTANT SPEED,North,DISABLING,45,False,False,2,7285498184182570,230073936,Montgomery County Police,Injury ,False,North,3,3,LEVEL,False,False,DRIVER,STRAIGHT MOVEMENT ANGLE,WET,DARK LIGHTS ON,FLASHING TRAFFIC SIGNAL,INTERSECTION,FOUR-WAY INTERSECTION,STRAIGHT,NO DEFECTS,"TWO-WAY, DIVIDED, POSITIVE MEDIAN BARRIER",39.20194675,-77.25415966,6418383227647657,4231212482043262,0,0,0,2023122805,7723271939208770
MCP23350024,216D61213A2D4E4BAAD341AD93C1BFEB,False,NO APPARENT INJURY,NONE,NOT DISTRACTED,TRUCK,MOVING CONSTANT SPEED,East,DISABLING,45,False,False,2,3414161128511951,230073936,Montgomery County Police,Injury ,False,North,3,3,LEVEL,False,False,DRIVER,STRAIGHT MOVEMENT ANGLE,WET,DARK LIGHTS ON,FLASHING TRAFFIC SIGNAL,INTERSECTION,FOUR-WAY INTERSECTION,STRAIGHT,NO DEFECTS,"TWO-WAY, DIVIDED, POSITIVE MEDIAN BARRIER",39.20194675,-77.25415966,6418383227647657,4231212482043262,0,0,0,2023122805,7723271939208770
MCP29910096,F9308B5D0C72451DB77532769594EBA9,False,POSSIBLE INJURY,NONE,NOT DISTRACTED,PASSENGER,STOPPED IN TRAFFIC LANE,West,DISABLING,0,False,False,2,2855389770578551,230073938,Montgomery County Police,Injury ,False,North,1,2,LEVEL,False,False,DRIVER,OTHER,WET,DAWN,TRAFFIC SIGNAL,UNKNOWN,OTHER,STRAIGHT,NO DEFECTS,"TWO-WAY, NOT DIVIDED",39.10860717,-76.997927,8901981419077344,6740740251212367,0,0,0,2023122806,7699078639113935
MCP29910096,A22922E7DC094349B99976B367FC828C,True,NO APPARENT INJURY,NONE,NOT DISTRACTED,PASSENGER,MAKING RIGHT TURN,North,DISABLING,25,False,False,2,6014770629431343,230073938,Montgomery County Police,Injury ,False,North,1,2,LEVEL,False,False,DRIVER,OTHER,WET,DAWN,TRAFFIC SIGNAL,UNKNOWN,OTHER,STRAIGHT,NO DEFECTS,"TWO-WAY, NOT DIVIDED",39.10860717,-76.997927,8901981419077344,6740740251212367,0,0,0,2023122806,7699078639113935
MCP242500J2,B6F2CB5A2F5F4071BABB9B527E035BF6,True,NO APPARENT INJURY,NONE,LOOKED BUT DID NOT SEE,PASSENGER,MAKING LEFT TURN,West,FUNCTIONAL,35,False,False,2,8663703851190837,230073939,Montgomery County Police,Property Damage ,False,East,0,2,DIP SAG,False,False,DRIVER,STRAIGHT MOVEMENT ANGLE,WET,DARK LIGHTS ON,TRAFFIC SIGNAL,INTERSECTION,FOUR-WAY INTERSECTION,STRAIGHT,NO DEFECTS,"TWO-WAY, DIVIDED, POSITIVE MEDIAN BARRIER",39.091965,-77.07026,3786639377990067,2128650102927787,0,0,0,2023122807,7705486039088590
MCP242500J2,3CF5D250E5594FECAB110913D862C9B0,False,NO APPARENT INJURY,NONE,NOT DISTRACTED,PASSENGER,MOVING CONSTANT SPEED,East,DISABLING,35,False,False,2,8505784108384509,230073939,Montgomery County Police,Property Damage ,False,East,0,2,DIP SAG,False,False,DRIVER,STRAIGHT MOVEMENT ANGLE,WET,DARK LIGHTS ON,TRAFFIC SIGNAL,INTERSECTION,FOUR-WAY INTERSECTION,STRAIGHT,NO DEFECTS,"TWO-WAY, DIVIDED, POSITIVE MEDIAN BARRIER",39.091965,-77.07026,3786639377990067,2128650102927787,0,0,0,2023122807,7705486039088590
MCP28180051,A6CEDA65730A489D9F11FB7E9BECD2E1,True,NO APPARENT INJURY,NONE,LOOKED BUT DID NOT SEE,PASSENGER,MAKING RIGHT TURN,West,DISABLING,40,False,False,2,9465862306061401,230073940,Montgomery County Police,Property Damage ,False,West,3,3,LEVEL,False,False,DRIVER,OTHER,WET,DAWN,YIELD SIGN,INTERSECTION RELATED,OTHER,CURVE RIGHT,NO DEFECTS,OTHER,39.10382667,-77.19109333,6002228142781285,3271787103587979,0,0,0,2023122807,7718114539090864
MCP28180051,2CDD8E31F2BD4A97B547CB084C2C8E8A,False,NO APPARENT INJURY,NONE,NOT DISTRACTED,PASSENGER,MOVING CONSTANT SPEED,West,FUNCTIONAL,40,False,False,2,5150116196074725,230073940,Montgomery County Police,Property Damage ,False,West,3,3,LEVEL,False,False,DRIVER,OTHER,WET,DAWN,YIELD SIGN,INTERSECTION RELATED,OTHER,CURVE RIGHT,NO DEFECTS,OTHER,39.10382667,-77.19109333,6002228142781285,3271787103587979,0,0,0,2023122807,7718114539090864
MCP31650051,07482F82AA6C4211BDB9D120EDAC0A18,True,NO APPARENT INJURY,NONE,LOOKED BUT DID NOT SEE,PASSENGER,MOVING CONSTANT SPEED,North,DISABLING,45,False,False,2,7318984734636595,230073948,Montgomery County Police,Property Damage ,False,North,2,3,LEVEL,False,False,DRIVER,SAME DIR REAR END,WET,DAWN,NO CONTROLS,NON INTERSECTION,UNKNOWN,STRAIGHT,NO DEFECTS,"TWO-WAY, DIVIDED, POSITIVE MEDIAN BARRIER",39.07288783,-76.95576767,2620072274155517,1121551715469239,0,0,0,2023122808,7698062539067210
MCP31650051,3B224937DF4240909708400964DC4067,False,NO APPARENT INJURY,NONE,NOT DISTRACTED,TRUCK,MOVING CONSTANT SPEED,North,FUNCTIONAL,45,False,False,2,660615385035114,230073948,Montgomery County Police,Property Damage ,False,North,2,3,LEVEL,False,False,DRIVER,SAME DIR REAR END,WET,DAWN,NO CONTROLS,NON INTERSECTION,UNKNOWN,STRAIGHT,NO DEFECTS,"TWO-WAY, DIVIDED, POSITIVE MEDIAN BARRIER",39.07288783,-76.95576767,2620072274155517,1121551715469239,0,0,0,2023122808,7698062539067210
MCP28140046,DA85194D2FE946FAB0CFCA8100BAF4CB,True,NO APPARENT INJURY,NONE,NOT DISTRACTED,PASSENGER,MOVING CONSTANT SPEED,East,DISABLING,35,False,False,2,4909102112133355,230073956,Montgomery County Police,Property Damage ,False,East,0,1,GRADE DOWNHILL,False,False,DRIVER,SAME DIRECTION SIDESWIPE,WET,DAYLIGHT,NO CONTROLS,INTERCHANGE RELATED,UNKNOWN,CURVE LEFT,NO DEFECTS,UNKNOWN,39.12067291,-77.19426492,8677839148386211,9132922783441913,0,0,0,2023122809,7718751639140820
MCP28140046,D14E9A0DAB1B4C64B75429291819BC0B,False,NO APPARENT INJURY,NONE,NOT DISTRACTED,PASSENGER,PARKED,UNKNOWN,DISABLING,35,True,False,2,8865406038721857,230073956,Montgomery County Police,Property Damage ,False,East,0,1,GRADE DOWNHILL,False,False,DRIVER,SAME DIRECTION SIDESWIPE,WET,DAYLIGHT,NO CONTROLS,INTERCHANGE RELATED,UNKNOWN,CURVE LEFT,NO DEFECTS,UNKNOWN,39.12067291,-77.19426492,8677839148386211,9132922783441913,0,0,0,2023122809,7718751639140820
DD559500FJ,E1C0B406B50140748BDDCC55EF19C72E,True,NO APPARENT INJURY,NONE,UNKNOWN,UNKNOWN,MOVING CONSTANT SPEED,North,NO DAMAGE,10,False,False,1,213975767330911,230073966,Rockville Police Departme,Property Damage ,False,UNKNOWN,0,0,UNKNOWN,True,True,DRIVER,SINGLE VEHICLE,UNKNOWN,DAYLIGHT,UNKNOWN,UNKNOWN,UNKNOWN,UNKNOWN,UNKNOWN,UNKNOWN,39.11487283,-77.16336433,7781945108562677,7781945108562677,0,0,0,2023122810,7713230839137712