ReportNumber,VehicleCrashKey,DriverAtFault,DriverInjurySeverity,DriverSubstanceAbuse,DriverDistractedBy,VehicleType,VehicleMovement,VehicleGoingDir,VehicleDamageExtent,SpeedLimit,ParkedVehicle,SubstanceAbuseContributed,VehiclesCrashedTotal,VehicleKey,LocalCaseNumber,AgencyName,ACRSReportType,HitRun,LaneDirection,LaneNumber,NumberOfLanes,RoadGrade,NonTraffic,OffRoadIncident,AccidentAtFault,CollisionType,SurfaceCondition,Light,TrafficControl,Junction,IntersectionType,RoadAlignment,RoadCondition,RoadDivision,Latitude,Longitude,RoadKey,CrossStreetKey,NonMotoristTotal,NonMotoristInjury,NonMotoristFatal,DateHourKey,LocationAreaKey
MCP27710035,9A60AFCC7F8C40E188843A74593C1096,False,NO APPARENT INJURY,UNKNOWN,NOT DISTRACTED,PASSENGER,MAKING RIGHT TURN,South,DISABLING,35,False,False,2,819104261510793,230073971,Montgomery County Police,Property Damage ,False,South,3,3,GRADE DOWNHILL,False,False,DRIVER,SAME DIRECTION RIGHT TURN,WET,DAYLIGHT,NO CONTROLS,INTERSECTION,T-INTERSECTION,STRAIGHT,NO DEFECTS,"TWO-WAY, DIVIDED, POSITIVE MEDIAN BARRIER",39.08229442,-77.07967988,8554262040045692,2843299409940101,0,0,0,2023122810,7705486039088590
MCP27710035,86E7B76DE6A241F486AE4417F1B50969,True,NO APPARENT INJURY,UNKNOWN,UNKNOWN,TRUCK,MAKING RIGHT TURN,South,SUPERFICIAL,35,False,False,2,9755364676930633,230073971,Montgomery County Police,Property Damage ,False,South,3,3,GRADE DOWNHILL,False,False,DRIVER,SAME DIRECTION RIGHT TURN,WET,DAYLIGHT,NO CONTROLS,INTERSECTION,T-INTERSECTION,STRAIGHT,NO DEFECTS,"TWO-WAY, DIVIDED, POSITIVE MEDIAN BARRIER",39.08229442,-77.07967988,8554262040045692,2843299409940101,0,0,0,2023122810,7705486039088590
EJ7858008M,22C5C7702C9E4C79899C8817701B1288,True,SUSPECTED MINOR INJURY,UNKNOWN,UNKNOWN,PASSENGER,MOVING CONSTANT SPEED,South,DESTROYED,55,False,False,1,5375782886612105,230073974,Gaithersburg Police Depar,Injury ,False,East,1,2,HILL CREST,False,False,DRIVER,SINGLE VEHICLE,WET,DAYLIGHT,NO CONTROLS,NON INTERSECTION,UNKNOWN,CURVE LEFT,NO DEFECTS,ONE-WAY TRAFFICWAY,39.12048228,-77.19873338,1257986858156867,8677839148386211,0,0,0,2023122811,7724972439113159
MCP2212004Q,73BEBF2BC4334F3FA1C3B52A488C167E,False,NO APPARENT INJURY,UNKNOWN,NOT DISTRACTED,PASSENGER,MOVING CONSTANT SPEED,West,DISABLING,35,False,False,2,8243785643457611,230074008,Montgomery County Police,Property Damage ,False,West,1,1,LEVEL,False,False,DRIVER,STRAIGHT MOVEMENT ANGLE,WET,DAYLIGHT,STOP SIGN,INTERSECTION,FOUR-WAY INTERSECTION,STRAIGHT,NO DEFECTS,"TWO-WAY, NOT DIVIDED",39.11531596,-77.03670144,3786639377990067,6807725203456968,0,0,0,2023122813,7705486039088590
MCP2212004Q,0C127CADDAC6453AA44FB1D67638F5C2,True,NO APPARENT INJURY,NONE,NOT DISTRACTED,PASSENGER,MOVING CONSTANT SPEED,North,DISABLING,35,False,False,2,2126610833858974,230074008,Montgomery County Police,Property Damage ,False,West,1,1,LEVEL,False,False,DRIVER,STRAIGHT MOVEMENT ANGLE,WET,DAYLIGHT,STOP SIGN,INTERSECTION,FOUR-WAY INTERSECTION,STRAIGHT,NO DEFECTS,"TWO-WAY, NOT DIVIDED",39.11531596,-77.03670144,3786639377990067,6807725203456968,0,0,0,2023122813,7705486039088590
MCP3350002H,7691C67413724F6DB55F1242FE8558EB,True,NO APPARENT INJURY,NONE,LOOKED BUT DID NOT SEE,BUS,MOVING CONSTANT SPEED,South,SUPERFICIAL,20,False,False,1,240722642832247,230074012,Montgomery County Police,Property Damage ,False,South,1,1,GRADE DOWNHILL,False,False,DRIVER,SAME DIRECTION SIDESWIPE,DRY,DAYLIGHT,NO CONTROLS,NON INTERSECTION,UNKNOWN,STRAIGHT,NO DEFECTS,"TWO-WAY, NOT DIVIDED",38.98412667,-77.064925,7351458436426257,7506424577837673,0,0,0,2023122813,7707842038983818
EJ78980026,E005EBBBE73042E299F2F1BACDF9C1B9,True,NO APPARENT INJURY,UNKNOWN,UNKNOWN,PASSENGER,CHANGING LANES,South,UNKNOWN,30,False,False,2,114196121085717,230074010,Gaithersburg Police Depar,Property Damage ,True,South,1,2,LEVEL,False,False,DRIVER,SAME DIR REAR END,DRY,DAYLIGHT,TRAFFIC SIGNAL,INTERSECTION,FOUR-WAY INTERSECTION,STRAIGHT,NO DEFECTS,"TWO-WAY, NOT DIVIDED",39.14877518,-77.20751163,4972572914805173,2002984095283941,0,0,0,2023122814,7718751639140820
EJ78980026,01B5111F609648FEA7E017CEC03A3718,False,NO APPARENT INJURY,NONE,NOT DISTRACTED,PASSENGER,STOPPED IN TRAFFIC LANE,South,SUPERFICIAL,30,False,False,2,8224256070751890,230074010,Gaithersburg Police Depar,Property Damage ,True,South,1,2,LEVEL,False,False,DRIVER,SAME DIR REAR END,DRY,DAYLIGHT,TRAFFIC SIGNAL,INTERSECTION,FOUR-WAY INTERSECTION,STRAIGHT,NO DEFECTS,"TWO-WAY, NOT DIVIDED",39.14877518,-77.20751163,4972572914805173,2002984095283941,0,0,0,2023122814,7718751639140820
MCP3170003T,80334BC4C3DD402FB83276F31651A050,True,NO APPARENT INJURY,UNKNOWN,UNKNOWN,PASSENGER,ACCELERATING,North,FUNCTIONAL,30,False,False,2,7871367587015522,230074035,Montgomery County Police,Property Damage ,True,North,1,1,LEVEL,False,False,DRIVER,SAME DIR REAR END,DRY,DAYLIGHT,STOP SIGN,UNKNOWN,T-INTERSECTION,STRAIGHT,NO DEFECTS,"TWO-WAY, NOT DIVIDED",39.18954202,-77.26788361,9479366963455254,4847500645087310,0,0,0,2023122815,7729807639132189
MCP3170003T,4E5B747CE42443B88E1719CB398D277D,False,NO APPARENT INJURY,NONE,NOT DISTRACTED,PASSENGER,STOPPED IN TRAFFIC LANE,North,SUPERFICIAL,30,False,False,2,5457129227402383,230074035,Montgomery County Police,Property Damage ,True,North,1,1,LEVEL,False,False,DRIVER,SAME DIR REAR END,DRY,DAYLIGHT,STOP SIGN,UNKNOWN,T-INTERSECTION,STRAIGHT,NO DEFECTS,"TWO-WAY, NOT DIVIDED",39.18954202,-77.26788361,9479366963455254,4847500645087310,0,0,0,2023122815,7729807639132189
MCP3244002X,5F41030293274D4B9D4D99CADDEDC8D2,False,NO APPARENT INJURY,NONE,NOT DISTRACTED,PASSENGER,PARKED,UNKNOWN,SUPERFICIAL,25,True,False,2,7449897554959015,230074019,Montgomery County Police,Property Damage ,False,East,1,1,LEVEL,False,False,DRIVER,SAME DIRECTION SIDESWIPE,DRY,DAYLIGHT,NO CONTROLS,UNKNOWN,UNKNOWN,STRAIGHT,NO DEFECTS,"TWO-WAY, NOT DIVIDED",38.99475202,-77.02433504,6732058886739677,2565745431328008,0,0,0,2023122815,7703596439001907
MCP3244002X,5A7BA3C0E6804FF89BE0175FF13FE918,True,NO APPARENT INJURY,NONE,NOT DISTRACTED,BUS,MOVING CONSTANT SPEED,East,NO DAMAGE,25,False,False,2,6259949909495943,230074019,Montgomery County Police,Property Damage ,False,East,1,1,LEVEL,False,False,DRIVER,SAME DIRECTION SIDESWIPE,DRY,DAYLIGHT,NO CONTROLS,UNKNOWN,UNKNOWN,STRAIGHT,NO DEFECTS,"TWO-WAY, NOT DIVIDED",38.99475202,-77.02433504,6732058886739677,2565745431328008,0,0,0,2023122815,7703596439001907
MCP31930059,9413855E33684F749E40B850E9CFA784,True,POSSIBLE INJURY,NONE,LOOKED BUT DID NOT SEE,PASSENGER,MAKING LEFT TURN,West,DESTROYED,25,False,False,2,2815627401561042,230074045,Montgomery County Police,Injury ,False,South,2,3,LEVEL,False,False,DRIVER,STRAIGHT MOVEMENT ANGLE,DRY,DARK LIGHTS ON,TRAFFIC SIGNAL,INTERSECTION,FOUR-WAY INTERSECTION,STRAIGHT,NO DEFECTS,"TWO-WAY, NOT DIVIDED",39.04283833,-77.05219667,8554262040045692,7567271927470179,0,0,0,2023122817,7704240439043964
MCP31930059,8C6B8B01190B4E5BB56564F41225F424,False,NO APPARENT INJURY,NONE,NOT DISTRACTED,PASSENGER,MOVING CONSTANT SPEED,South,FUNCTIONAL,25,False,False,2,869295622334414,230074045,Montgomery County Police,Injury ,False,South,2,3,LEVEL,False,False,DRIVER,STRAIGHT MOVEMENT ANGLE,DRY,DARK LIGHTS ON,TRAFFIC SIGNAL,INTERSECTION,FOUR-WAY INTERSECTION,STRAIGHT,NO DEFECTS,"TWO-WAY, NOT DIVIDED",39.04283833,-77.05219667,8554262040045692,7567271927470179,0,0,0,2023122817,7704240439043964
MCP3295003H,C039429CD7E1482B95942797BC5F5136,False,POSSIBLE INJURY,NONE,NOT DISTRACTED,EMERGENCY,UNKNOWN,West,DISABLING,45,False,False,2,5952593311845853,230074051,Montgomery County Police,Injury ,True,West,0,2,LEVEL,False,False,UNKNOWN,STRAIGHT MOVEMENT ANGLE,DRY,DARK LIGHTS ON,TRAFFIC SIGNAL,INTERSECTION,T-INTERSECTION,CURVE RIGHT,NO DEFECTS,"TWO-WAY, DIVIDED, POSITIVE MEDIAN BARRIER",39.10666767,-76.91951117,5022807666112091,6918399743072657,0,0,0,2023122818,7693347839109025
MCP3295003H,324C91EDCC5E47A097FCC8A57C82A636,False,NO APPARENT INJURY,NONE,UNKNOWN,PASSENGER,MAKING U TURN,North,FUNCTIONAL,45,False,False,2,799640462991912,230074051,Montgomery County Police,Injury ,True,West,0,2,LEVEL,False,False,UNKNOWN,STRAIGHT MOVEMENT ANGLE,DRY,DARK LIGHTS ON,TRAFFIC SIGNAL,INTERSECTION,T-INTERSECTION,CURVE RIGHT,NO DEFECTS,"TWO-WAY, DIVIDED, POSITIVE MEDIAN BARRIER",39.10666767,-76.91951117,5022807666112091,6918399743072657,0,0,0,2023122818,7693347839109025
MCP3360001F,41EDDA79180A4DF287320D2B4A605ABD,True,NO APPARENT INJURY,NONE,UNKNOWN,PASSENGER,MOVING CONSTANT SPEED,North,DISABLING,35,False,False,1,5912941451009384,230074056,Montgomery County Police,Property Damage ,False,South,3,4,LEVEL,False,False,DRIVER,SINGLE VEHICLE,DRY,DARK LIGHTS ON,TRAFFIC SIGNAL,INTERSECTION,FOUR-WAY INTERSECTION,STRAIGHT,NO DEFECTS,"TWO-WAY, DIVIDED, UNPROTECTED PAINTED MIN 4 FEET",39.15064833,-77.17465,4810614249402166,6327735360341145,0,0,0,2023122819,7718751639140820
DM8494003P,3123292EA04E454099106E019AFA5A87,False,NO APPARENT INJURY,UNKNOWN,NOT DISTRACTED,PASSENGER,MOVING CONSTANT SPEED,West,DISABLING,25,False,False,2,2815627468671518,230074062,Takoma Park Police Depart,Property Damage ,False,UNKNOWN,2,2,LEVEL,False,False,DRIVER,STRAIGHT MOVEMENT ANGLE,DRY,DARK LIGHTS ON,TRAFFIC SIGNAL,INTERSECTION,T-INTERSECTION,STRAIGHT,NO DEFECTS,OTHER,39.05575817,-77.14993583,7053241971029489,9223427877673206,0,0,0,2023122819,7712482939051552
DM8494003P,503AAB15FC724A328408BB9F75CA12E8,True,NO APPARENT INJURY,UNKNOWN,UNKNOWN,PASSENGER,MAKING RIGHT TURN,West,SUPERFICIAL,25,False,False,2,660615385035114,230074062,Takoma Park Police Depart,Property Damage ,False,UNKNOWN,2,2,LEVEL,False,False,DRIVER,STRAIGHT MOVEMENT ANGLE,DRY,DARK LIGHTS ON,TRAFFIC SIGNAL,INTERSECTION,T-INTERSECTION,STRAIGHT,NO DEFECTS,OTHER,39.05575817,-77.14993583,7053241971029489,9223427877673206,0,0,0,2023122819,7712482939051552
HA23250003,474B79719DCE4FC4BF5B3144281C3E51,True,NO APPARENT INJURY,UNKNOWN,NOT DISTRACTED,PASSENGER,MOVING CONSTANT SPEED,North,DISABLING,25,False,False,1,2534137744596170,23002427,Maryland-National Capital,Property Damage ,False,UNKNOWN,0,0,UNKNOWN,True,True,DRIVER,SINGLE VEHICLE,UNKNOWN,DARK NO LIGHTS,UNKNOWN,UNKNOWN,UNKNOWN,UNKNOWN,UNKNOWN,UNKNOWN,39.20637517,-77.28360217,7781945108562677,7781945108562677,0,0,0,2023122820,7732651739188276
MCP3037005Q,E2E2752FC9A84FC9BD6DD64CC825A796,True,NO APPARENT INJURY,NONE,UNKNOWN,PASSENGER,MAKING RIGHT TURN,North,DISABLING,40,False,False,1,7285498184182570,230074072,Montgomery County Police,Property Damage ,False,East,1,1,LEVEL,False,False,DRIVER,SINGLE VEHICLE,DRY,DARK LIGHTS ON,NO CONTROLS,OTHER,FOUR-WAY INTERSECTION,STRAIGHT,NO DEFECTS,"TWO-WAY, DIVIDED, UNPROTECTED PAINTED MIN 4 FEET",39.15888833,-77.27485167,278210474574513,7771692879388507,0,0,0,2023122820,7729807639132189
MCP291400FD,D7D99E7E4FBD498A943CF61A8D664C0A,True,NO APPARENT INJURY,UNKNOWN,NOT DISTRACTED,PASSENGER,MOVING CONSTANT SPEED,North,DISABLING,40,False,False,2,2031471001618657,230074078,Montgomery County Police,Injury ,False,North,1,3,LEVEL,False,False,DRIVER,SAME DIR REAR END,UNKNOWN,DARK LIGHTS ON,TRAFFIC SIGNAL,INTERSECTION,FOUR-WAY INTERSECTION,CURVE RIGHT,NO DEFECTS,"TWO-WAY, DIVIDED, POSITIVE MEDIAN BARRIER",39.02225822,-76.9773771,8901981419077344,2567472143707400,0,0,0,2023122822,7698354239018293
MCP291400FD,DA8A2032B3B8471ABE3988364D6622E6,False,POSSIBLE INJURY,UNKNOWN,NOT DISTRACTED,PASSENGER,STOPPED IN TRAFFIC LANE,North,FUNCTIONAL,40,False,False,2,1032942915110160,230074078,Montgomery County Police,Injury ,False,North,1,3,LEVEL,False,False,DRIVER,SAME DIR REAR END,UNKNOWN,DARK LIGHTS ON,TRAFFIC SIGNAL,INTERSECTION,FOUR-WAY INTERSECTION,CURVE RIGHT,NO DEFECTS,"TWO-WAY, DIVIDED, POSITIVE MEDIAN BARRIER",39.02225822,-76.9773771,8901981419077344,2567472143707400,0,0,0,2023122822,7698354239018293
DD5662000P,B685B275E4F0416FAE267B39483259D9,True,NO APPARENT INJURY,UNKNOWN,NOT DISTRACTED,EMERGENCY,MOVING CONSTANT SPEED,West,DESTROYED,35,False,False,2,2717602851729964,230074099,Rockville Police Departme,Property Damage ,False,North,1,2,LEVEL,False,False,DRIVER,STRAIGHT MOVEMENT ANGLE,DRY,DAWN,UNKNOWN,INTERSECTION RELATED,FOUR-WAY INTERSECTION,CURVE LEFT,NO DEFECTS,"TWO-WAY, NOT DIVIDED WITH A CONTINUOUS LEFT TURN",39.08141708,-77.14587713,5925405510732472,9290911226978796,0,0,0,2023122904,7712482939051552
DD5662000P,FF41EFBB08CB48AFA080709EC99B22B7,False,NO APPARENT INJURY,UNKNOWN,NOT DISTRACTED,PASSENGER,MOVING CONSTANT SPEED,South,DESTROYED,35,False,False,2,4940576635323255,230074099,Rockville Police Departme,Property Damage ,False,North,1,2,LEVEL,False,False,DRIVER,STRAIGHT MOVEMENT ANGLE,DRY,DAWN,UNKNOWN,INTERSECTION RELATED,FOUR-WAY INTERSECTION,CURVE LEFT,NO DEFECTS,"TWO-WAY, NOT DIVIDED WITH A CONTINUOUS LEFT TURN",39.08141708,-77.14587713,5925405510732472,9290911226978796,0,0,0,2023122904,7712482939051552
MCP29650082,25BAB50B17A64088B0A69797331BE78F,True,NO APPARENT INJURY,UNKNOWN,UNKNOWN,PASSENGER,MOVING CONSTANT SPEED,West,FUNCTIONAL,35,False,False,1,1143200118883287,230074101,Montgomery County Police,Property Damage ,True,West,1,2,LEVEL,False,False,DRIVER,SAME DIRECTION SIDESWIPE,DRY,DARK NO LIGHTS,NO CONTROLS,UNKNOWN,UNKNOWN,STRAIGHT,NO DEFECTS,"TWO-WAY, NOT DIVIDED",39.15704703,-77.0944876,5627623198537131,3460682847122812,0,0,0,2023122905,7707322739151114
EJ7887003P,19171B5522BA4F8B9A578040384ECC63,True,SUSPECTED MINOR INJURY,NONE,NOT DISTRACTED,PASSENGER,MOVING CONSTANT SPEED,South,DISABLING,35,False,False,2,1704977963173118,230074110,Gaithersburg Police Depar,Injury ,False,South,2,3,LEVEL,False,False,DRIVER,SAME DIR REAR END,DRY,DAYLIGHT,TRAFFIC SIGNAL,INTERSECTION,FOUR-WAY INTERSECTION,STRAIGHT,NO DEFECTS,"TWO-WAY, DIVIDED, POSITIVE MEDIAN BARRIER",39.16138315,-77.22316582,4972572914805173,873974809789905,0,0,0,2023122908,7722140839165105
EJ7887003P,A367020F87654FC89CB9FD1DF946DF2D,False,POSSIBLE INJURY,NONE,NOT DISTRACTED,PASSENGER,STOPPED IN TRAFFIC LANE,South,FUNCTIONAL,35,False,False,2,582567308549091,230074110,Gaithersburg Police Depar,Injury ,False,South,2,3,LEVEL,False,False,DRIVER,SAME DIR REAR END,DRY,DAYLIGHT,TRAFFIC SIGNAL,INTERSECTION,FOUR-WAY INTERSECTION,STRAIGHT,NO DEFECTS,"TWO-WAY, DIVIDED, POSITIVE MEDIAN BARRIER",39.16138315,-77.22316582,4972572914805173,873974809789905,0,0,0,2023122908,7722140839165105
MCP3362002H,026186BB576E4EF697D0670ED266FE94,True,NO APPARENT INJURY,NONE,NOT DISTRACTED,BUS,MOVING CONSTANT SPEED,North,NO DAMAGE,25,False,False,1,240722642832247,230073958,Montgomery County Police,Property Damage ,True,North,1,2,LEVEL,False,False,DRIVER,SAME DIRECTION SIDESWIPE,DRY,DAYLIGHT,NO CONTROLS,NON INTERSECTION,UNKNOWN,STRAIGHT,NO DEFECTS,"TWO-WAY, NOT DIVIDED",39.02101389,-76.98851561,2068490210450865,959644771489243,0,0,0,2023122909,7698354239018293
MCP27710036,03806D85928E40B99FF6773EBB104BCD,True,NO APPARENT INJURY,UNKNOWN,NOT DISTRACTED,PASSENGER,BACKING,South,SUPERFICIAL,5,False,False,2,9233316803815771,230074140,Montgomery County Police,Injury ,False,UNKNOWN,0,0,UNKNOWN,True,True,DRIVER,OTHER,UNKNOWN,DAYLIGHT,NO CONTROLS,UNKNOWN,UNKNOWN,UNKNOWN,UNKNOWN,UNKNOWN,39.07949327,-77.07962236,7781945108562677,7781945108562677,0,0,0,2023122910,7705486039088590
MCP27710036,AB0E0F94EC8A4332BC32587750E2B3CC,False,POSSIBLE INJURY,UNKNOWN,NOT DISTRACTED,PASSENGER,PARKED,UNKNOWN,SUPERFICIAL,0,True,False,2,6148504713162879,230074140,Montgomery County Police,Injury ,False,UNKNOWN,0,0,UNKNOWN,True,True,DRIVER,OTHER,UNKNOWN,DAYLIGHT,NO CONTROLS,UNKNOWN,UNKNOWN,UNKNOWN,UNKNOWN,UNKNOWN,39.07949327,-77.07962236,7781945108562677,7781945108562677,0,0,0,2023122910,7705486039088590
EJ7887003Q,82ED056D33FA44A5AA2B8DCE653FA03C,False,SUSPECTED MINOR INJURY,NONE,NOT DISTRACTED,PASSENGER,MOVING CONSTANT SPEED,South,FUNCTIONAL,35,False,False,2,1691124060065692,230074270,Gaithersburg Police Depar,Injury ,False,South,1,1,LEVEL,False,False,DRIVER,SAME DIR REAR END,DRY,DAYLIGHT,TRAFFIC SIGNAL,INTERSECTION,FOUR-WAY INTERSECTION,STRAIGHT,NO DEFECTS,"TWO-WAY, DIVIDED, POSITIVE MEDIAN BARRIER",39.12357374,-77.231769,7771692879388507,2123523869737848,0,0,0,2023122912,7724972439113159
EJ7887003Q,04B387D7FE5C47B4802A7C8448274F4B,True,NO APPARENT INJURY,NONE,NOT DISTRACTED,PASSENGER,MOVING CONSTANT SPEED,South,FUNCTIONAL,35,False,False,2,6621362205061847,230074270,Gaithersburg Police Depar,Injury ,False,South,1,1,LEVEL,False,False,DRIVER,SAME DIR REAR END,DRY,DAYLIGHT,TRAFFIC SIGNAL,INTERSECTION,FOUR-WAY INTERSECTION,STRAIGHT,NO DEFECTS,"TWO-WAY, DIVIDED, POSITIVE MEDIAN BARRIER",39.12357374,-77.231769,7771692879388507,2123523869737848,0,0,0,2023122912,7724972439113159
MCP28440079,28713BBB07C947EE814800997E63937A,True,NO APPARENT INJURY,UNKNOWN,UNKNOWN,PASSENGER,MOVING CONSTANT SPEED,East,DISABLING,20,False,False,1,3625279918226139,230074136,Montgomery County Police,Property Damage ,False,East,1,1,LEVEL,False,False,DRIVER,SINGLE VEHICLE,DRY,DAYLIGHT,NO CONTROLS,NON INTERSECTION,UNKNOWN,STRAIGHT,NO DEFECTS,"TWO-WAY, NOT DIVIDED",39.09639833,-77.04576067,8903437844932022,868715363744692,0,0,0,2023122912,7705486039088590
MCP23390095,F9B07C3B2CA0461EB52F92CD089977C8,True,NO APPARENT INJURY,UNKNOWN,UNKNOWN,PASSENGER,MOVING CONSTANT SPEED,East,SUPERFICIAL,35,False,False,2,5082261840683242,230074166,Montgomery County Police,Property Damage ,True,East,2,2,LEVEL,False,False,DRIVER,SAME DIRECTION SIDESWIPE,DRY,DAYLIGHT,TRAFFIC SIGNAL,INTERSECTION RELATED,FOUR-WAY INTERSECTION,STRAIGHT,NO DEFECTS,"TWO-WAY, DIVIDED, UNPROTECTED PAINTED MIN 4 FEET",39.09307459,-77.13163664,3086430250072733,7712343743385758,0,0,0,2023122914,7718114539090864
MCP23390095,9C4658AE962D4CF494D04018EFE116C2,False,NO APPARENT INJURY,NONE,NOT DISTRACTED,PASSENGER,MOVING CONSTANT SPEED,East,SUPERFICIAL,35,False,False,2,2390807627662842,230074166,Montgomery County Police,Property Damage ,True,East,2,2,LEVEL,False,False,DRIVER,SAME DIRECTION SIDESWIPE,DRY,DAYLIGHT,TRAFFIC SIGNAL,INTERSECTION RELATED,FOUR-WAY INTERSECTION,STRAIGHT,NO DEFECTS,"TWO-WAY, DIVIDED, UNPROTECTED PAINTED MIN 4 FEET",39.09307459,-77.13163664,3086430250072733,7712343743385758,0,0,0,2023122914,7718114539090864
MCP3256002S,8F378403FBF54534B71F33112F41FEE0,False,NO APPARENT INJURY,NONE,NOT DISTRACTED,PASSENGER,MOVING CONSTANT SPEED,East,SUPERFICIAL,35,False,False,2,7026902021977563,230074164,Montgomery County Police,Property Damage ,False,East,1,2,LEVEL,False,False,DRIVER,SAME DIRECTION SIDESWIPE,DRY,DAYLIGHT,NO CONTROLS,NON INTERSECTION,UNKNOWN,STRAIGHT,NO DEFECTS,"TWO-WAY, DIVIDED, POSITIVE MEDIAN BARRIER",39.05551653,-76.95693135,6287500801377704,9640507258968368,0,0,0,2023122914,7698062539067210
MCP3256002S,7367FE3081D84CB580561D23CA78D352,True,NO APPARENT INJURY,NONE,LOOKED BUT DID NOT SEE,PASSENGER,CHANGING LANES,East,SUPERFICIAL,35,False,False,2,1683704608418854,230074164,Montgomery County Police,Property Damage ,False,East,1,2,LEVEL,False,False,DRIVER,SAME DIRECTION SIDESWIPE,DRY,DAYLIGHT,NO CONTROLS,NON INTERSECTION,UNKNOWN,STRAIGHT,NO DEFECTS,"TWO-WAY, DIVIDED, POSITIVE MEDIAN BARRIER",39.05551653,-76.95693135,6287500801377704,9640507258968368,0,0,0,2023122914,7698062539067210
EJ78520094,71605C2B8F904A3087F888A83918CF41,False,NO APPARENT INJURY,NONE,UNKNOWN,PASSENGER,UNKNOWN,UNKNOWN,FUNCTIONAL,35,False,False,2,8801448080678520,230074177,Gaithersburg Police Depar,Property Damage ,False,North,1,2,UNKNOWN,False,False,UNKNOWN,OTHER,DRY,DAYLIGHT,NO CONTROLS,INTERSECTION,OTHER,UNKNOWN,NO DEFECTS,"TWO-WAY, DIVIDED, UNPROTECTED PAINTED MIN 4 FEET",39.14573628,-77.21984113,5149059297554549,1106859133456978,0,0,0,2023122916,7724972439113159
EJ78520094,A161AAB51EC74E1F961A518B6932B9EE,False,NO APPARENT INJURY,NONE,UNKNOWN,PASSENGER,UNKNOWN,UNKNOWN,FUNCTIONAL,35,False,False,2,3233063173565461,230074177,Gaithersburg Police Depar,Property Damage ,False,North,1,2,UNKNOWN,False,False,UNKNOWN,OTHER,DRY,DAYLIGHT,NO CONTROLS,INTERSECTION,OTHER,UNKNOWN,NO DEFECTS,"TWO-WAY, DIVIDED, UNPROTECTED PAINTED MIN 4 FEET",39.14573628,-77.21984113,5149059297554549,1106859133456978,0,0,0,2023122916,7724972439113159
MCP23390096,0032A1F2FAEE4F1AB76D2024B581852F,True,NO APPARENT INJURY,UNKNOWN,UNKNOWN,PASSENGER,PARKING,UNKNOWN,SUPERFICIAL,15,False,False,1,6326503226202740,230074180,Montgomery County Police,Property Damage ,True,UNKNOWN,0,0,UNKNOWN,True,True,DRIVER,OTHER,UNKNOWN,DAYLIGHT,NO CONTROLS,UNKNOWN,UNKNOWN,UNKNOWN,UNKNOWN,UNKNOWN,39.1015629,-77.0749518,7781945108562677,7781945108562677,0,0,0,2023122916,7705486039088590
MCP3123006Q,F511AF2EB5FB47F6B646D441067A01F9,False,NO APPARENT INJURY,UNKNOWN,LOOKED BUT DID NOT SEE,PASSENGER,MAKING LEFT TURN,South,SUPERFICIAL,30,False,False,1,8243785576347135,230074174,Montgomery County Police,Injury ,False,East,1,2,LEVEL,False,False,NONMOTORIST,STRAIGHT MOVEMENT ANGLE,DRY,DAYLIGHT,TRAFFIC SIGNAL,INTERSECTION,FOUR-WAY INTERSECTION,STRAIGHT,NO DEFECTS,"TWO-WAY, DIVIDED, POSITIVE MEDIAN BARRIER",39.09868686,-77.20405464,7334938358929457,2029323678496395,1,1,0,2023122916,7718114539090864
MCP2583003S,DF8F53C627DC42B482BB6F3503D7433E,True,SUSPECTED MINOR INJURY,UNKNOWN,UNKNOWN,PASSENGER,UNKNOWN,West,DESTROYED,30,False,False,1,4058961255486042,230074198,Montgomery County Police,Injury ,False,North,1,2,LEVEL,False,False,DRIVER,SINGLE VEHICLE,DRY,DAYLIGHT,UNKNOWN,NON INTERSECTION,UNKNOWN,STRAIGHT,NO DEFECTS,"TWO-WAY, NOT DIVIDED",39.14009241,-77.48402152,1927230650470366,5074731094088738,0,0,0,2023122916,7743621739190007
MCP3145004L,7788EC33B74E4A4F8245B1185C2962BD,False,NO APPARENT INJURY,NONE,NOT DISTRACTED,PASSENGER,MOVING CONSTANT SPEED,North,DISABLING,35,False,False,2,9180769659544903,230074187,Montgomery County Police,Property Damage ,False,North,2,3,LEVEL,False,False,DRIVER,STRAIGHT MOVEMENT ANGLE,DRY,DARK LIGHTS ON,TRAFFIC SIGNAL,INTERSECTION,FOUR-WAY INTERSECTION,STRAIGHT,NO DEFECTS,"TWO-WAY, DIVIDED, POSITIVE MEDIAN BARRIER",39.0261865,-77.020099,5963249679537482,5352152355981673,0,0,0,2023122917,7700923739021308
MCP3145004L,2FE4B78FEC9041FAB67E9A9B519010EE,True,NO APPARENT INJURY,NONE,INATTENTIVE OR LOST IN THOUGHT,PASSENGER,MAKING LEFT TURN,South,FUNCTIONAL,35,False,False,2,7285498200960189,230074187,Montgomery County Police,Property Damage ,False,North,2,3,LEVEL,False,False,DRIVER,STRAIGHT MOVEMENT ANGLE,DRY,DARK LIGHTS ON,TRAFFIC SIGNAL,INTERSECTION,FOUR-WAY INTERSECTION,STRAIGHT,NO DEFECTS,"TWO-WAY, DIVIDED, POSITIVE MEDIAN BARRIER",39.0261865,-77.020099,5963249679537482,5352152355981673,0,0,0,2023122917,7700923739021308